
/*!40101 SET @OLD_CHARACTER_SET_CLIENT=@@CHARACTER_SET_CLIENT */;
/*!40101 SET @OLD_CHARACTER_SET_RESULTS=@@CHARACTER_SET_RESULTS */;
/*!40101 SET @OLD_COLLATION_CONNECTION=@@COLLATION_CONNECTION */;
/*!50503 SET NAMES utf8mb4 */;
/*!40103 SET @OLD_TIME_ZONE=@@TIME_ZONE */;
/*!40103 SET TIME_ZONE='+00:00' */;
/*!40014 SET @OLD_UNIQUE_CHECKS=@@UNIQUE_CHECKS, UNIQUE_CHECKS=0 */;
/*!40014 SET @OLD_FOREIGN_KEY_CHECKS=@@FOREIGN_KEY_CHECKS, FOREIGN_KEY_CHECKS=0 */;
/*!40101 SET @OLD_SQL_MODE=@@SQL_MODE, SQL_MODE='NO_AUTO_VALUE_ON_ZERO' */;
/*!40111 SET @OLD_SQL_NOTES=@@SQL_NOTES, SQL_NOTES=0 */;
DROP TABLE IF EXISTS `assigned_frontdesks`;
/*!40101 SET @saved_cs_client     = @@character_set_client */;
/*!50503 SET character_set_client = utf8mb4 */;
CREATE TABLE `assigned_frontdesks` (
  `id` bigint unsigned NOT NULL AUTO_INCREMENT,
  `branch_id` bigint unsigned NOT NULL,
  `user_id` bigint unsigned NOT NULL,
  `frontdesk_id` bigint unsigned NOT NULL,
  `created_at` timestamp NULL DEFAULT NULL,
  `updated_at` timestamp NULL DEFAULT NULL,
  PRIMARY KEY (`id`)
) ENGINE=InnoDB DEFAULT CHARSET=utf8mb4 COLLATE=utf8mb4_unicode_ci;
/*!40101 SET character_set_client = @saved_cs_client */;

LOCK TABLES `assigned_frontdesks` WRITE;
/*!40000 ALTER TABLE `assigned_frontdesks` DISABLE KEYS */;
/*!40000 ALTER TABLE `assigned_frontdesks` ENABLE KEYS */;
UNLOCK TABLES;
DROP TABLE IF EXISTS `branches`;
/*!40101 SET @saved_cs_client     = @@character_set_client */;
/*!50503 SET character_set_client = utf8mb4 */;
CREATE TABLE `branches` (
  `id` bigint unsigned NOT NULL AUTO_INCREMENT,
  `name` varchar(255) COLLATE utf8mb4_unicode_ci NOT NULL,
  `address` varchar(255) COLLATE utf8mb4_unicode_ci DEFAULT NULL,
  `autorization_code` varchar(255) COLLATE utf8mb4_unicode_ci DEFAULT NULL,
  `old_autorization` varchar(255) COLLATE utf8mb4_unicode_ci DEFAULT NULL,
  `extension_time_reset` int DEFAULT NULL,
  `created_at` timestamp NULL DEFAULT NULL,
  `updated_at` timestamp NULL DEFAULT NULL,
  PRIMARY KEY (`id`)
) ENGINE=InnoDB AUTO_INCREMENT=2 DEFAULT CHARSET=utf8mb4 COLLATE=utf8mb4_unicode_ci;
/*!40101 SET character_set_client = @saved_cs_client */;

LOCK TABLES `branches` WRITE;
/*!40000 ALTER TABLE `branches` DISABLE KEYS */;
INSERT INTO `branches` VALUES (1,'ALMA RESIDENCES GENSAN','Brgy. 1, Gensan, South Cotabato','12345',NULL,24,'2024-06-10 13:43:51','2024-06-10 13:43:51');
/*!40000 ALTER TABLE `branches` ENABLE KEYS */;
UNLOCK TABLES;
DROP TABLE IF EXISTS `check_out_guest_reports`;
/*!40101 SET @saved_cs_client     = @@character_set_client */;
/*!50503 SET character_set_client = utf8mb4 */;
CREATE TABLE `check_out_guest_reports` (
  `id` bigint unsigned NOT NULL AUTO_INCREMENT,
  `room_id` bigint unsigned NOT NULL,
  `checkin_details_id` bigint unsigned NOT NULL,
  `shift_date` varchar(255) COLLATE utf8mb4_unicode_ci NOT NULL,
  `shift` varchar(255) COLLATE utf8mb4_unicode_ci NOT NULL,
  `frontdesk_id` int NOT NULL,
  `partner_name` varchar(255) COLLATE utf8mb4_unicode_ci NOT NULL,
  `created_at` timestamp NULL DEFAULT NULL,
  `updated_at` timestamp NULL DEFAULT NULL,
  PRIMARY KEY (`id`)
) ENGINE=InnoDB AUTO_INCREMENT=48 DEFAULT CHARSET=utf8mb4 COLLATE=utf8mb4_unicode_ci;
/*!40101 SET character_set_client = @saved_cs_client */;

LOCK TABLES `check_out_guest_reports` WRITE;
/*!40000 ALTER TABLE `check_out_guest_reports` DISABLE KEYS */;
INSERT INTO `check_out_guest_reports` VALUES (1,89,9,'June 10, 2024','AM',1,'.','2024-06-12 10:19:24','2024-06-12 10:19:24'),(2,88,5,'June 10, 2024','AM',1,'.','2024-06-12 10:19:46','2024-06-12 10:19:46'),(3,11,4,'June 10, 2024','AM',1,'.','2024-06-12 10:44:43','2024-06-12 10:44:43'),(4,33,1,'June 10, 2024','AM',1,'.','2024-06-13 10:03:28','2024-06-13 10:03:28'),(5,2,2,'June 10, 2024','AM',1,'.','2024-06-13 10:03:39','2024-06-13 10:03:39'),(6,4,6,'June 10, 2024','AM',1,'.','2024-06-13 10:03:55','2024-06-13 10:03:55'),(7,171,7,'June 10, 2024','AM',1,'.','2024-06-13 10:03:59','2024-06-13 10:03:59'),(8,49,8,'June 10, 2024','AM',1,'.','2024-06-13 10:04:04','2024-06-13 10:04:04'),(9,6,3,'June 10, 2024','AM',1,'.','2024-06-13 10:06:58','2024-06-13 10:06:58'),(10,5,12,'June 10, 2024','AM',1,'.','2024-06-13 12:38:57','2024-06-13 12:38:57'),(11,1,15,'June 10, 2024','AM',1,'.','2024-06-13 12:50:48','2024-06-13 12:50:48'),(12,130,18,'June 10, 2024','AM',1,'.','2024-06-13 13:10:19','2024-06-13 13:10:19'),(13,15,11,'June 10, 2024','AM',1,'.','2024-06-13 13:21:03','2024-06-13 13:21:03'),(14,39,14,'June 10, 2024','AM',1,'.','2024-06-13 13:54:26','2024-06-13 13:54:26'),(15,131,17,'June 10, 2024','AM',1,'.','2024-06-13 14:32:56','2024-06-13 14:32:56'),(16,12,10,'June 10, 2024','AM',1,'.','2024-06-13 20:55:12','2024-06-13 20:55:12'),(17,40,13,'June 10, 2024','AM',1,'.','2024-06-13 20:55:21','2024-06-13 20:55:21'),(18,205,16,'June 10, 2024','AM',1,'.','2025-02-09 16:58:25','2025-02-09 16:58:25'),(19,48,19,'June 10, 2024','AM',1,'.','2025-03-17 10:30:35','2025-03-17 10:30:35'),(20,1,20,'June 10, 2024','AM',1,'.','2025-03-17 13:53:33','2025-03-17 13:53:33'),(21,172,21,'June 10, 2024','AM',1,'.','2025-03-17 15:11:14','2025-03-17 15:11:14'),(22,10,22,'June 10, 2024','AM',1,'.','2025-03-17 15:26:02','2025-03-17 15:26:02'),(23,22,23,'June 10, 2024','AM',1,'.','2025-03-17 15:26:09','2025-03-17 15:26:09'),(24,18,24,'June 10, 2024','AM',1,'.','2025-03-17 15:26:14','2025-03-17 15:26:14'),(25,1,25,'June 10, 2024','AM',1,'.','2025-03-17 15:29:38','2025-03-17 15:29:38'),(26,11,69,'June 10, 2024','AM',1,'.','2025-03-18 16:07:11','2025-03-18 16:07:11'),(27,25,44,'June 10, 2024','AM',1,'.','2025-03-18 16:09:06','2025-03-18 16:09:06'),(28,140,29,'June 10, 2024','AM',1,'.','2025-03-18 16:09:32','2025-03-18 16:09:32'),(29,32,43,'June 10, 2024','AM',1,'.','2025-03-18 16:13:44','2025-03-18 16:13:44'),(30,27,49,'June 10, 2024','AM',1,'.','2025-03-18 16:22:45','2025-03-18 16:22:45'),(31,28,50,'June 10, 2024','AM',1,'.','2025-03-18 16:22:53','2025-03-18 16:22:53'),(32,29,52,'June 10, 2024','AM',1,'.','2025-03-18 16:49:03','2025-03-18 16:49:03'),(33,69,55,'June 10, 2024','AM',1,'.','2025-03-18 19:35:41','2025-03-18 19:35:41'),(34,31,56,'June 10, 2024','AM',1,'.','2025-03-18 19:35:46','2025-03-18 19:35:46'),(35,35,58,'June 10, 2024','AM',1,'.','2025-03-18 19:35:53','2025-03-18 19:35:53'),(36,98,59,'June 10, 2024','AM',1,'.','2025-03-18 19:35:59','2025-03-18 19:35:59'),(37,36,60,'June 10, 2024','AM',1,'.','2025-03-18 19:36:05','2025-03-18 19:36:05'),(38,102,61,'June 10, 2024','AM',1,'.','2025-03-18 19:36:10','2025-03-18 19:36:10'),(39,37,62,'June 10, 2024','AM',1,'.','2025-03-18 19:36:15','2025-03-18 19:36:15'),(40,38,64,'June 10, 2024','AM',1,'.','2025-03-18 19:36:20','2025-03-18 19:36:20'),(41,109,65,'June 10, 2024','AM',1,'.','2025-03-18 19:36:27','2025-03-18 19:36:27'),(42,141,67,'June 10, 2024','AM',1,'.','2025-03-18 19:36:33','2025-03-18 19:36:33'),(43,30,53,'June 10, 2024','AM',1,'.','2025-03-18 19:59:55','2025-03-18 19:59:55'),(44,49,68,'June 10, 2024','AM',1,'.','2025-03-19 08:42:13','2025-03-19 08:42:13'),(45,48,70,'June 10, 2024','AM',1,'.','2025-03-19 08:43:54','2025-03-19 08:43:54'),(46,8,32,'June 10, 2024','AM',1,'.','2025-03-19 09:22:51','2025-03-19 09:22:51'),(47,106,63,'June 10, 2024','AM',1,'.','2025-03-19 11:37:17','2025-03-19 11:37:17');
/*!40000 ALTER TABLE `check_out_guest_reports` ENABLE KEYS */;
UNLOCK TABLES;
DROP TABLE IF EXISTS `checkin_details`;
/*!40101 SET @saved_cs_client     = @@character_set_client */;
/*!50503 SET character_set_client = utf8mb4 */;
CREATE TABLE `checkin_details` (
  `id` bigint unsigned NOT NULL AUTO_INCREMENT,
  `guest_id` bigint unsigned NOT NULL,
  `type_id` bigint unsigned NOT NULL,
  `room_id` bigint unsigned NOT NULL,
  `rate_id` bigint unsigned NOT NULL,
  `static_amount` int NOT NULL,
  `hours_stayed` int NOT NULL,
  `total_deposit` int DEFAULT NULL,
  `total_deduction` int NOT NULL DEFAULT '0',
  `check_in_at` datetime NOT NULL,
  `check_out_at` datetime NOT NULL,
  `is_check_out` tinyint(1) NOT NULL DEFAULT '0',
  `is_long_stay` tinyint(1) NOT NULL,
  `number_of_hours` int NOT NULL DEFAULT '0',
  `created_at` timestamp NULL DEFAULT NULL,
  `updated_at` timestamp NULL DEFAULT NULL,
  PRIMARY KEY (`id`)
) ENGINE=InnoDB AUTO_INCREMENT=73 DEFAULT CHARSET=utf8mb4 COLLATE=utf8mb4_unicode_ci;
/*!40101 SET character_set_client = @saved_cs_client */;

LOCK TABLES `checkin_details` WRITE;
/*!40000 ALTER TABLE `checkin_details` DISABLE KEYS */;
INSERT INTO `checkin_details` VALUES (1,1,1,33,4,280,6,720,520,'2024-06-10 14:36:34','2024-06-11 02:36:34',1,0,12,'2024-06-10 14:36:34','2024-06-13 10:03:28'),(2,2,2,2,8,448,12,500,0,'2024-06-10 14:39:46','2024-06-11 02:39:46',1,0,12,'2024-06-10 14:39:46','2024-06-13 10:03:39'),(3,8,3,6,8,448,12,552,0,'2024-06-11 12:27:33','2024-06-12 00:27:33',1,0,12,'2024-06-11 12:27:33','2024-06-13 10:06:58'),(4,7,2,11,5,392,12,200,0,'2024-06-11 12:27:54','2024-06-12 00:27:54',1,0,12,'2024-06-11 12:27:54','2024-06-12 10:44:43'),(5,6,1,88,2,336,12,201,0,'2024-06-11 12:29:13','2024-06-12 00:29:13',1,0,12,'2024-06-11 12:29:13','2024-06-12 10:19:46'),(6,5,2,4,7,336,6,964,20,'2024-06-11 12:35:46','2024-06-11 18:35:46',1,0,18,'2024-06-11 12:35:46','2024-06-13 10:03:55'),(7,4,1,171,4,280,6,720,0,'2024-06-11 12:36:20','2024-06-11 18:36:20',1,0,18,'2024-06-11 12:36:20','2024-06-13 10:03:59'),(8,3,1,49,1,224,6,776,0,'2024-06-11 12:36:36','2024-06-11 18:36:36',1,0,18,'2024-06-11 12:36:36','2024-06-13 10:04:04'),(9,9,1,89,1,224,6,1276,0,'2024-06-12 07:35:28','2024-06-12 13:35:28',1,0,18,'2024-06-12 07:35:28','2024-06-12 10:19:24'),(10,18,2,12,9,672,24,328,0,'2024-06-13 10:07:18','2024-06-14 10:07:18',1,0,0,'2024-06-13 10:07:18','2024-06-13 20:55:12'),(11,17,3,15,8,448,12,552,160,'2024-06-13 10:07:29','2024-06-14 16:07:29',1,0,18,'2024-06-13 10:07:29','2024-06-13 13:21:03'),(12,16,1,5,7,336,6,664,410,'2024-06-13 10:07:38','2024-06-13 22:07:38',1,0,12,'2024-06-13 10:07:38','2024-06-13 12:38:57'),(13,15,2,40,6,616,24,384,0,'2024-06-13 10:07:47','2024-06-14 10:07:47',1,0,0,'2024-06-13 10:07:47','2024-06-13 20:55:21'),(14,14,2,39,5,392,12,608,238,'2024-06-13 10:07:56','2024-06-13 22:07:56',1,0,12,'2024-06-13 10:07:56','2024-06-13 13:54:26'),(15,13,2,1,4,280,6,1296,400,'2024-06-13 10:08:05','2024-06-14 16:08:05',1,0,18,'2024-06-13 10:08:05','2024-06-13 12:50:48'),(16,12,1,205,3,560,24,440,0,'2024-06-13 10:08:11','2024-06-14 10:08:11',1,0,0,'2024-06-13 10:08:11','2025-02-09 16:58:25'),(17,11,1,131,2,336,12,664,0,'2024-06-13 10:08:20','2024-06-13 22:08:20',1,0,12,'2024-06-13 10:08:20','2024-06-13 14:32:56'),(18,10,1,130,1,224,6,776,200,'2024-06-13 10:08:31','2024-06-13 22:08:31',1,0,12,'2024-06-13 10:08:31','2024-06-13 13:10:19'),(19,19,1,48,3,560,24,250,0,'2025-03-17 10:25:06','2025-03-18 10:25:06',1,0,0,'2025-03-17 10:25:06','2025-03-17 10:30:35'),(20,20,2,1,4,280,6,200,0,'2025-03-17 13:44:59','2025-03-17 19:44:59',1,0,18,'2025-03-17 13:44:59','2025-03-17 13:53:33'),(21,21,1,172,3,560,24,480,150,'2025-03-17 14:12:46','2025-03-18 14:12:46',1,0,0,'2025-03-17 14:12:46','2025-03-17 15:11:14'),(22,22,3,10,7,336,6,200,0,'2025-03-17 14:53:55','2025-03-17 20:53:55',1,0,18,'2025-03-17 14:53:55','2025-03-17 15:26:02'),(23,23,2,22,4,280,6,200,0,'2025-03-17 14:54:06','2025-03-17 20:54:06',1,0,18,'2025-03-17 14:54:06','2025-03-17 15:26:09'),(24,24,3,18,7,336,6,200,0,'2025-03-17 15:21:33','2025-03-17 21:21:33',1,0,18,'2025-03-17 15:21:33','2025-03-17 15:26:14'),(25,25,2,1,4,280,6,200,0,'2025-03-17 15:29:17','2025-03-17 21:29:17',1,0,18,'2025-03-17 15:29:17','2025-03-17 15:29:38'),(26,26,2,41,6,616,24,200,0,'2025-03-18 15:11:25','2025-03-19 15:11:25',0,0,0,'2025-03-18 15:11:25','2025-03-18 15:11:25'),(29,29,3,140,7,336,6,200,0,'2025-03-18 15:13:18','2025-03-18 21:13:18',1,0,18,'2025-03-18 15:13:18','2025-03-18 16:09:32'),(31,31,1,34,6,616,24,200,0,'2025-03-18 15:17:23','2025-03-19 15:17:23',0,0,0,'2025-03-18 15:17:23','2025-03-19 09:20:20'),(32,32,2,8,5,392,12,1200,640,'2025-03-18 15:17:37','2025-03-19 03:17:37',1,0,12,'2025-03-18 15:17:37','2025-03-19 09:22:51'),(33,33,2,43,6,616,24,200,0,'2025-03-18 15:17:56','2025-03-19 15:17:56',0,0,0,'2025-03-18 15:17:56','2025-03-19 09:23:26'),(34,34,2,13,6,616,24,384,0,'2025-03-18 15:18:08','2025-03-19 15:18:08',0,0,0,'2025-03-18 15:18:08','2025-03-18 15:18:08'),(35,35,2,16,6,616,24,200,0,'2025-03-18 15:25:17','2025-03-19 15:25:17',0,0,0,'2025-03-18 15:25:17','2025-03-18 15:25:17'),(37,37,2,17,6,616,24,200,0,'2025-03-18 15:25:57','2025-03-19 15:25:57',0,0,0,'2025-03-18 15:25:57','2025-03-18 15:25:57'),(38,38,2,19,6,616,24,200,0,'2025-03-18 15:26:11','2025-03-19 15:26:11',0,0,0,'2025-03-18 15:26:11','2025-03-18 15:26:11'),(39,39,2,21,6,616,24,384,0,'2025-03-18 15:27:45','2025-03-19 15:27:45',0,0,0,'2025-03-18 15:27:45','2025-03-18 15:27:45'),(40,40,2,21,6,616,24,384,0,'2025-03-18 15:28:14','2025-03-19 15:28:14',0,0,0,'2025-03-18 15:28:14','2025-03-18 15:28:14'),(41,41,2,23,6,616,24,200,0,'2025-03-18 15:28:35','2025-03-19 15:28:35',0,0,0,'2025-03-18 15:28:35','2025-03-18 15:28:35'),(42,42,2,24,6,616,24,200,0,'2025-03-18 15:28:43','2025-03-19 15:28:43',0,0,0,'2025-03-18 15:28:43','2025-03-18 15:28:43'),(43,43,2,32,4,280,6,200,0,'2025-03-18 15:28:54','2025-03-18 21:28:54',1,0,18,'2025-03-18 15:28:54','2025-03-18 16:13:44'),(44,44,2,25,4,280,6,200,0,'2025-03-18 15:29:09','2025-03-18 21:29:09',1,0,18,'2025-03-18 15:29:09','2025-03-18 16:09:06'),(46,46,3,59,9,672,24,200,0,'2025-03-18 15:29:46','2025-03-19 15:29:46',0,0,0,'2025-03-18 15:29:46','2025-03-18 15:29:46'),(47,47,2,26,4,280,6,200,0,'2025-03-18 15:30:58','2025-03-18 21:30:58',0,0,18,'2025-03-18 15:30:58','2025-03-18 15:30:58'),(48,48,3,62,9,672,24,200,0,'2025-03-18 15:31:06','2025-03-19 15:31:06',0,0,0,'2025-03-18 15:31:06','2025-03-18 15:31:06'),(49,49,2,27,4,280,6,200,0,'2025-03-18 15:31:14','2025-03-18 21:31:14',1,0,18,'2025-03-18 15:31:14','2025-03-18 16:22:45'),(50,50,2,28,4,280,6,200,0,'2025-03-18 15:31:21','2025-03-18 21:31:21',1,0,18,'2025-03-18 15:31:21','2025-03-18 16:22:53'),(51,52,3,66,9,672,24,200,0,'2025-03-18 15:31:28','2025-03-19 15:31:28',0,0,0,'2025-03-18 15:31:28','2025-03-18 15:31:28'),(52,51,2,29,4,280,6,200,0,'2025-03-18 15:31:35','2025-03-18 21:31:35',1,0,18,'2025-03-18 15:31:35','2025-03-18 16:49:03'),(53,53,2,30,4,280,6,200,0,'2025-03-18 15:31:44','2025-03-19 03:31:44',1,0,12,'2025-03-18 15:31:44','2025-03-18 19:59:55'),(55,55,3,69,7,336,6,200,0,'2025-03-18 15:32:05','2025-03-18 21:32:05',1,0,18,'2025-03-18 15:32:05','2025-03-18 19:35:41'),(56,56,2,31,4,280,6,200,0,'2025-03-18 15:32:11','2025-03-18 21:32:11',1,0,18,'2025-03-18 15:32:11','2025-03-18 19:35:46'),(58,58,2,35,4,280,6,200,0,'2025-03-18 15:32:26','2025-03-18 21:32:26',1,0,18,'2025-03-18 15:32:26','2025-03-18 19:35:53'),(59,59,3,98,7,336,6,200,0,'2025-03-18 15:32:34','2025-03-18 21:32:34',1,0,18,'2025-03-18 15:32:34','2025-03-18 19:35:59'),(60,60,2,36,4,280,6,200,0,'2025-03-18 15:33:44','2025-03-18 21:33:44',1,0,18,'2025-03-18 15:33:44','2025-03-18 19:36:05'),(61,61,3,102,7,336,6,200,0,'2025-03-18 15:33:51','2025-03-18 21:33:51',1,0,18,'2025-03-18 15:33:51','2025-03-18 19:36:10'),(62,62,2,37,4,280,6,200,0,'2025-03-18 15:33:58','2025-03-18 21:33:58',1,0,18,'2025-03-18 15:33:58','2025-03-18 19:36:15'),(63,63,3,106,8,448,12,200,0,'2025-03-18 15:34:06','2025-03-19 03:34:06',1,0,12,'2025-03-18 15:34:06','2025-03-19 11:37:17'),(64,64,2,38,4,280,6,200,0,'2025-03-18 15:34:12','2025-03-18 21:34:12',1,0,18,'2025-03-18 15:34:12','2025-03-18 19:36:20'),(65,65,3,109,7,336,6,200,0,'2025-03-18 15:34:19','2025-03-18 21:34:19',1,0,18,'2025-03-18 15:34:19','2025-03-18 19:36:27'),(67,67,3,141,7,336,6,200,0,'2025-03-18 15:34:33','2025-03-18 21:34:33',1,0,18,'2025-03-18 15:34:33','2025-03-18 19:36:33'),(68,68,1,49,10,450,18,1550,0,'2025-03-18 16:02:31','2025-03-19 10:02:31',1,0,6,'2025-03-18 16:02:31','2025-03-19 08:42:13'),(69,69,2,11,1,225,6,775,555,'2025-03-18 16:03:09','2025-03-19 04:03:09',1,0,12,'2025-03-18 16:03:09','2025-03-18 16:07:11'),(70,72,1,48,1,225,6,200,0,'2025-03-19 08:41:30','2025-03-19 14:41:30',1,0,18,'2025-03-19 08:41:30','2025-03-19 08:43:54'),(71,73,3,144,11,589,18,200,0,'2025-03-19 08:43:47','2025-03-20 02:43:47',0,0,6,'2025-03-19 08:43:47','2025-03-19 08:43:47'),(72,74,2,11,6,616,24,200,0,'2025-04-29 15:36:23','2025-04-30 15:36:23',0,0,0,'2025-04-29 15:36:23','2025-04-29 15:36:23');
/*!40000 ALTER TABLE `checkin_details` ENABLE KEYS */;
UNLOCK TABLES;
DROP TABLE IF EXISTS `cleaning_histories`;
/*!40101 SET @saved_cs_client     = @@character_set_client */;
/*!50503 SET character_set_client = utf8mb4 */;
CREATE TABLE `cleaning_histories` (
  `id` bigint unsigned NOT NULL AUTO_INCREMENT,
  `user_id` bigint unsigned NOT NULL,
  `room_id` bigint unsigned NOT NULL,
  `floor_id` bigint unsigned NOT NULL,
  `branch_id` bigint unsigned NOT NULL,
  `start_time` varchar(255) COLLATE utf8mb4_unicode_ci NOT NULL,
  `end_time` varchar(255) COLLATE utf8mb4_unicode_ci NOT NULL,
  `current_assigned_floor_id` tinyint(1) NOT NULL,
  `expected_end_time` varchar(255) COLLATE utf8mb4_unicode_ci NOT NULL,
  `cleaning_duration` varchar(255) COLLATE utf8mb4_unicode_ci NOT NULL,
  `delayed_cleaning` tinyint(1) NOT NULL,
  `created_at` timestamp NULL DEFAULT NULL,
  `updated_at` timestamp NULL DEFAULT NULL,
  PRIMARY KEY (`id`)
) ENGINE=InnoDB AUTO_INCREMENT=27 DEFAULT CHARSET=utf8mb4 COLLATE=utf8mb4_unicode_ci;
/*!40101 SET character_set_client = @saved_cs_client */;

LOCK TABLES `cleaning_histories` WRITE;
/*!40000 ALTER TABLE `cleaning_histories` DISABLE KEYS */;
INSERT INTO `cleaning_histories` VALUES (1,7,1,1,1,'2024-06-10 15:28:51','2024-06-10 16:48:50',0,'2024-06-10 17:38:21','79',0,'2024-06-10 16:48:50','2024-06-10 16:48:50'),(2,7,1,1,1,'2024-06-11 13:11:25','2024-06-11 13:34:00',0,'2024-06-11 16:10:25','22',0,'2024-06-11 13:34:00','2024-06-11 13:34:00'),(3,7,48,2,1,'2024-06-11 13:34:18','2024-06-13 20:54:02',0,'2024-06-11 16:33:46','3319',1,'2024-06-13 20:54:02','2024-06-13 20:54:02'),(4,7,1,1,1,'2024-06-19 09:47:50','2025-03-17 13:43:11',0,'2024-06-13 15:50:48','390475',1,'2025-03-17 13:43:11','2025-03-17 13:43:11'),(5,7,2,1,1,'2025-03-17 13:47:49','2025-03-17 14:31:44',0,'2024-06-13 13:03:39','43',1,'2025-03-17 14:31:44','2025-03-17 14:31:44'),(6,7,1,1,1,'2025-03-17 14:31:57','2025-03-17 15:13:44',0,'2025-03-17 16:53:33','41',0,'2025-03-17 15:13:44','2025-03-17 15:13:44'),(7,7,49,2,1,'2025-03-17 15:17:29','2025-03-18 15:31:14',1,'2024-06-13 13:04:04','1453',1,'2025-03-18 15:31:14','2025-03-18 15:31:14'),(8,9,11,1,1,'2025-03-18 15:37:34','2025-03-18 15:57:01',1,'2024-06-12 13:44:43','19',1,'2025-03-18 15:57:01','2025-03-18 15:57:01'),(9,7,48,2,1,'2025-03-18 15:31:20','2025-03-18 16:15:28',0,'2025-03-17 13:30:35','44',1,'2025-03-18 16:15:28','2025-03-18 16:15:28'),(10,9,4,1,1,'2025-03-18 15:57:13','2025-03-18 16:15:55',1,'2024-06-13 13:03:55','18',1,'2025-03-18 16:15:55','2025-03-18 16:15:55'),(11,10,1,1,1,'2025-03-18 16:01:11','2025-03-18 16:16:15',0,'2025-03-17 18:29:38','15',1,'2025-03-18 16:16:15','2025-03-18 16:16:15'),(12,11,5,1,1,'2025-03-18 16:01:36','2025-03-18 16:16:44',0,'2024-06-13 15:38:57','15',1,'2025-03-18 16:16:44','2025-03-18 16:16:44'),(13,7,6,1,1,'2025-03-18 16:15:32','2025-03-18 16:31:55',1,'2024-06-13 13:06:58','16',1,'2025-03-18 16:31:55','2025-03-18 16:31:55'),(14,9,7,1,1,'2025-03-18 16:15:59','2025-03-18 16:45:23',1,'2024-06-13 15:35:00','29',1,'2025-03-18 16:45:23','2025-03-18 16:45:23'),(15,10,10,1,1,'2025-03-18 16:16:20','2025-03-18 16:46:48',0,'2025-03-17 18:26:02','30',1,'2025-03-18 16:46:48','2025-03-18 16:46:48'),(16,11,11,1,1,'2025-03-18 16:16:48','2025-03-18 16:48:05',0,'2025-03-18 19:07:11','31',0,'2025-03-18 16:48:05','2025-03-18 16:48:05'),(17,7,15,1,1,'2025-03-18 16:31:59','2025-03-18 16:49:40',1,'2024-06-13 16:21:03','17',1,'2025-03-18 16:49:40','2025-03-18 16:49:40'),(18,7,40,1,1,'2025-03-18 16:49:44','2025-03-18 19:33:47',1,'2024-06-13 23:55:21','164',1,'2025-03-18 19:33:47','2025-03-18 19:33:47'),(19,9,39,1,1,'2025-03-18 16:45:39','2025-03-18 19:34:29',1,'2024-06-13 16:54:26','168',1,'2025-03-18 19:34:29','2025-03-18 19:34:29'),(20,11,18,1,1,'2025-03-18 16:48:28','2025-03-18 19:38:47',0,'2025-03-17 18:26:14','170',1,'2025-03-18 19:38:47','2025-03-18 19:38:47'),(21,10,12,1,1,'2025-03-18 16:46:52','2025-03-18 19:39:12',0,'2024-06-13 23:55:11','172',1,'2025-03-18 19:39:12','2025-03-18 19:39:12'),(22,7,22,1,1,'2025-03-18 19:33:53','2025-03-19 08:21:58',1,'2025-03-17 18:26:09','768',1,'2025-03-19 08:21:58','2025-03-19 08:21:58'),(23,7,32,1,1,'2025-03-19 08:26:13','2025-03-19 08:45:09',1,'2025-03-18 19:13:44','18',1,'2025-03-19 08:45:09','2025-03-19 08:45:09'),(24,9,33,1,1,'2025-03-18 19:34:38','2025-03-19 08:53:22',1,'2025-03-18 19:04:56','798',1,'2025-03-19 08:53:22','2025-03-19 08:53:22'),(25,10,25,1,1,'2025-03-18 19:39:17','2025-03-19 08:54:05',0,'2025-03-18 19:09:06','794',1,'2025-03-19 08:54:05','2025-03-19 08:54:05'),(26,9,28,1,1,'2025-03-19 08:53:36','2025-03-19 09:26:20',1,'2025-03-18 19:22:53','32',1,'2025-03-19 09:26:20','2025-03-19 09:26:20');
/*!40000 ALTER TABLE `cleaning_histories` ENABLE KEYS */;
UNLOCK TABLES;
DROP TABLE IF EXISTS `discounts`;
/*!40101 SET @saved_cs_client     = @@character_set_client */;
/*!50503 SET character_set_client = utf8mb4 */;
CREATE TABLE `discounts` (
  `id` bigint unsigned NOT NULL AUTO_INCREMENT,
  `branch_id` bigint unsigned NOT NULL,
  `name` varchar(255) COLLATE utf8mb4_unicode_ci NOT NULL,
  `description` varchar(255) COLLATE utf8mb4_unicode_ci DEFAULT NULL,
  `amount` int NOT NULL,
  `is_percentage` tinyint(1) NOT NULL,
  `is_available` tinyint(1) NOT NULL DEFAULT '1',
  `created_at` timestamp NULL DEFAULT NULL,
  `updated_at` timestamp NULL DEFAULT NULL,
  PRIMARY KEY (`id`)
) ENGINE=InnoDB AUTO_INCREMENT=3 DEFAULT CHARSET=utf8mb4 COLLATE=utf8mb4_unicode_ci;
/*!40101 SET character_set_client = @saved_cs_client */;

LOCK TABLES `discounts` WRITE;
/*!40000 ALTER TABLE `discounts` DISABLE KEYS */;
INSERT INTO `discounts` VALUES (1,1,'PWD','Person with disability',15,1,1,'2024-07-24 07:58:10','2024-07-24 07:58:21'),(2,1,'SC','Senior Citizen',15,1,1,'2025-03-17 15:05:11','2025-03-17 15:06:05');
/*!40000 ALTER TABLE `discounts` ENABLE KEYS */;
UNLOCK TABLES;
DROP TABLE IF EXISTS `expense_categories`;
/*!40101 SET @saved_cs_client     = @@character_set_client */;
/*!50503 SET character_set_client = utf8mb4 */;
CREATE TABLE `expense_categories` (
  `id` bigint unsigned NOT NULL AUTO_INCREMENT,
  `branch_id` bigint unsigned NOT NULL,
  `name` varchar(255) COLLATE utf8mb4_unicode_ci NOT NULL,
  `created_at` timestamp NULL DEFAULT NULL,
  `updated_at` timestamp NULL DEFAULT NULL,
  PRIMARY KEY (`id`)
) ENGINE=InnoDB DEFAULT CHARSET=utf8mb4 COLLATE=utf8mb4_unicode_ci;
/*!40101 SET character_set_client = @saved_cs_client */;

LOCK TABLES `expense_categories` WRITE;
/*!40000 ALTER TABLE `expense_categories` DISABLE KEYS */;
/*!40000 ALTER TABLE `expense_categories` ENABLE KEYS */;
UNLOCK TABLES;
DROP TABLE IF EXISTS `expenses`;
/*!40101 SET @saved_cs_client     = @@character_set_client */;
/*!50503 SET character_set_client = utf8mb4 */;
CREATE TABLE `expenses` (
  `id` bigint unsigned NOT NULL AUTO_INCREMENT,
  `name` varchar(255) COLLATE utf8mb4_unicode_ci NOT NULL,
  `expense_category_id` bigint unsigned NOT NULL,
  `description` varchar(255) COLLATE utf8mb4_unicode_ci DEFAULT NULL,
  `amount` varchar(255) COLLATE utf8mb4_unicode_ci NOT NULL,
  `created_at` timestamp NULL DEFAULT NULL,
  `updated_at` timestamp NULL DEFAULT NULL,
  PRIMARY KEY (`id`)
) ENGINE=InnoDB DEFAULT CHARSET=utf8mb4 COLLATE=utf8mb4_unicode_ci;
/*!40101 SET character_set_client = @saved_cs_client */;

LOCK TABLES `expenses` WRITE;
/*!40000 ALTER TABLE `expenses` DISABLE KEYS */;
/*!40000 ALTER TABLE `expenses` ENABLE KEYS */;
UNLOCK TABLES;
DROP TABLE IF EXISTS `extended_guest_reports`;
/*!40101 SET @saved_cs_client     = @@character_set_client */;
/*!50503 SET character_set_client = utf8mb4 */;
CREATE TABLE `extended_guest_reports` (
  `id` bigint unsigned NOT NULL AUTO_INCREMENT,
  `branch_id` bigint unsigned NOT NULL,
  `room_id` bigint unsigned NOT NULL,
  `checkin_details_id` bigint unsigned NOT NULL,
  `number_of_extension` int NOT NULL,
  `total_hours` int NOT NULL,
  `shift` varchar(255) COLLATE utf8mb4_unicode_ci NOT NULL,
  `frontdesk_id` int NOT NULL,
  `partner_name` varchar(255) COLLATE utf8mb4_unicode_ci NOT NULL,
  `created_at` timestamp NULL DEFAULT NULL,
  `updated_at` timestamp NULL DEFAULT NULL,
  PRIMARY KEY (`id`)
) ENGINE=InnoDB AUTO_INCREMENT=8 DEFAULT CHARSET=utf8mb4 COLLATE=utf8mb4_unicode_ci;
/*!40101 SET character_set_client = @saved_cs_client */;

LOCK TABLES `extended_guest_reports` WRITE;
/*!40000 ALTER TABLE `extended_guest_reports` DISABLE KEYS */;
INSERT INTO `extended_guest_reports` VALUES (1,1,33,1,1,6,'AM',1,'.','2024-06-11 00:58:15','2024-06-11 00:58:15'),(2,1,5,12,1,6,'AM',1,'.','2024-06-13 12:35:22','2024-06-13 12:35:22'),(3,1,1,15,1,24,'AM',1,'.','2024-06-13 12:39:21','2024-06-13 12:39:21'),(4,1,130,18,1,6,'AM',1,'.','2024-06-13 12:57:40','2024-06-13 12:57:40'),(5,1,15,11,1,18,'AM',1,'.','2024-06-13 13:11:18','2024-06-13 13:11:18'),(6,1,11,69,1,6,'AM',1,'.','2025-03-18 16:05:17','2025-03-18 16:05:17'),(7,1,30,53,1,6,'AM',1,'.','2025-03-18 16:50:01','2025-03-18 16:50:01');
/*!40000 ALTER TABLE `extended_guest_reports` ENABLE KEYS */;
UNLOCK TABLES;
DROP TABLE IF EXISTS `extension_rates`;
/*!40101 SET @saved_cs_client     = @@character_set_client */;
/*!50503 SET character_set_client = utf8mb4 */;
CREATE TABLE `extension_rates` (
  `id` bigint unsigned NOT NULL AUTO_INCREMENT,
  `branch_id` bigint unsigned NOT NULL,
  `hour` int NOT NULL,
  `amount` int NOT NULL,
  `created_at` timestamp NULL DEFAULT NULL,
  `updated_at` timestamp NULL DEFAULT NULL,
  PRIMARY KEY (`id`)
) ENGINE=InnoDB AUTO_INCREMENT=6 DEFAULT CHARSET=utf8mb4 COLLATE=utf8mb4_unicode_ci;
/*!40101 SET character_set_client = @saved_cs_client */;

LOCK TABLES `extension_rates` WRITE;
/*!40000 ALTER TABLE `extension_rates` DISABLE KEYS */;
INSERT INTO `extension_rates` VALUES (1,1,6,100,'2024-06-10 13:43:52','2024-06-10 13:43:52'),(2,1,12,200,'2024-06-10 13:43:52','2024-06-10 13:43:52'),(3,1,18,400,'2024-06-10 13:43:52','2024-06-10 13:43:52'),(4,1,24,500,'2024-06-10 13:43:52','2024-06-10 13:43:52');
/*!40000 ALTER TABLE `extension_rates` ENABLE KEYS */;
UNLOCK TABLES;
DROP TABLE IF EXISTS `failed_jobs`;
/*!40101 SET @saved_cs_client     = @@character_set_client */;
/*!50503 SET character_set_client = utf8mb4 */;
CREATE TABLE `failed_jobs` (
  `id` bigint unsigned NOT NULL AUTO_INCREMENT,
  `uuid` varchar(255) COLLATE utf8mb4_unicode_ci NOT NULL,
  `connection` text COLLATE utf8mb4_unicode_ci NOT NULL,
  `queue` text COLLATE utf8mb4_unicode_ci NOT NULL,
  `payload` longtext COLLATE utf8mb4_unicode_ci NOT NULL,
  `exception` longtext COLLATE utf8mb4_unicode_ci NOT NULL,
  `failed_at` timestamp NOT NULL DEFAULT CURRENT_TIMESTAMP,
  PRIMARY KEY (`id`),
  UNIQUE KEY `failed_jobs_uuid_unique` (`uuid`)
) ENGINE=InnoDB DEFAULT CHARSET=utf8mb4 COLLATE=utf8mb4_unicode_ci;
/*!40101 SET character_set_client = @saved_cs_client */;

LOCK TABLES `failed_jobs` WRITE;
/*!40000 ALTER TABLE `failed_jobs` DISABLE KEYS */;
/*!40000 ALTER TABLE `failed_jobs` ENABLE KEYS */;
UNLOCK TABLES;
DROP TABLE IF EXISTS `floors`;
/*!40101 SET @saved_cs_client     = @@character_set_client */;
/*!50503 SET character_set_client = utf8mb4 */;
CREATE TABLE `floors` (
  `id` bigint unsigned NOT NULL AUTO_INCREMENT,
  `branch_id` bigint unsigned NOT NULL,
  `number` int NOT NULL,
  `created_at` timestamp NULL DEFAULT NULL,
  `updated_at` timestamp NULL DEFAULT NULL,
  PRIMARY KEY (`id`)
) ENGINE=InnoDB AUTO_INCREMENT=7 DEFAULT CHARSET=utf8mb4 COLLATE=utf8mb4_unicode_ci;
/*!40101 SET character_set_client = @saved_cs_client */;

LOCK TABLES `floors` WRITE;
/*!40000 ALTER TABLE `floors` DISABLE KEYS */;
INSERT INTO `floors` VALUES (1,1,1,'2024-06-10 13:43:51','2024-06-10 13:43:51'),(2,1,2,'2024-06-10 13:43:51','2024-06-10 13:43:51'),(3,1,3,'2024-06-10 13:43:51','2024-06-10 13:43:51'),(4,1,4,'2024-06-10 13:43:51','2024-06-10 13:43:51'),(5,1,5,'2024-06-10 13:43:51','2024-06-10 13:43:51'),(6,1,6,'2025-02-09 16:54:52','2025-02-09 16:54:52');
/*!40000 ALTER TABLE `floors` ENABLE KEYS */;
UNLOCK TABLES;
DROP TABLE IF EXISTS `frontdesk_categories`;
/*!40101 SET @saved_cs_client     = @@character_set_client */;
/*!50503 SET character_set_client = utf8mb4 */;
CREATE TABLE `frontdesk_categories` (
  `id` bigint unsigned NOT NULL AUTO_INCREMENT,
  `branch_id` bigint unsigned NOT NULL,
  `name` varchar(255) COLLATE utf8mb4_unicode_ci NOT NULL,
  `created_at` timestamp NULL DEFAULT NULL,
  `updated_at` timestamp NULL DEFAULT NULL,
  PRIMARY KEY (`id`)
) ENGINE=InnoDB AUTO_INCREMENT=7 DEFAULT CHARSET=utf8mb4 COLLATE=utf8mb4_unicode_ci;
/*!40101 SET character_set_client = @saved_cs_client */;

LOCK TABLES `frontdesk_categories` WRITE;
/*!40000 ALTER TABLE `frontdesk_categories` DISABLE KEYS */;
INSERT INTO `frontdesk_categories` VALUES (1,1,'Juices','2024-06-11 14:15:57','2024-06-11 14:15:57'),(2,1,'Mineral Water','2024-06-11 14:16:11','2024-06-11 14:16:11'),(3,1,'Cosmetics','2024-06-11 14:16:27','2024-06-11 14:16:27'),(4,1,'Soup','2025-03-17 14:27:54','2025-03-17 14:27:54'),(5,1,'fried dishes','2025-03-17 14:28:42','2025-03-17 14:28:42'),(6,1,'Halal Foods','2025-03-19 09:46:24','2025-03-19 09:46:24');
/*!40000 ALTER TABLE `frontdesk_categories` ENABLE KEYS */;
UNLOCK TABLES;
DROP TABLE IF EXISTS `frontdesk_inventories`;
/*!40101 SET @saved_cs_client     = @@character_set_client */;
/*!50503 SET character_set_client = utf8mb4 */;
CREATE TABLE `frontdesk_inventories` (
  `id` bigint unsigned NOT NULL AUTO_INCREMENT,
  `branch_id` bigint unsigned NOT NULL,
  `frontdesk_menu_id` bigint unsigned NOT NULL,
  `number_of_serving` double NOT NULL,
  `created_at` timestamp NULL DEFAULT NULL,
  `updated_at` timestamp NULL DEFAULT NULL,
  PRIMARY KEY (`id`)
) ENGINE=InnoDB AUTO_INCREMENT=22 DEFAULT CHARSET=utf8mb4 COLLATE=utf8mb4_unicode_ci;
/*!40101 SET character_set_client = @saved_cs_client */;

LOCK TABLES `frontdesk_inventories` WRITE;
/*!40000 ALTER TABLE `frontdesk_inventories` DISABLE KEYS */;
INSERT INTO `frontdesk_inventories` VALUES (1,1,1,0,'2024-06-11 21:13:13','2024-06-12 07:37:18'),(2,1,2,0,'2024-06-11 21:13:20','2025-03-17 14:13:46'),(3,1,3,0,'2024-06-11 21:13:26','2025-03-18 16:12:20'),(4,1,4,0,'2024-06-11 21:13:32','2025-03-18 16:12:38'),(5,1,5,10,'2024-06-11 21:13:38','2024-06-11 21:13:38'),(6,1,6,0,'2024-06-11 21:13:44','2025-03-18 16:10:20'),(7,1,7,10,'2024-06-11 21:13:50','2024-06-11 21:13:50'),(8,1,8,10,'2024-06-11 21:22:32','2024-06-11 21:22:32'),(9,1,9,8,'2024-06-11 21:22:37','2024-06-13 13:54:10'),(10,1,11,0,'2025-03-17 14:32:40','2025-03-18 16:11:35'),(11,1,12,5,'2025-03-17 14:32:46','2025-03-17 14:32:46'),(12,1,13,10,'2025-03-17 14:32:59','2025-03-17 14:32:59'),(13,1,14,0,'2025-03-17 14:33:13','2025-03-18 16:13:01'),(14,1,14,10,'2025-03-18 19:43:11','2025-03-18 19:43:11'),(15,1,14,10,'2025-03-18 19:43:32','2025-03-18 19:43:32'),(16,1,6,50,'2025-03-18 19:44:03','2025-03-18 19:44:03'),(17,1,14,15,'2025-03-19 08:26:43','2025-03-19 08:26:43'),(18,1,14,15,'2025-03-19 08:27:04','2025-03-19 08:27:04'),(19,1,14,15,'2025-03-19 08:28:06','2025-03-19 08:28:06'),(20,1,14,100,'2025-03-19 09:18:33','2025-03-19 09:18:33'),(21,1,1,5,'2025-03-19 11:18:04','2025-03-19 11:18:04');
/*!40000 ALTER TABLE `frontdesk_inventories` ENABLE KEYS */;
UNLOCK TABLES;
DROP TABLE IF EXISTS `frontdesk_menus`;
/*!40101 SET @saved_cs_client     = @@character_set_client */;
/*!50503 SET character_set_client = utf8mb4 */;
CREATE TABLE `frontdesk_menus` (
  `id` bigint unsigned NOT NULL AUTO_INCREMENT,
  `branch_id` bigint unsigned NOT NULL,
  `frontdesk_category_id` bigint unsigned NOT NULL,
  `name` varchar(255) COLLATE utf8mb4_unicode_ci NOT NULL,
  `price` varchar(255) COLLATE utf8mb4_unicode_ci NOT NULL,
  `created_at` timestamp NULL DEFAULT NULL,
  `updated_at` timestamp NULL DEFAULT NULL,
  PRIMARY KEY (`id`)
) ENGINE=InnoDB AUTO_INCREMENT=16 DEFAULT CHARSET=utf8mb4 COLLATE=utf8mb4_unicode_ci;
/*!40101 SET character_set_client = @saved_cs_client */;

LOCK TABLES `frontdesk_menus` WRITE;
/*!40000 ALTER TABLE `frontdesk_menus` DISABLE KEYS */;
INSERT INTO `frontdesk_menus` VALUES (1,1,1,'Four Season','45','2024-06-11 14:17:32','2024-06-11 14:17:32'),(2,1,1,'Mango Nectar','45','2024-06-11 14:17:48','2024-06-11 14:17:48'),(3,1,1,'Pineorrange','45','2024-06-11 14:18:11','2024-06-11 14:18:11'),(4,1,1,'Pineapple','45','2024-06-11 14:18:36','2024-06-11 14:18:36'),(5,1,1,'Fit N Right','45','2024-06-11 14:18:57','2024-06-11 14:18:57'),(6,1,1,'C2','45','2024-06-11 14:19:10','2024-06-11 14:19:10'),(7,1,1,'Minute Maid','45','2024-06-11 14:19:25','2024-06-11 14:19:25'),(8,1,2,'1 Liter','45','2024-06-11 14:19:44','2024-06-11 14:19:44'),(9,1,2,'500ML','29','2024-06-11 14:19:58','2024-06-11 14:19:58'),(11,1,4,'bbcua','50','2025-03-17 14:30:56','2025-03-17 14:30:56'),(12,1,4,'lomi','100','2025-03-17 14:31:12','2025-03-17 14:31:12'),(13,1,5,'Fried Chicken','60','2025-03-17 14:31:32','2025-03-17 14:31:32'),(14,1,5,'french fried','50','2025-03-17 14:31:57','2025-03-17 14:31:57');
/*!40000 ALTER TABLE `frontdesk_menus` ENABLE KEYS */;
UNLOCK TABLES;
DROP TABLE IF EXISTS `frontdesks`;
/*!40101 SET @saved_cs_client     = @@character_set_client */;
/*!50503 SET character_set_client = utf8mb4 */;
CREATE TABLE `frontdesks` (
  `id` bigint unsigned NOT NULL AUTO_INCREMENT,
  `branch_id` bigint unsigned NOT NULL,
  `name` varchar(255) COLLATE utf8mb4_unicode_ci NOT NULL,
  `number` varchar(255) COLLATE utf8mb4_unicode_ci NOT NULL,
  `created_at` timestamp NULL DEFAULT NULL,
  `updated_at` timestamp NULL DEFAULT NULL,
  PRIMARY KEY (`id`)
) ENGINE=InnoDB AUTO_INCREMENT=2 DEFAULT CHARSET=utf8mb4 COLLATE=utf8mb4_unicode_ci;
/*!40101 SET character_set_client = @saved_cs_client */;

LOCK TABLES `frontdesks` WRITE;
/*!40000 ALTER TABLE `frontdesks` DISABLE KEYS */;
INSERT INTO `frontdesks` VALUES (1,1,'Front Desk','123','2024-06-10 13:44:30','2024-06-10 13:44:30');
/*!40000 ALTER TABLE `frontdesks` ENABLE KEYS */;
UNLOCK TABLES;
DROP TABLE IF EXISTS `guests`;
/*!40101 SET @saved_cs_client     = @@character_set_client */;
/*!50503 SET character_set_client = utf8mb4 */;
CREATE TABLE `guests` (
  `id` bigint unsigned NOT NULL AUTO_INCREMENT,
  `branch_id` bigint unsigned NOT NULL,
  `name` varchar(255) COLLATE utf8mb4_unicode_ci NOT NULL,
  `contact` varchar(255) COLLATE utf8mb4_unicode_ci DEFAULT NULL,
  `qr_code` varchar(255) COLLATE utf8mb4_unicode_ci NOT NULL,
  `room_id` bigint unsigned NOT NULL,
  `previous_room_id` bigint unsigned DEFAULT NULL,
  `rate_id` bigint unsigned NOT NULL,
  `type_id` bigint unsigned NOT NULL,
  `static_amount` int NOT NULL,
  `is_long_stay` tinyint(1) NOT NULL DEFAULT '0',
  `number_of_days` int DEFAULT NULL,
  `created_at` timestamp NULL DEFAULT NULL,
  `updated_at` timestamp NULL DEFAULT NULL,
  PRIMARY KEY (`id`)
) ENGINE=InnoDB AUTO_INCREMENT=79 DEFAULT CHARSET=utf8mb4 COLLATE=utf8mb4_unicode_ci;
/*!40101 SET character_set_client = @saved_cs_client */;

LOCK TABLES `guests` WRITE;
/*!40000 ALTER TABLE `guests` DISABLE KEYS */;
INSERT INTO `guests` VALUES (1,1,'Kiama.thegreat','09235874122','1240001',33,1,4,2,280,0,0,'2024-06-10 14:35:39','2024-06-10 14:38:21'),(2,1,'Ruby Eggnog','N/A','1240002',2,58,8,3,448,0,0,'2024-06-10 14:37:14','2024-06-10 14:41:12'),(3,1,'KRISTINE TEST','09955575525','1240003',49,34,1,1,224,0,0,'2024-06-11 11:19:00','2024-06-11 13:17:35'),(4,1,'KRISTINE TEST 2','09955575525','1240004',171,1,4,2,280,0,0,'2024-06-11 11:21:39','2024-06-11 13:10:25'),(5,1,'KRISTINE TEST 3','09955575525','1240005',4,3,7,3,336,0,0,'2024-06-11 11:23:58','2024-06-11 12:51:31'),(6,1,'KRISTINE TEST 4','N/A','1240006',88,48,2,1,336,0,0,'2024-06-11 11:27:08','2024-06-11 13:33:46'),(7,1,'KRISTINE TEST 5','N/A','1240007',11,NULL,5,2,392,0,0,'2024-06-11 11:28:54','2024-06-11 11:28:54'),(8,1,'KRISTINE TEST 6 ','N/A','1240008',6,NULL,8,3,448,0,0,'2024-06-11 11:30:36','2024-06-11 11:30:36'),(9,1,'Kristine Test ','N/A','1240009',89,NULL,1,1,224,0,0,'2024-06-12 07:35:12','2024-06-12 07:35:12'),(10,1,'test1','N/A','1240010',130,NULL,1,1,224,0,0,'2024-06-13 09:47:27','2024-06-13 09:47:27'),(11,1,'single12hrs','N/A','1240011',131,NULL,2,1,336,0,0,'2024-06-13 09:50:16','2024-06-13 09:50:16'),(12,1,'single24hrs','N/A','1240012',205,NULL,3,1,560,0,0,'2024-06-13 09:50:38','2024-06-13 09:50:38'),(13,1,'double6hrs','N/A','1240013',1,NULL,4,2,280,0,0,'2024-06-13 09:50:56','2024-06-13 09:50:56'),(14,1,'double12hrs','N/A','1240014',39,NULL,5,2,392,0,0,'2024-06-13 09:51:16','2024-06-13 09:51:16'),(15,1,'double24hrs','N/A','1240015',40,NULL,6,2,616,0,0,'2024-06-13 09:51:36','2024-06-13 09:51:36'),(16,1,'twin6hrs','N/A','1240016',5,7,7,3,336,0,0,'2024-06-13 09:52:00','2024-06-13 12:35:00'),(17,1,'twin12hrs','N/A','1240017',15,NULL,8,3,448,0,0,'2024-06-13 09:52:47','2024-06-13 09:52:47'),(18,1,'twin24hrs','N/A','1240018',12,55,9,3,672,0,0,'2024-06-13 09:53:12','2024-06-13 19:15:07'),(19,1,'Eugene Mag Abo','09123456789','1250001',48,NULL,3,1,560,0,0,'2025-03-17 10:20:24','2025-03-17 10:20:24'),(20,1,'Sample 1','09123456789','1250002',1,NULL,4,2,280,0,0,'2025-03-17 13:44:26','2025-03-17 13:44:26'),(21,1,'James','09997642153','1250003',172,NULL,3,1,560,0,0,'2025-03-17 13:56:18','2025-03-17 13:56:18'),(22,1,'Abegail','N/A','1250004',10,NULL,7,3,336,0,0,'2025-03-17 13:59:29','2025-03-17 13:59:29'),(23,1,'ian ramirez','N/A','1250005',22,NULL,4,2,280,0,0,'2025-03-17 14:51:08','2025-03-17 14:51:08'),(24,1,'enegue','N/A','1250006',18,NULL,7,3,336,0,0,'2025-03-17 15:08:32','2025-03-17 15:08:32'),(25,1,'jcole','N/A','1250007',1,NULL,4,2,280,0,0,'2025-03-17 15:28:34','2025-03-17 15:28:34'),(26,1,'Carl Bacus Jumamil','N/A','1250008',41,NULL,6,2,616,0,0,'2025-03-18 14:58:47','2025-03-18 14:58:47'),(29,1,'Shane love Uriel ','N/A','1250011',140,NULL,7,3,336,0,0,'2025-03-18 15:12:56','2025-03-18 15:12:56'),(31,1,'Vince','N/A','1250013',34,3,6,2,616,0,0,'2025-03-18 15:15:24','2025-03-19 09:20:20'),(32,1,'Yami Maho','N/A','1250014',8,NULL,5,2,392,0,0,'2025-03-18 15:15:36','2025-03-18 15:15:36'),(33,1,'Luffy','N/A','1250015',43,20,6,2,616,0,0,'2025-03-18 15:15:49','2025-03-19 09:23:26'),(34,1,'Jerry Baylosis','N/A','1250016',13,NULL,6,2,616,0,0,'2025-03-18 15:15:55','2025-03-18 15:15:55'),(35,1,'Jamaica Bonghanoy','N/A','1250017',16,NULL,6,2,616,0,0,'2025-03-18 15:16:52','2025-03-18 15:16:52'),(37,1,'Noelle Silva','N/A','1250019',17,NULL,6,2,616,0,0,'2025-03-18 15:17:59','2025-03-18 15:17:59'),(38,1,'Bug or bold','N/A','1250020',19,NULL,6,2,616,0,0,'2025-03-18 15:18:33','2025-03-18 15:18:33'),(39,1,'Solid Silva','N/A','1250021',21,NULL,6,2,616,0,0,'2025-03-18 15:20:38','2025-03-18 15:20:38'),(40,1,'Telabor John','N/A','1250022',21,NULL,6,2,616,0,0,'2025-03-18 15:20:39','2025-03-18 15:20:39'),(41,1,'Bakasta','N/A','1250023',23,NULL,6,2,616,0,0,'2025-03-18 15:21:06','2025-03-18 15:21:06'),(42,1,'bakayaro','N/A','1250024',24,NULL,6,2,616,0,0,'2025-03-18 15:21:40','2025-03-18 15:21:40'),(43,1,'Maria Bea','N/A','1250025',32,NULL,4,2,280,0,0,'2025-03-18 15:21:43','2025-03-18 15:21:43'),(44,1,'Ultra ','N/A','1250026',25,NULL,4,2,280,0,0,'2025-03-18 15:22:16','2025-03-18 15:22:16'),(46,1,'Jerold','09991234567','1250028',59,NULL,9,3,672,0,0,'2025-03-18 15:22:43','2025-03-18 15:22:43'),(47,1,'customer qoh','N/A','1250029',26,NULL,4,2,280,0,0,'2025-03-18 15:22:51','2025-03-18 15:22:51'),(48,1,'James Band','09997645132','1250030',62,NULL,9,3,672,0,0,'2025-03-18 15:23:26','2025-03-18 15:23:26'),(49,1,'kokomartin','N/A','1250031',27,NULL,4,2,280,0,0,'2025-03-18 15:23:30','2025-03-18 15:23:30'),(50,1,'ggh','N/A','1250032',28,NULL,4,2,280,0,0,'2025-03-18 15:23:54','2025-03-18 15:23:54'),(51,1,'lexi','N/A','1250033',29,NULL,4,2,280,0,0,'2025-03-18 15:24:23','2025-03-18 15:24:23'),(52,1,'Gshsh','09123456789','1250034',66,NULL,9,3,672,0,0,'2025-03-18 15:24:23','2025-03-18 15:24:23'),(53,1,'vivomax','N/A','1250035',30,NULL,4,2,280,0,0,'2025-03-18 15:24:48','2025-03-18 15:24:48'),(55,1,'Hdhd','09123456789','1250037',69,NULL,7,3,336,0,0,'2025-03-18 15:25:10','2025-03-18 15:25:10'),(56,1,'hags','N/A','1250038',31,NULL,4,2,280,0,0,'2025-03-18 15:25:12','2025-03-18 15:25:12'),(58,1,'dattebayo','N/A','1250040',35,NULL,4,2,280,0,0,'2025-03-18 15:25:39','2025-03-18 15:25:39'),(59,1,'Agagah','09123456789','1250041',98,NULL,7,3,336,0,0,'2025-03-18 15:25:54','2025-03-18 15:25:54'),(60,1,'sasuke kun','N/A','1250042',36,NULL,4,2,280,0,0,'2025-03-18 15:25:59','2025-03-18 15:25:59'),(61,1,'Ahahah','09123456789','1250043',102,NULL,7,3,336,0,0,'2025-03-18 15:26:16','2025-03-18 15:26:16'),(62,1,'sakura biot','N/A','1250044',37,NULL,4,2,280,0,0,'2025-03-18 15:26:18','2025-03-18 15:26:18'),(63,1,'Akajs','09123456789','1250045',106,NULL,8,3,448,0,0,'2025-03-18 15:26:47','2025-03-18 15:26:47'),(64,1,'sapnu puas','N/A','1250046',38,NULL,4,2,280,0,0,'2025-03-18 15:26:52','2025-03-18 15:26:52'),(65,1,'Ajsjd','09123456789','1250047',109,NULL,7,3,336,0,0,'2025-03-18 15:27:15','2025-03-18 15:27:15'),(67,1,'Hahahaj','09123456789','1250049',141,NULL,7,3,336,0,0,'2025-03-18 15:28:26','2025-03-18 15:28:26'),(68,1,'Manny Pacute','N/A','1250048',49,NULL,10,1,450,0,0,'2025-03-18 15:51:44','2025-03-18 15:51:44'),(69,1,'buta','N/A','1250049',11,33,1,1,225,0,0,'2025-03-18 16:02:54','2025-03-18 16:04:56'),(70,1,'Doofenshmirtz','09123456789','1250049',1,NULL,6,2,616,0,0,'2025-03-18 19:48:24','2025-03-18 19:48:24'),(71,1,'hey jude','093678135415','1250047',4,NULL,6,2,616,0,0,'2025-03-19 08:24:26','2025-03-19 08:24:26'),(72,1,'uriel','N/A','1250048',48,NULL,1,1,225,0,0,'2025-03-19 08:40:40','2025-03-19 08:40:40'),(73,1,'hey jude','N/A','1250049',144,NULL,11,3,589,0,0,'2025-03-19 08:42:23','2025-03-19 08:42:23'),(74,1,'wecdy','N/A','1250050',11,NULL,6,2,616,0,0,'2025-03-19 08:42:57','2025-03-19 08:42:57'),(75,1,'fredo','N/A','1250051',6,NULL,11,3,589,0,0,'2025-03-19 08:43:19','2025-03-19 08:43:19'),(76,1,'freddie','N/A','1250052',22,NULL,6,2,616,0,0,'2025-03-19 08:43:53','2025-03-19 08:43:53'),(77,1,'meh','N/A','1250051',49,NULL,1,1,225,0,0,'2025-03-19 14:10:27','2025-03-19 14:10:27'),(78,1,'quine','N/A','1250052',39,NULL,4,2,280,0,0,'2025-05-01 17:20:22','2025-05-01 17:20:22');
/*!40000 ALTER TABLE `guests` ENABLE KEYS */;
UNLOCK TABLES;
DROP TABLE IF EXISTS `hotel_items`;
/*!40101 SET @saved_cs_client     = @@character_set_client */;
/*!50503 SET character_set_client = utf8mb4 */;
CREATE TABLE `hotel_items` (
  `id` bigint unsigned NOT NULL AUTO_INCREMENT,
  `branch_id` bigint unsigned NOT NULL,
  `name` varchar(255) COLLATE utf8mb4_unicode_ci NOT NULL,
  `price` int NOT NULL,
  `created_at` timestamp NULL DEFAULT NULL,
  `updated_at` timestamp NULL DEFAULT NULL,
  PRIMARY KEY (`id`)
) ENGINE=InnoDB AUTO_INCREMENT=41 DEFAULT CHARSET=utf8mb4 COLLATE=utf8mb4_unicode_ci;
/*!40101 SET character_set_client = @saved_cs_client */;

LOCK TABLES `hotel_items` WRITE;
/*!40000 ALTER TABLE `hotel_items` DISABLE KEYS */;
INSERT INTO `hotel_items` VALUES (1,1,'MAIN DOOR',5000,'2024-06-10 13:43:52','2024-06-10 13:43:52'),(2,1,'PURTAHAN SA C.R.',2500,'2024-06-10 13:43:52','2024-06-10 13:43:52'),(3,1,'SUGA SA ROOM',150,'2024-06-10 13:43:52','2024-06-10 13:43:52'),(4,1,'SUGA SA C.R.',130,'2024-06-10 13:43:52','2024-06-10 13:43:52'),(5,1,'SAMIN SULOD SA ROOM',1000,'2024-06-10 13:43:52','2024-06-10 13:43:52'),(6,1,'SAMIN SULOD SA C.R.',1000,'2024-06-10 13:43:52','2024-06-10 13:43:52'),(7,1,'SAMIN SA GAWAS',1500,'2024-06-10 13:43:52','2024-06-10 13:43:52'),(8,1,'SALOG SA ROOM PER TILES',1200,'2024-06-10 13:43:52','2024-06-10 13:43:52'),(9,1,'SALOG SA C.R. PER TILE',1200,'2024-06-10 13:43:52','2024-06-10 13:43:52'),(10,1,'RUG/ TRAPO SA SALOG',40,'2024-06-10 13:43:52','2024-06-10 13:43:52'),(11,1,'UNLAN',500,'2024-06-10 13:43:52','2024-06-10 13:43:52'),(12,1,'HABOL',500,'2024-06-10 13:43:52','2024-06-10 13:43:52'),(13,1,'PUNDA',200,'2024-06-10 13:43:52','2024-06-10 13:43:52'),(14,1,'PUNDA WITH MANTSA(HAIR DYE)',500,'2024-06-10 13:43:52','2024-06-10 13:43:52'),(15,1,'BEDSHEET WITH INK',500,'2024-06-10 13:43:52','2024-06-10 13:43:52'),(16,1,'BED PAD WITH INK',800,'2024-06-10 13:43:52','2024-06-10 13:43:52'),(17,1,'BED SKIRT WITH INK',1500,'2024-06-10 13:43:52','2024-06-10 13:43:52'),(18,1,'TOWEL',300,'2024-06-10 13:43:52','2024-06-10 13:43:52'),(19,1,'DOORKNOB C.R.',350,'2024-06-10 13:43:52','2024-06-10 13:43:52'),(20,1,'MAIN DOOR DOORKNOB',500,'2024-06-10 13:43:52','2024-06-10 13:43:52'),(21,1,'T.V.',30000,'2024-06-10 13:43:52','2024-06-10 13:43:52'),(22,1,'TELEPHONE',1000,'2024-06-10 13:43:52','2024-06-10 13:43:52'),(23,1,'DECODER PARA SA CABLE',1600,'2024-06-10 13:43:52','2024-06-10 13:43:52'),(24,1,'CORD SA DECODER',100,'2024-06-10 13:43:52','2024-06-10 13:43:52'),(25,1,'CHARGER SA DECODER',400,'2024-06-10 13:43:52','2024-06-10 13:43:52'),(26,1,'WIRING SA TELEPHONE',100,'2024-06-10 13:43:52','2024-06-10 13:43:52'),(27,1,'WIRINGS SA T.V.',200,'2024-06-10 13:43:52','2024-06-10 13:43:52'),(28,1,'WIRING SA DECODER',50,'2024-06-10 13:43:52','2024-06-10 13:43:52'),(29,1,'CEILING',0,'2024-06-10 13:43:52','2024-06-10 13:43:52'),(30,1,'SHOWER HEAD',800,'2024-06-10 13:43:52','2024-06-10 13:43:52'),(31,1,'SHOWER BULB',800,'2024-06-10 13:43:52','2024-06-10 13:43:52'),(32,1,'BIDET',400,'2024-06-10 13:43:52','2024-06-10 13:43:52'),(33,1,'HINGES/ TOWEL BAR',200,'2024-06-10 13:43:52','2024-06-10 13:43:52'),(34,1,'TAKLOB SA TANGKE',1200,'2024-06-10 13:43:52','2024-06-10 13:43:52'),(35,1,'TANGKE SA BOWL',3000,'2024-06-10 13:43:52','2024-06-10 13:43:52'),(36,1,'TAKLOB SA BOWL',1000,'2024-06-10 13:43:52','2024-06-10 13:43:52'),(37,1,'ILALOM SA LABABO',0,'2024-06-10 13:43:52','2024-06-10 13:43:52'),(38,1,'SINK/LABABO',1500,'2024-06-10 13:43:52','2024-06-10 13:43:52'),(39,1,'BASURAHAN',70,'2024-06-10 13:43:52','2024-06-10 13:43:52');
/*!40000 ALTER TABLE `hotel_items` ENABLE KEYS */;
UNLOCK TABLES;
DROP TABLE IF EXISTS `inventories`;
/*!40101 SET @saved_cs_client     = @@character_set_client */;
/*!50503 SET character_set_client = utf8mb4 */;
CREATE TABLE `inventories` (
  `id` bigint unsigned NOT NULL AUTO_INCREMENT,
  `branch_id` bigint unsigned NOT NULL,
  `menu_id` bigint unsigned NOT NULL,
  `number_of_serving` double NOT NULL,
  `created_at` timestamp NULL DEFAULT NULL,
  `updated_at` timestamp NULL DEFAULT NULL,
  PRIMARY KEY (`id`)
) ENGINE=InnoDB AUTO_INCREMENT=7 DEFAULT CHARSET=utf8mb4 COLLATE=utf8mb4_unicode_ci;
/*!40101 SET character_set_client = @saved_cs_client */;

LOCK TABLES `inventories` WRITE;
/*!40000 ALTER TABLE `inventories` DISABLE KEYS */;
INSERT INTO `inventories` VALUES (1,1,2,-1,'2025-03-17 13:44:20','2025-03-19 09:32:42'),(2,1,1,-6,'2025-03-17 13:44:32','2025-03-19 09:41:41'),(3,1,3,497,'2025-03-17 13:44:43','2025-03-19 09:48:31'),(4,1,5,1,'2025-03-18 20:27:40','2025-03-19 09:47:00'),(5,1,6,-130,'2025-03-18 20:27:49','2025-03-19 13:50:58'),(6,1,4,-21,'2025-03-19 09:45:43','2025-03-19 10:17:20');
/*!40000 ALTER TABLE `inventories` ENABLE KEYS */;
UNLOCK TABLES;
DROP TABLE IF EXISTS `jobs`;
/*!40101 SET @saved_cs_client     = @@character_set_client */;
/*!50503 SET character_set_client = utf8mb4 */;
CREATE TABLE `jobs` (
  `id` bigint unsigned NOT NULL AUTO_INCREMENT,
  `queue` varchar(255) COLLATE utf8mb4_unicode_ci NOT NULL,
  `payload` longtext COLLATE utf8mb4_unicode_ci NOT NULL,
  `attempts` tinyint unsigned NOT NULL,
  `reserved_at` int unsigned DEFAULT NULL,
  `available_at` int unsigned NOT NULL,
  `created_at` int unsigned NOT NULL,
  PRIMARY KEY (`id`),
  KEY `jobs_queue_index` (`queue`)
) ENGINE=InnoDB AUTO_INCREMENT=153 DEFAULT CHARSET=utf8mb4 COLLATE=utf8mb4_unicode_ci;
/*!40101 SET character_set_client = @saved_cs_client */;

LOCK TABLES `jobs` WRITE;
/*!40000 ALTER TABLE `jobs` DISABLE KEYS */;
INSERT INTO `jobs` VALUES (1,'default','{\"uuid\":\"f5ab6244-2098-43c0-a2e7-88bf5611b991\",\"displayName\":\"App\\\\Jobs\\\\TerminationInKiosk\",\"job\":\"Illuminate\\\\Queue\\\\CallQueuedHandler@call\",\"maxTries\":null,\"maxExceptions\":null,\"failOnTimeout\":false,\"backoff\":null,\"timeout\":null,\"retryUntil\":null,\"data\":{\"commandName\":\"App\\\\Jobs\\\\TerminationInKiosk\",\"command\":\"O:27:\\\"App\\\\Jobs\\\\TerminationInKiosk\\\":2:{s:7:\\\"room_id\\\";i:1;s:5:\\\"delay\\\";O:13:\\\"Carbon\\\\Carbon\\\":3:{s:4:\\\"date\\\";s:26:\\\"2024-06-10 14:55:39.418640\\\";s:13:\\\"timezone_type\\\";i:3;s:8:\\\"timezone\\\";s:11:\\\"Asia\\/Manila\\\";}}\"}}',0,NULL,1718002539,1718001339),(2,'default','{\"uuid\":\"4b18db3c-bead-49dd-88b2-aed692c8e9fc\",\"displayName\":\"App\\\\Events\\\\CheckInEvent\",\"job\":\"Illuminate\\\\Queue\\\\CallQueuedHandler@call\",\"maxTries\":null,\"maxExceptions\":null,\"failOnTimeout\":false,\"backoff\":null,\"timeout\":null,\"retryUntil\":null,\"data\":{\"commandName\":\"Illuminate\\\\Broadcasting\\\\BroadcastEvent\",\"command\":\"O:38:\\\"Illuminate\\\\Broadcasting\\\\BroadcastEvent\\\":13:{s:5:\\\"event\\\";O:23:\\\"App\\\\Events\\\\CheckInEvent\\\":1:{s:9:\\\"branch_id\\\";i:1;}s:5:\\\"tries\\\";N;s:7:\\\"timeout\\\";N;s:7:\\\"backoff\\\";N;s:10:\\\"connection\\\";N;s:5:\\\"queue\\\";N;s:15:\\\"chainConnection\\\";N;s:10:\\\"chainQueue\\\";N;s:19:\\\"chainCatchCallbacks\\\";N;s:5:\\\"delay\\\";N;s:11:\\\"afterCommit\\\";N;s:10:\\\"middleware\\\";a:0:{}s:7:\\\"chained\\\";a:0:{}}\"}}',0,NULL,1718001339,1718001339),(3,'default','{\"uuid\":\"560ec4ff-6c3e-4d4f-a269-dac8b4716b1b\",\"displayName\":\"App\\\\Jobs\\\\TerminationInKiosk\",\"job\":\"Illuminate\\\\Queue\\\\CallQueuedHandler@call\",\"maxTries\":null,\"maxExceptions\":null,\"failOnTimeout\":false,\"backoff\":null,\"timeout\":null,\"retryUntil\":null,\"data\":{\"commandName\":\"App\\\\Jobs\\\\TerminationInKiosk\",\"command\":\"O:27:\\\"App\\\\Jobs\\\\TerminationInKiosk\\\":2:{s:7:\\\"room_id\\\";i:58;s:5:\\\"delay\\\";O:13:\\\"Carbon\\\\Carbon\\\":3:{s:4:\\\"date\\\";s:26:\\\"2024-06-10 14:57:14.276154\\\";s:13:\\\"timezone_type\\\";i:3;s:8:\\\"timezone\\\";s:11:\\\"Asia\\/Manila\\\";}}\"}}',0,NULL,1718002634,1718001434),(4,'default','{\"uuid\":\"a10bff8d-75f0-4e3f-859d-8b71dafbdd76\",\"displayName\":\"App\\\\Events\\\\CheckInEvent\",\"job\":\"Illuminate\\\\Queue\\\\CallQueuedHandler@call\",\"maxTries\":null,\"maxExceptions\":null,\"failOnTimeout\":false,\"backoff\":null,\"timeout\":null,\"retryUntil\":null,\"data\":{\"commandName\":\"Illuminate\\\\Broadcasting\\\\BroadcastEvent\",\"command\":\"O:38:\\\"Illuminate\\\\Broadcasting\\\\BroadcastEvent\\\":13:{s:5:\\\"event\\\";O:23:\\\"App\\\\Events\\\\CheckInEvent\\\":1:{s:9:\\\"branch_id\\\";i:1;}s:5:\\\"tries\\\";N;s:7:\\\"timeout\\\";N;s:7:\\\"backoff\\\";N;s:10:\\\"connection\\\";N;s:5:\\\"queue\\\";N;s:15:\\\"chainConnection\\\";N;s:10:\\\"chainQueue\\\";N;s:19:\\\"chainCatchCallbacks\\\";N;s:5:\\\"delay\\\";N;s:11:\\\"afterCommit\\\";N;s:10:\\\"middleware\\\";a:0:{}s:7:\\\"chained\\\";a:0:{}}\"}}',0,NULL,1718001434,1718001434),(5,'default','{\"uuid\":\"d7208ea4-4071-4170-94ac-0ace2b15f122\",\"displayName\":\"App\\\\Jobs\\\\TerminationInKiosk\",\"job\":\"Illuminate\\\\Queue\\\\CallQueuedHandler@call\",\"maxTries\":null,\"maxExceptions\":null,\"failOnTimeout\":false,\"backoff\":null,\"timeout\":null,\"retryUntil\":null,\"data\":{\"commandName\":\"App\\\\Jobs\\\\TerminationInKiosk\",\"command\":\"O:27:\\\"App\\\\Jobs\\\\TerminationInKiosk\\\":2:{s:7:\\\"room_id\\\";i:34;s:5:\\\"delay\\\";O:13:\\\"Carbon\\\\Carbon\\\":3:{s:4:\\\"date\\\";s:26:\\\"2024-06-11 11:39:00.544138\\\";s:13:\\\"timezone_type\\\";i:3;s:8:\\\"timezone\\\";s:11:\\\"Asia\\/Manila\\\";}}\"}}',0,NULL,1718077140,1718075940),(6,'default','{\"uuid\":\"c61744a4-dde6-48db-a817-22306537cbb7\",\"displayName\":\"App\\\\Events\\\\CheckInEvent\",\"job\":\"Illuminate\\\\Queue\\\\CallQueuedHandler@call\",\"maxTries\":null,\"maxExceptions\":null,\"failOnTimeout\":false,\"backoff\":null,\"timeout\":null,\"retryUntil\":null,\"data\":{\"commandName\":\"Illuminate\\\\Broadcasting\\\\BroadcastEvent\",\"command\":\"O:38:\\\"Illuminate\\\\Broadcasting\\\\BroadcastEvent\\\":13:{s:5:\\\"event\\\";O:23:\\\"App\\\\Events\\\\CheckInEvent\\\":1:{s:9:\\\"branch_id\\\";i:1;}s:5:\\\"tries\\\";N;s:7:\\\"timeout\\\";N;s:7:\\\"backoff\\\";N;s:10:\\\"connection\\\";N;s:5:\\\"queue\\\";N;s:15:\\\"chainConnection\\\";N;s:10:\\\"chainQueue\\\";N;s:19:\\\"chainCatchCallbacks\\\";N;s:5:\\\"delay\\\";N;s:11:\\\"afterCommit\\\";N;s:10:\\\"middleware\\\";a:0:{}s:7:\\\"chained\\\";a:0:{}}\"}}',0,NULL,1718075940,1718075940),(7,'default','{\"uuid\":\"c65dee84-91df-4325-a3c4-0896628deae2\",\"displayName\":\"App\\\\Jobs\\\\TerminationInKiosk\",\"job\":\"Illuminate\\\\Queue\\\\CallQueuedHandler@call\",\"maxTries\":null,\"maxExceptions\":null,\"failOnTimeout\":false,\"backoff\":null,\"timeout\":null,\"retryUntil\":null,\"data\":{\"commandName\":\"App\\\\Jobs\\\\TerminationInKiosk\",\"command\":\"O:27:\\\"App\\\\Jobs\\\\TerminationInKiosk\\\":2:{s:7:\\\"room_id\\\";i:1;s:5:\\\"delay\\\";O:13:\\\"Carbon\\\\Carbon\\\":3:{s:4:\\\"date\\\";s:26:\\\"2024-06-11 11:41:39.213329\\\";s:13:\\\"timezone_type\\\";i:3;s:8:\\\"timezone\\\";s:11:\\\"Asia\\/Manila\\\";}}\"}}',0,NULL,1718077299,1718076099),(8,'default','{\"uuid\":\"d2da9afa-46a4-4b89-b5d3-7dbe4fa7e147\",\"displayName\":\"App\\\\Events\\\\CheckInEvent\",\"job\":\"Illuminate\\\\Queue\\\\CallQueuedHandler@call\",\"maxTries\":null,\"maxExceptions\":null,\"failOnTimeout\":false,\"backoff\":null,\"timeout\":null,\"retryUntil\":null,\"data\":{\"commandName\":\"Illuminate\\\\Broadcasting\\\\BroadcastEvent\",\"command\":\"O:38:\\\"Illuminate\\\\Broadcasting\\\\BroadcastEvent\\\":13:{s:5:\\\"event\\\";O:23:\\\"App\\\\Events\\\\CheckInEvent\\\":1:{s:9:\\\"branch_id\\\";i:1;}s:5:\\\"tries\\\";N;s:7:\\\"timeout\\\";N;s:7:\\\"backoff\\\";N;s:10:\\\"connection\\\";N;s:5:\\\"queue\\\";N;s:15:\\\"chainConnection\\\";N;s:10:\\\"chainQueue\\\";N;s:19:\\\"chainCatchCallbacks\\\";N;s:5:\\\"delay\\\";N;s:11:\\\"afterCommit\\\";N;s:10:\\\"middleware\\\";a:0:{}s:7:\\\"chained\\\";a:0:{}}\"}}',0,NULL,1718076099,1718076099),(9,'default','{\"uuid\":\"496a4c80-2cc0-4d42-b165-6a4ab788e1b4\",\"displayName\":\"App\\\\Jobs\\\\TerminationInKiosk\",\"job\":\"Illuminate\\\\Queue\\\\CallQueuedHandler@call\",\"maxTries\":null,\"maxExceptions\":null,\"failOnTimeout\":false,\"backoff\":null,\"timeout\":null,\"retryUntil\":null,\"data\":{\"commandName\":\"App\\\\Jobs\\\\TerminationInKiosk\",\"command\":\"O:27:\\\"App\\\\Jobs\\\\TerminationInKiosk\\\":2:{s:7:\\\"room_id\\\";i:3;s:5:\\\"delay\\\";O:13:\\\"Carbon\\\\Carbon\\\":3:{s:4:\\\"date\\\";s:26:\\\"2024-06-11 11:43:58.700137\\\";s:13:\\\"timezone_type\\\";i:3;s:8:\\\"timezone\\\";s:11:\\\"Asia\\/Manila\\\";}}\"}}',0,NULL,1718077438,1718076238),(10,'default','{\"uuid\":\"143ba87e-011c-4128-b18b-ac181593be73\",\"displayName\":\"App\\\\Events\\\\CheckInEvent\",\"job\":\"Illuminate\\\\Queue\\\\CallQueuedHandler@call\",\"maxTries\":null,\"maxExceptions\":null,\"failOnTimeout\":false,\"backoff\":null,\"timeout\":null,\"retryUntil\":null,\"data\":{\"commandName\":\"Illuminate\\\\Broadcasting\\\\BroadcastEvent\",\"command\":\"O:38:\\\"Illuminate\\\\Broadcasting\\\\BroadcastEvent\\\":13:{s:5:\\\"event\\\";O:23:\\\"App\\\\Events\\\\CheckInEvent\\\":1:{s:9:\\\"branch_id\\\";i:1;}s:5:\\\"tries\\\";N;s:7:\\\"timeout\\\";N;s:7:\\\"backoff\\\";N;s:10:\\\"connection\\\";N;s:5:\\\"queue\\\";N;s:15:\\\"chainConnection\\\";N;s:10:\\\"chainQueue\\\";N;s:19:\\\"chainCatchCallbacks\\\";N;s:5:\\\"delay\\\";N;s:11:\\\"afterCommit\\\";N;s:10:\\\"middleware\\\";a:0:{}s:7:\\\"chained\\\";a:0:{}}\"}}',0,NULL,1718076238,1718076238),(11,'default','{\"uuid\":\"3efa31ab-26c2-431b-8eb0-f9a419926e52\",\"displayName\":\"App\\\\Jobs\\\\TerminationInKiosk\",\"job\":\"Illuminate\\\\Queue\\\\CallQueuedHandler@call\",\"maxTries\":null,\"maxExceptions\":null,\"failOnTimeout\":false,\"backoff\":null,\"timeout\":null,\"retryUntil\":null,\"data\":{\"commandName\":\"App\\\\Jobs\\\\TerminationInKiosk\",\"command\":\"O:27:\\\"App\\\\Jobs\\\\TerminationInKiosk\\\":2:{s:7:\\\"room_id\\\";i:48;s:5:\\\"delay\\\";O:13:\\\"Carbon\\\\Carbon\\\":3:{s:4:\\\"date\\\";s:26:\\\"2024-06-11 11:47:08.358060\\\";s:13:\\\"timezone_type\\\";i:3;s:8:\\\"timezone\\\";s:11:\\\"Asia\\/Manila\\\";}}\"}}',0,NULL,1718077628,1718076428),(12,'default','{\"uuid\":\"d1e3ec53-864f-44b7-b741-addca5d3ecb7\",\"displayName\":\"App\\\\Events\\\\CheckInEvent\",\"job\":\"Illuminate\\\\Queue\\\\CallQueuedHandler@call\",\"maxTries\":null,\"maxExceptions\":null,\"failOnTimeout\":false,\"backoff\":null,\"timeout\":null,\"retryUntil\":null,\"data\":{\"commandName\":\"Illuminate\\\\Broadcasting\\\\BroadcastEvent\",\"command\":\"O:38:\\\"Illuminate\\\\Broadcasting\\\\BroadcastEvent\\\":13:{s:5:\\\"event\\\";O:23:\\\"App\\\\Events\\\\CheckInEvent\\\":1:{s:9:\\\"branch_id\\\";i:1;}s:5:\\\"tries\\\";N;s:7:\\\"timeout\\\";N;s:7:\\\"backoff\\\";N;s:10:\\\"connection\\\";N;s:5:\\\"queue\\\";N;s:15:\\\"chainConnection\\\";N;s:10:\\\"chainQueue\\\";N;s:19:\\\"chainCatchCallbacks\\\";N;s:5:\\\"delay\\\";N;s:11:\\\"afterCommit\\\";N;s:10:\\\"middleware\\\";a:0:{}s:7:\\\"chained\\\";a:0:{}}\"}}',0,NULL,1718076428,1718076428),(13,'default','{\"uuid\":\"262ca1bb-2ac7-4e2b-84be-cf51c7eee73c\",\"displayName\":\"App\\\\Jobs\\\\TerminationInKiosk\",\"job\":\"Illuminate\\\\Queue\\\\CallQueuedHandler@call\",\"maxTries\":null,\"maxExceptions\":null,\"failOnTimeout\":false,\"backoff\":null,\"timeout\":null,\"retryUntil\":null,\"data\":{\"commandName\":\"App\\\\Jobs\\\\TerminationInKiosk\",\"command\":\"O:27:\\\"App\\\\Jobs\\\\TerminationInKiosk\\\":2:{s:7:\\\"room_id\\\";i:11;s:5:\\\"delay\\\";O:13:\\\"Carbon\\\\Carbon\\\":3:{s:4:\\\"date\\\";s:26:\\\"2024-06-11 11:48:54.516046\\\";s:13:\\\"timezone_type\\\";i:3;s:8:\\\"timezone\\\";s:11:\\\"Asia\\/Manila\\\";}}\"}}',0,NULL,1718077734,1718076534),(14,'default','{\"uuid\":\"75de241c-ab49-4c95-a4a7-4ab85b23439b\",\"displayName\":\"App\\\\Events\\\\CheckInEvent\",\"job\":\"Illuminate\\\\Queue\\\\CallQueuedHandler@call\",\"maxTries\":null,\"maxExceptions\":null,\"failOnTimeout\":false,\"backoff\":null,\"timeout\":null,\"retryUntil\":null,\"data\":{\"commandName\":\"Illuminate\\\\Broadcasting\\\\BroadcastEvent\",\"command\":\"O:38:\\\"Illuminate\\\\Broadcasting\\\\BroadcastEvent\\\":13:{s:5:\\\"event\\\";O:23:\\\"App\\\\Events\\\\CheckInEvent\\\":1:{s:9:\\\"branch_id\\\";i:1;}s:5:\\\"tries\\\";N;s:7:\\\"timeout\\\";N;s:7:\\\"backoff\\\";N;s:10:\\\"connection\\\";N;s:5:\\\"queue\\\";N;s:15:\\\"chainConnection\\\";N;s:10:\\\"chainQueue\\\";N;s:19:\\\"chainCatchCallbacks\\\";N;s:5:\\\"delay\\\";N;s:11:\\\"afterCommit\\\";N;s:10:\\\"middleware\\\";a:0:{}s:7:\\\"chained\\\";a:0:{}}\"}}',0,NULL,1718076534,1718076534),(15,'default','{\"uuid\":\"2df71bbd-0a68-47ba-af96-ef9175aad2a5\",\"displayName\":\"App\\\\Jobs\\\\TerminationInKiosk\",\"job\":\"Illuminate\\\\Queue\\\\CallQueuedHandler@call\",\"maxTries\":null,\"maxExceptions\":null,\"failOnTimeout\":false,\"backoff\":null,\"timeout\":null,\"retryUntil\":null,\"data\":{\"commandName\":\"App\\\\Jobs\\\\TerminationInKiosk\",\"command\":\"O:27:\\\"App\\\\Jobs\\\\TerminationInKiosk\\\":2:{s:7:\\\"room_id\\\";i:6;s:5:\\\"delay\\\";O:13:\\\"Carbon\\\\Carbon\\\":3:{s:4:\\\"date\\\";s:26:\\\"2024-06-11 11:50:36.143218\\\";s:13:\\\"timezone_type\\\";i:3;s:8:\\\"timezone\\\";s:11:\\\"Asia\\/Manila\\\";}}\"}}',0,NULL,1718077836,1718076636),(16,'default','{\"uuid\":\"4cd8efad-13fb-4c56-a07f-b512161a3627\",\"displayName\":\"App\\\\Events\\\\CheckInEvent\",\"job\":\"Illuminate\\\\Queue\\\\CallQueuedHandler@call\",\"maxTries\":null,\"maxExceptions\":null,\"failOnTimeout\":false,\"backoff\":null,\"timeout\":null,\"retryUntil\":null,\"data\":{\"commandName\":\"Illuminate\\\\Broadcasting\\\\BroadcastEvent\",\"command\":\"O:38:\\\"Illuminate\\\\Broadcasting\\\\BroadcastEvent\\\":13:{s:5:\\\"event\\\";O:23:\\\"App\\\\Events\\\\CheckInEvent\\\":1:{s:9:\\\"branch_id\\\";i:1;}s:5:\\\"tries\\\";N;s:7:\\\"timeout\\\";N;s:7:\\\"backoff\\\";N;s:10:\\\"connection\\\";N;s:5:\\\"queue\\\";N;s:15:\\\"chainConnection\\\";N;s:10:\\\"chainQueue\\\";N;s:19:\\\"chainCatchCallbacks\\\";N;s:5:\\\"delay\\\";N;s:11:\\\"afterCommit\\\";N;s:10:\\\"middleware\\\";a:0:{}s:7:\\\"chained\\\";a:0:{}}\"}}',0,NULL,1718076636,1718076636),(17,'default','{\"uuid\":\"46b0f557-2e0d-4f18-8b1f-d00256a9f7a6\",\"displayName\":\"App\\\\Jobs\\\\TerminationInKiosk\",\"job\":\"Illuminate\\\\Queue\\\\CallQueuedHandler@call\",\"maxTries\":null,\"maxExceptions\":null,\"failOnTimeout\":false,\"backoff\":null,\"timeout\":null,\"retryUntil\":null,\"data\":{\"commandName\":\"App\\\\Jobs\\\\TerminationInKiosk\",\"command\":\"O:27:\\\"App\\\\Jobs\\\\TerminationInKiosk\\\":2:{s:7:\\\"room_id\\\";i:89;s:5:\\\"delay\\\";O:13:\\\"Carbon\\\\Carbon\\\":3:{s:4:\\\"date\\\";s:26:\\\"2024-06-12 07:55:12.696692\\\";s:13:\\\"timezone_type\\\";i:3;s:8:\\\"timezone\\\";s:11:\\\"Asia\\/Manila\\\";}}\"}}',0,NULL,1718150112,1718148912),(18,'default','{\"uuid\":\"b4822667-b4dc-4374-9d2e-e0df07571c53\",\"displayName\":\"App\\\\Events\\\\CheckInEvent\",\"job\":\"Illuminate\\\\Queue\\\\CallQueuedHandler@call\",\"maxTries\":null,\"maxExceptions\":null,\"failOnTimeout\":false,\"backoff\":null,\"timeout\":null,\"retryUntil\":null,\"data\":{\"commandName\":\"Illuminate\\\\Broadcasting\\\\BroadcastEvent\",\"command\":\"O:38:\\\"Illuminate\\\\Broadcasting\\\\BroadcastEvent\\\":13:{s:5:\\\"event\\\";O:23:\\\"App\\\\Events\\\\CheckInEvent\\\":1:{s:9:\\\"branch_id\\\";i:1;}s:5:\\\"tries\\\";N;s:7:\\\"timeout\\\";N;s:7:\\\"backoff\\\";N;s:10:\\\"connection\\\";N;s:5:\\\"queue\\\";N;s:15:\\\"chainConnection\\\";N;s:10:\\\"chainQueue\\\";N;s:19:\\\"chainCatchCallbacks\\\";N;s:5:\\\"delay\\\";N;s:11:\\\"afterCommit\\\";N;s:10:\\\"middleware\\\";a:0:{}s:7:\\\"chained\\\";a:0:{}}\"}}',0,NULL,1718148912,1718148912),(19,'default','{\"uuid\":\"8a70f151-f84e-4108-ad4c-38642dd202b2\",\"displayName\":\"App\\\\Jobs\\\\TerminationInKiosk\",\"job\":\"Illuminate\\\\Queue\\\\CallQueuedHandler@call\",\"maxTries\":null,\"maxExceptions\":null,\"failOnTimeout\":false,\"backoff\":null,\"timeout\":null,\"retryUntil\":null,\"data\":{\"commandName\":\"App\\\\Jobs\\\\TerminationInKiosk\",\"command\":\"O:27:\\\"App\\\\Jobs\\\\TerminationInKiosk\\\":2:{s:7:\\\"room_id\\\";i:130;s:5:\\\"delay\\\";O:13:\\\"Carbon\\\\Carbon\\\":3:{s:4:\\\"date\\\";s:26:\\\"2024-06-13 10:07:27.937844\\\";s:13:\\\"timezone_type\\\";i:3;s:8:\\\"timezone\\\";s:11:\\\"Asia\\/Manila\\\";}}\"}}',0,NULL,1718244447,1718243247),(20,'default','{\"uuid\":\"6cad7823-541a-436d-b599-99f946738d66\",\"displayName\":\"App\\\\Events\\\\CheckInEvent\",\"job\":\"Illuminate\\\\Queue\\\\CallQueuedHandler@call\",\"maxTries\":null,\"maxExceptions\":null,\"failOnTimeout\":false,\"backoff\":null,\"timeout\":null,\"retryUntil\":null,\"data\":{\"commandName\":\"Illuminate\\\\Broadcasting\\\\BroadcastEvent\",\"command\":\"O:38:\\\"Illuminate\\\\Broadcasting\\\\BroadcastEvent\\\":13:{s:5:\\\"event\\\";O:23:\\\"App\\\\Events\\\\CheckInEvent\\\":1:{s:9:\\\"branch_id\\\";i:1;}s:5:\\\"tries\\\";N;s:7:\\\"timeout\\\";N;s:7:\\\"backoff\\\";N;s:10:\\\"connection\\\";N;s:5:\\\"queue\\\";N;s:15:\\\"chainConnection\\\";N;s:10:\\\"chainQueue\\\";N;s:19:\\\"chainCatchCallbacks\\\";N;s:5:\\\"delay\\\";N;s:11:\\\"afterCommit\\\";N;s:10:\\\"middleware\\\";a:0:{}s:7:\\\"chained\\\";a:0:{}}\"}}',0,NULL,1718243247,1718243247),(21,'default','{\"uuid\":\"1cc753a2-740e-432c-b953-fcbd82a7e1b2\",\"displayName\":\"App\\\\Jobs\\\\TerminationInKiosk\",\"job\":\"Illuminate\\\\Queue\\\\CallQueuedHandler@call\",\"maxTries\":null,\"maxExceptions\":null,\"failOnTimeout\":false,\"backoff\":null,\"timeout\":null,\"retryUntil\":null,\"data\":{\"commandName\":\"App\\\\Jobs\\\\TerminationInKiosk\",\"command\":\"O:27:\\\"App\\\\Jobs\\\\TerminationInKiosk\\\":2:{s:7:\\\"room_id\\\";i:131;s:5:\\\"delay\\\";O:13:\\\"Carbon\\\\Carbon\\\":3:{s:4:\\\"date\\\";s:26:\\\"2024-06-13 10:10:16.659466\\\";s:13:\\\"timezone_type\\\";i:3;s:8:\\\"timezone\\\";s:11:\\\"Asia\\/Manila\\\";}}\"}}',0,NULL,1718244616,1718243416),(22,'default','{\"uuid\":\"a8300d4d-ef2b-4103-b6ee-42609955a6e0\",\"displayName\":\"App\\\\Events\\\\CheckInEvent\",\"job\":\"Illuminate\\\\Queue\\\\CallQueuedHandler@call\",\"maxTries\":null,\"maxExceptions\":null,\"failOnTimeout\":false,\"backoff\":null,\"timeout\":null,\"retryUntil\":null,\"data\":{\"commandName\":\"Illuminate\\\\Broadcasting\\\\BroadcastEvent\",\"command\":\"O:38:\\\"Illuminate\\\\Broadcasting\\\\BroadcastEvent\\\":13:{s:5:\\\"event\\\";O:23:\\\"App\\\\Events\\\\CheckInEvent\\\":1:{s:9:\\\"branch_id\\\";i:1;}s:5:\\\"tries\\\";N;s:7:\\\"timeout\\\";N;s:7:\\\"backoff\\\";N;s:10:\\\"connection\\\";N;s:5:\\\"queue\\\";N;s:15:\\\"chainConnection\\\";N;s:10:\\\"chainQueue\\\";N;s:19:\\\"chainCatchCallbacks\\\";N;s:5:\\\"delay\\\";N;s:11:\\\"afterCommit\\\";N;s:10:\\\"middleware\\\";a:0:{}s:7:\\\"chained\\\";a:0:{}}\"}}',0,NULL,1718243416,1718243416),(23,'default','{\"uuid\":\"15400a08-e144-4d9b-88d6-b7f4fdac8d02\",\"displayName\":\"App\\\\Jobs\\\\TerminationInKiosk\",\"job\":\"Illuminate\\\\Queue\\\\CallQueuedHandler@call\",\"maxTries\":null,\"maxExceptions\":null,\"failOnTimeout\":false,\"backoff\":null,\"timeout\":null,\"retryUntil\":null,\"data\":{\"commandName\":\"App\\\\Jobs\\\\TerminationInKiosk\",\"command\":\"O:27:\\\"App\\\\Jobs\\\\TerminationInKiosk\\\":2:{s:7:\\\"room_id\\\";i:205;s:5:\\\"delay\\\";O:13:\\\"Carbon\\\\Carbon\\\":3:{s:4:\\\"date\\\";s:26:\\\"2024-06-13 10:10:38.682214\\\";s:13:\\\"timezone_type\\\";i:3;s:8:\\\"timezone\\\";s:11:\\\"Asia\\/Manila\\\";}}\"}}',0,NULL,1718244638,1718243438),(24,'default','{\"uuid\":\"30e88246-2266-43ef-9d91-4b7731cd3009\",\"displayName\":\"App\\\\Events\\\\CheckInEvent\",\"job\":\"Illuminate\\\\Queue\\\\CallQueuedHandler@call\",\"maxTries\":null,\"maxExceptions\":null,\"failOnTimeout\":false,\"backoff\":null,\"timeout\":null,\"retryUntil\":null,\"data\":{\"commandName\":\"Illuminate\\\\Broadcasting\\\\BroadcastEvent\",\"command\":\"O:38:\\\"Illuminate\\\\Broadcasting\\\\BroadcastEvent\\\":13:{s:5:\\\"event\\\";O:23:\\\"App\\\\Events\\\\CheckInEvent\\\":1:{s:9:\\\"branch_id\\\";i:1;}s:5:\\\"tries\\\";N;s:7:\\\"timeout\\\";N;s:7:\\\"backoff\\\";N;s:10:\\\"connection\\\";N;s:5:\\\"queue\\\";N;s:15:\\\"chainConnection\\\";N;s:10:\\\"chainQueue\\\";N;s:19:\\\"chainCatchCallbacks\\\";N;s:5:\\\"delay\\\";N;s:11:\\\"afterCommit\\\";N;s:10:\\\"middleware\\\";a:0:{}s:7:\\\"chained\\\";a:0:{}}\"}}',0,NULL,1718243438,1718243438),(25,'default','{\"uuid\":\"fedc1feb-84a6-4616-a89b-c8ec1bbeb8fd\",\"displayName\":\"App\\\\Jobs\\\\TerminationInKiosk\",\"job\":\"Illuminate\\\\Queue\\\\CallQueuedHandler@call\",\"maxTries\":null,\"maxExceptions\":null,\"failOnTimeout\":false,\"backoff\":null,\"timeout\":null,\"retryUntil\":null,\"data\":{\"commandName\":\"App\\\\Jobs\\\\TerminationInKiosk\",\"command\":\"O:27:\\\"App\\\\Jobs\\\\TerminationInKiosk\\\":2:{s:7:\\\"room_id\\\";i:1;s:5:\\\"delay\\\";O:13:\\\"Carbon\\\\Carbon\\\":3:{s:4:\\\"date\\\";s:26:\\\"2024-06-13 10:10:56.700387\\\";s:13:\\\"timezone_type\\\";i:3;s:8:\\\"timezone\\\";s:11:\\\"Asia\\/Manila\\\";}}\"}}',0,NULL,1718244656,1718243456),(26,'default','{\"uuid\":\"24c5fc42-cc85-4e66-8a67-0c3547e9305f\",\"displayName\":\"App\\\\Events\\\\CheckInEvent\",\"job\":\"Illuminate\\\\Queue\\\\CallQueuedHandler@call\",\"maxTries\":null,\"maxExceptions\":null,\"failOnTimeout\":false,\"backoff\":null,\"timeout\":null,\"retryUntil\":null,\"data\":{\"commandName\":\"Illuminate\\\\Broadcasting\\\\BroadcastEvent\",\"command\":\"O:38:\\\"Illuminate\\\\Broadcasting\\\\BroadcastEvent\\\":13:{s:5:\\\"event\\\";O:23:\\\"App\\\\Events\\\\CheckInEvent\\\":1:{s:9:\\\"branch_id\\\";i:1;}s:5:\\\"tries\\\";N;s:7:\\\"timeout\\\";N;s:7:\\\"backoff\\\";N;s:10:\\\"connection\\\";N;s:5:\\\"queue\\\";N;s:15:\\\"chainConnection\\\";N;s:10:\\\"chainQueue\\\";N;s:19:\\\"chainCatchCallbacks\\\";N;s:5:\\\"delay\\\";N;s:11:\\\"afterCommit\\\";N;s:10:\\\"middleware\\\";a:0:{}s:7:\\\"chained\\\";a:0:{}}\"}}',0,NULL,1718243456,1718243456),(27,'default','{\"uuid\":\"122ab21e-24fc-4eda-a5e4-b67625430f3a\",\"displayName\":\"App\\\\Jobs\\\\TerminationInKiosk\",\"job\":\"Illuminate\\\\Queue\\\\CallQueuedHandler@call\",\"maxTries\":null,\"maxExceptions\":null,\"failOnTimeout\":false,\"backoff\":null,\"timeout\":null,\"retryUntil\":null,\"data\":{\"commandName\":\"App\\\\Jobs\\\\TerminationInKiosk\",\"command\":\"O:27:\\\"App\\\\Jobs\\\\TerminationInKiosk\\\":2:{s:7:\\\"room_id\\\";i:39;s:5:\\\"delay\\\";O:13:\\\"Carbon\\\\Carbon\\\":3:{s:4:\\\"date\\\";s:26:\\\"2024-06-13 10:11:16.190040\\\";s:13:\\\"timezone_type\\\";i:3;s:8:\\\"timezone\\\";s:11:\\\"Asia\\/Manila\\\";}}\"}}',0,NULL,1718244676,1718243476),(28,'default','{\"uuid\":\"0edfd947-041c-4c12-a7f0-be9d76627762\",\"displayName\":\"App\\\\Events\\\\CheckInEvent\",\"job\":\"Illuminate\\\\Queue\\\\CallQueuedHandler@call\",\"maxTries\":null,\"maxExceptions\":null,\"failOnTimeout\":false,\"backoff\":null,\"timeout\":null,\"retryUntil\":null,\"data\":{\"commandName\":\"Illuminate\\\\Broadcasting\\\\BroadcastEvent\",\"command\":\"O:38:\\\"Illuminate\\\\Broadcasting\\\\BroadcastEvent\\\":13:{s:5:\\\"event\\\";O:23:\\\"App\\\\Events\\\\CheckInEvent\\\":1:{s:9:\\\"branch_id\\\";i:1;}s:5:\\\"tries\\\";N;s:7:\\\"timeout\\\";N;s:7:\\\"backoff\\\";N;s:10:\\\"connection\\\";N;s:5:\\\"queue\\\";N;s:15:\\\"chainConnection\\\";N;s:10:\\\"chainQueue\\\";N;s:19:\\\"chainCatchCallbacks\\\";N;s:5:\\\"delay\\\";N;s:11:\\\"afterCommit\\\";N;s:10:\\\"middleware\\\";a:0:{}s:7:\\\"chained\\\";a:0:{}}\"}}',0,NULL,1718243476,1718243476),(29,'default','{\"uuid\":\"3a93dd01-4d95-4867-9769-52ac10ed0a55\",\"displayName\":\"App\\\\Jobs\\\\TerminationInKiosk\",\"job\":\"Illuminate\\\\Queue\\\\CallQueuedHandler@call\",\"maxTries\":null,\"maxExceptions\":null,\"failOnTimeout\":false,\"backoff\":null,\"timeout\":null,\"retryUntil\":null,\"data\":{\"commandName\":\"App\\\\Jobs\\\\TerminationInKiosk\",\"command\":\"O:27:\\\"App\\\\Jobs\\\\TerminationInKiosk\\\":2:{s:7:\\\"room_id\\\";i:40;s:5:\\\"delay\\\";O:13:\\\"Carbon\\\\Carbon\\\":3:{s:4:\\\"date\\\";s:26:\\\"2024-06-13 10:11:36.660228\\\";s:13:\\\"timezone_type\\\";i:3;s:8:\\\"timezone\\\";s:11:\\\"Asia\\/Manila\\\";}}\"}}',0,NULL,1718244696,1718243496),(30,'default','{\"uuid\":\"4c5e1a3e-f1f8-490c-a4c4-3d6fcb7f1fe6\",\"displayName\":\"App\\\\Events\\\\CheckInEvent\",\"job\":\"Illuminate\\\\Queue\\\\CallQueuedHandler@call\",\"maxTries\":null,\"maxExceptions\":null,\"failOnTimeout\":false,\"backoff\":null,\"timeout\":null,\"retryUntil\":null,\"data\":{\"commandName\":\"Illuminate\\\\Broadcasting\\\\BroadcastEvent\",\"command\":\"O:38:\\\"Illuminate\\\\Broadcasting\\\\BroadcastEvent\\\":13:{s:5:\\\"event\\\";O:23:\\\"App\\\\Events\\\\CheckInEvent\\\":1:{s:9:\\\"branch_id\\\";i:1;}s:5:\\\"tries\\\";N;s:7:\\\"timeout\\\";N;s:7:\\\"backoff\\\";N;s:10:\\\"connection\\\";N;s:5:\\\"queue\\\";N;s:15:\\\"chainConnection\\\";N;s:10:\\\"chainQueue\\\";N;s:19:\\\"chainCatchCallbacks\\\";N;s:5:\\\"delay\\\";N;s:11:\\\"afterCommit\\\";N;s:10:\\\"middleware\\\";a:0:{}s:7:\\\"chained\\\";a:0:{}}\"}}',0,NULL,1718243496,1718243496),(31,'default','{\"uuid\":\"ef763ff4-f766-4192-a2f6-11623876af22\",\"displayName\":\"App\\\\Jobs\\\\TerminationInKiosk\",\"job\":\"Illuminate\\\\Queue\\\\CallQueuedHandler@call\",\"maxTries\":null,\"maxExceptions\":null,\"failOnTimeout\":false,\"backoff\":null,\"timeout\":null,\"retryUntil\":null,\"data\":{\"commandName\":\"App\\\\Jobs\\\\TerminationInKiosk\",\"command\":\"O:27:\\\"App\\\\Jobs\\\\TerminationInKiosk\\\":2:{s:7:\\\"room_id\\\";i:7;s:5:\\\"delay\\\";O:13:\\\"Carbon\\\\Carbon\\\":3:{s:4:\\\"date\\\";s:26:\\\"2024-06-13 10:12:00.415697\\\";s:13:\\\"timezone_type\\\";i:3;s:8:\\\"timezone\\\";s:11:\\\"Asia\\/Manila\\\";}}\"}}',0,NULL,1718244720,1718243520),(32,'default','{\"uuid\":\"82016172-f749-46fc-8357-40a6ed7da75c\",\"displayName\":\"App\\\\Events\\\\CheckInEvent\",\"job\":\"Illuminate\\\\Queue\\\\CallQueuedHandler@call\",\"maxTries\":null,\"maxExceptions\":null,\"failOnTimeout\":false,\"backoff\":null,\"timeout\":null,\"retryUntil\":null,\"data\":{\"commandName\":\"Illuminate\\\\Broadcasting\\\\BroadcastEvent\",\"command\":\"O:38:\\\"Illuminate\\\\Broadcasting\\\\BroadcastEvent\\\":13:{s:5:\\\"event\\\";O:23:\\\"App\\\\Events\\\\CheckInEvent\\\":1:{s:9:\\\"branch_id\\\";i:1;}s:5:\\\"tries\\\";N;s:7:\\\"timeout\\\";N;s:7:\\\"backoff\\\";N;s:10:\\\"connection\\\";N;s:5:\\\"queue\\\";N;s:15:\\\"chainConnection\\\";N;s:10:\\\"chainQueue\\\";N;s:19:\\\"chainCatchCallbacks\\\";N;s:5:\\\"delay\\\";N;s:11:\\\"afterCommit\\\";N;s:10:\\\"middleware\\\";a:0:{}s:7:\\\"chained\\\";a:0:{}}\"}}',0,NULL,1718243520,1718243520),(33,'default','{\"uuid\":\"1d1041e7-cd67-4e18-ba1a-3d5a908b5c06\",\"displayName\":\"App\\\\Jobs\\\\TerminationInKiosk\",\"job\":\"Illuminate\\\\Queue\\\\CallQueuedHandler@call\",\"maxTries\":null,\"maxExceptions\":null,\"failOnTimeout\":false,\"backoff\":null,\"timeout\":null,\"retryUntil\":null,\"data\":{\"commandName\":\"App\\\\Jobs\\\\TerminationInKiosk\",\"command\":\"O:27:\\\"App\\\\Jobs\\\\TerminationInKiosk\\\":2:{s:7:\\\"room_id\\\";i:15;s:5:\\\"delay\\\";O:13:\\\"Carbon\\\\Carbon\\\":3:{s:4:\\\"date\\\";s:26:\\\"2024-06-13 10:12:47.186347\\\";s:13:\\\"timezone_type\\\";i:3;s:8:\\\"timezone\\\";s:11:\\\"Asia\\/Manila\\\";}}\"}}',0,NULL,1718244767,1718243567),(34,'default','{\"uuid\":\"7212811b-b173-4bb4-a824-62ec0b6bcc40\",\"displayName\":\"App\\\\Events\\\\CheckInEvent\",\"job\":\"Illuminate\\\\Queue\\\\CallQueuedHandler@call\",\"maxTries\":null,\"maxExceptions\":null,\"failOnTimeout\":false,\"backoff\":null,\"timeout\":null,\"retryUntil\":null,\"data\":{\"commandName\":\"Illuminate\\\\Broadcasting\\\\BroadcastEvent\",\"command\":\"O:38:\\\"Illuminate\\\\Broadcasting\\\\BroadcastEvent\\\":13:{s:5:\\\"event\\\";O:23:\\\"App\\\\Events\\\\CheckInEvent\\\":1:{s:9:\\\"branch_id\\\";i:1;}s:5:\\\"tries\\\";N;s:7:\\\"timeout\\\";N;s:7:\\\"backoff\\\";N;s:10:\\\"connection\\\";N;s:5:\\\"queue\\\";N;s:15:\\\"chainConnection\\\";N;s:10:\\\"chainQueue\\\";N;s:19:\\\"chainCatchCallbacks\\\";N;s:5:\\\"delay\\\";N;s:11:\\\"afterCommit\\\";N;s:10:\\\"middleware\\\";a:0:{}s:7:\\\"chained\\\";a:0:{}}\"}}',0,NULL,1718243567,1718243567),(35,'default','{\"uuid\":\"1af97916-1072-4326-a769-2937d52f7764\",\"displayName\":\"App\\\\Jobs\\\\TerminationInKiosk\",\"job\":\"Illuminate\\\\Queue\\\\CallQueuedHandler@call\",\"maxTries\":null,\"maxExceptions\":null,\"failOnTimeout\":false,\"backoff\":null,\"timeout\":null,\"retryUntil\":null,\"data\":{\"commandName\":\"App\\\\Jobs\\\\TerminationInKiosk\",\"command\":\"O:27:\\\"App\\\\Jobs\\\\TerminationInKiosk\\\":2:{s:7:\\\"room_id\\\";i:55;s:5:\\\"delay\\\";O:13:\\\"Carbon\\\\Carbon\\\":3:{s:4:\\\"date\\\";s:26:\\\"2024-06-13 10:13:12.252705\\\";s:13:\\\"timezone_type\\\";i:3;s:8:\\\"timezone\\\";s:11:\\\"Asia\\/Manila\\\";}}\"}}',0,NULL,1718244792,1718243592),(36,'default','{\"uuid\":\"7c1dde62-b7de-4adc-9243-19890b59d477\",\"displayName\":\"App\\\\Events\\\\CheckInEvent\",\"job\":\"Illuminate\\\\Queue\\\\CallQueuedHandler@call\",\"maxTries\":null,\"maxExceptions\":null,\"failOnTimeout\":false,\"backoff\":null,\"timeout\":null,\"retryUntil\":null,\"data\":{\"commandName\":\"Illuminate\\\\Broadcasting\\\\BroadcastEvent\",\"command\":\"O:38:\\\"Illuminate\\\\Broadcasting\\\\BroadcastEvent\\\":13:{s:5:\\\"event\\\";O:23:\\\"App\\\\Events\\\\CheckInEvent\\\":1:{s:9:\\\"branch_id\\\";i:1;}s:5:\\\"tries\\\";N;s:7:\\\"timeout\\\";N;s:7:\\\"backoff\\\";N;s:10:\\\"connection\\\";N;s:5:\\\"queue\\\";N;s:15:\\\"chainConnection\\\";N;s:10:\\\"chainQueue\\\";N;s:19:\\\"chainCatchCallbacks\\\";N;s:5:\\\"delay\\\";N;s:11:\\\"afterCommit\\\";N;s:10:\\\"middleware\\\";a:0:{}s:7:\\\"chained\\\";a:0:{}}\"}}',0,NULL,1718243592,1718243592),(37,'default','{\"uuid\":\"c04c8d1d-618d-4ef6-b65e-b0f03ef9251f\",\"displayName\":\"App\\\\Jobs\\\\TerminationInKiosk\",\"job\":\"Illuminate\\\\Queue\\\\CallQueuedHandler@call\",\"maxTries\":null,\"maxExceptions\":null,\"failOnTimeout\":false,\"backoff\":null,\"timeout\":null,\"retryUntil\":null,\"data\":{\"commandName\":\"App\\\\Jobs\\\\TerminationInKiosk\",\"command\":\"O:27:\\\"App\\\\Jobs\\\\TerminationInKiosk\\\":2:{s:7:\\\"room_id\\\";i:48;s:5:\\\"delay\\\";O:13:\\\"Carbon\\\\Carbon\\\":3:{s:4:\\\"date\\\";s:26:\\\"2025-03-17 10:40:24.886032\\\";s:13:\\\"timezone_type\\\";i:3;s:8:\\\"timezone\\\";s:11:\\\"Asia\\/Manila\\\";}}\"}}',0,NULL,1742179224,1742178024),(38,'default','{\"uuid\":\"f2ea9bc2-22c5-4678-a5ee-4a9420bc35a8\",\"displayName\":\"App\\\\Events\\\\CheckInEvent\",\"job\":\"Illuminate\\\\Queue\\\\CallQueuedHandler@call\",\"maxTries\":null,\"maxExceptions\":null,\"failOnTimeout\":false,\"backoff\":null,\"timeout\":null,\"retryUntil\":null,\"data\":{\"commandName\":\"Illuminate\\\\Broadcasting\\\\BroadcastEvent\",\"command\":\"O:38:\\\"Illuminate\\\\Broadcasting\\\\BroadcastEvent\\\":13:{s:5:\\\"event\\\";O:23:\\\"App\\\\Events\\\\CheckInEvent\\\":1:{s:9:\\\"branch_id\\\";i:1;}s:5:\\\"tries\\\";N;s:7:\\\"timeout\\\";N;s:7:\\\"backoff\\\";N;s:10:\\\"connection\\\";N;s:5:\\\"queue\\\";N;s:15:\\\"chainConnection\\\";N;s:10:\\\"chainQueue\\\";N;s:19:\\\"chainCatchCallbacks\\\";N;s:5:\\\"delay\\\";N;s:11:\\\"afterCommit\\\";N;s:10:\\\"middleware\\\";a:0:{}s:7:\\\"chained\\\";a:0:{}}\"}}',0,NULL,1742178024,1742178024),(39,'default','{\"uuid\":\"13c6032a-7d12-4506-81e8-4f95a93290b9\",\"displayName\":\"App\\\\Jobs\\\\TerminationInKiosk\",\"job\":\"Illuminate\\\\Queue\\\\CallQueuedHandler@call\",\"maxTries\":null,\"maxExceptions\":null,\"failOnTimeout\":false,\"backoff\":null,\"timeout\":null,\"retryUntil\":null,\"data\":{\"commandName\":\"App\\\\Jobs\\\\TerminationInKiosk\",\"command\":\"O:27:\\\"App\\\\Jobs\\\\TerminationInKiosk\\\":2:{s:7:\\\"room_id\\\";i:1;s:5:\\\"delay\\\";O:13:\\\"Carbon\\\\Carbon\\\":3:{s:4:\\\"date\\\";s:26:\\\"2025-03-17 14:04:26.496616\\\";s:13:\\\"timezone_type\\\";i:3;s:8:\\\"timezone\\\";s:11:\\\"Asia\\/Manila\\\";}}\"}}',0,NULL,1742191466,1742190266),(40,'default','{\"uuid\":\"de1fb24b-6711-45b5-b9ac-037aedc7e243\",\"displayName\":\"App\\\\Events\\\\CheckInEvent\",\"job\":\"Illuminate\\\\Queue\\\\CallQueuedHandler@call\",\"maxTries\":null,\"maxExceptions\":null,\"failOnTimeout\":false,\"backoff\":null,\"timeout\":null,\"retryUntil\":null,\"data\":{\"commandName\":\"Illuminate\\\\Broadcasting\\\\BroadcastEvent\",\"command\":\"O:38:\\\"Illuminate\\\\Broadcasting\\\\BroadcastEvent\\\":13:{s:5:\\\"event\\\";O:23:\\\"App\\\\Events\\\\CheckInEvent\\\":1:{s:9:\\\"branch_id\\\";i:1;}s:5:\\\"tries\\\";N;s:7:\\\"timeout\\\";N;s:7:\\\"backoff\\\";N;s:10:\\\"connection\\\";N;s:5:\\\"queue\\\";N;s:15:\\\"chainConnection\\\";N;s:10:\\\"chainQueue\\\";N;s:19:\\\"chainCatchCallbacks\\\";N;s:5:\\\"delay\\\";N;s:11:\\\"afterCommit\\\";N;s:10:\\\"middleware\\\";a:0:{}s:7:\\\"chained\\\";a:0:{}}\"}}',0,NULL,1742190266,1742190266),(41,'default','{\"uuid\":\"d22cc44c-e05f-4985-91c6-19d868bb0ff3\",\"displayName\":\"App\\\\Jobs\\\\TerminationInKiosk\",\"job\":\"Illuminate\\\\Queue\\\\CallQueuedHandler@call\",\"maxTries\":null,\"maxExceptions\":null,\"failOnTimeout\":false,\"backoff\":null,\"timeout\":null,\"retryUntil\":null,\"data\":{\"commandName\":\"App\\\\Jobs\\\\TerminationInKiosk\",\"command\":\"O:27:\\\"App\\\\Jobs\\\\TerminationInKiosk\\\":2:{s:7:\\\"room_id\\\";i:172;s:5:\\\"delay\\\";O:13:\\\"Carbon\\\\Carbon\\\":3:{s:4:\\\"date\\\";s:26:\\\"2025-03-17 14:16:18.478468\\\";s:13:\\\"timezone_type\\\";i:3;s:8:\\\"timezone\\\";s:11:\\\"Asia\\/Manila\\\";}}\"}}',0,NULL,1742192178,1742190978),(42,'default','{\"uuid\":\"3d3b9091-bfcc-487d-a1ec-f254a42035b6\",\"displayName\":\"App\\\\Events\\\\CheckInEvent\",\"job\":\"Illuminate\\\\Queue\\\\CallQueuedHandler@call\",\"maxTries\":null,\"maxExceptions\":null,\"failOnTimeout\":false,\"backoff\":null,\"timeout\":null,\"retryUntil\":null,\"data\":{\"commandName\":\"Illuminate\\\\Broadcasting\\\\BroadcastEvent\",\"command\":\"O:38:\\\"Illuminate\\\\Broadcasting\\\\BroadcastEvent\\\":13:{s:5:\\\"event\\\";O:23:\\\"App\\\\Events\\\\CheckInEvent\\\":1:{s:9:\\\"branch_id\\\";i:1;}s:5:\\\"tries\\\";N;s:7:\\\"timeout\\\";N;s:7:\\\"backoff\\\";N;s:10:\\\"connection\\\";N;s:5:\\\"queue\\\";N;s:15:\\\"chainConnection\\\";N;s:10:\\\"chainQueue\\\";N;s:19:\\\"chainCatchCallbacks\\\";N;s:5:\\\"delay\\\";N;s:11:\\\"afterCommit\\\";N;s:10:\\\"middleware\\\";a:0:{}s:7:\\\"chained\\\";a:0:{}}\"}}',0,NULL,1742190978,1742190978),(43,'default','{\"uuid\":\"33ced4de-8ddf-4e7f-a81f-825bb99ca58b\",\"displayName\":\"App\\\\Jobs\\\\TerminationInKiosk\",\"job\":\"Illuminate\\\\Queue\\\\CallQueuedHandler@call\",\"maxTries\":null,\"maxExceptions\":null,\"failOnTimeout\":false,\"backoff\":null,\"timeout\":null,\"retryUntil\":null,\"data\":{\"commandName\":\"App\\\\Jobs\\\\TerminationInKiosk\",\"command\":\"O:27:\\\"App\\\\Jobs\\\\TerminationInKiosk\\\":2:{s:7:\\\"room_id\\\";i:10;s:5:\\\"delay\\\";O:13:\\\"Carbon\\\\Carbon\\\":3:{s:4:\\\"date\\\";s:26:\\\"2025-03-17 14:19:29.266007\\\";s:13:\\\"timezone_type\\\";i:3;s:8:\\\"timezone\\\";s:11:\\\"Asia\\/Manila\\\";}}\"}}',0,NULL,1742192369,1742191169),(44,'default','{\"uuid\":\"16c90737-2493-4111-9f0b-931f1d2f0999\",\"displayName\":\"App\\\\Events\\\\CheckInEvent\",\"job\":\"Illuminate\\\\Queue\\\\CallQueuedHandler@call\",\"maxTries\":null,\"maxExceptions\":null,\"failOnTimeout\":false,\"backoff\":null,\"timeout\":null,\"retryUntil\":null,\"data\":{\"commandName\":\"Illuminate\\\\Broadcasting\\\\BroadcastEvent\",\"command\":\"O:38:\\\"Illuminate\\\\Broadcasting\\\\BroadcastEvent\\\":13:{s:5:\\\"event\\\";O:23:\\\"App\\\\Events\\\\CheckInEvent\\\":1:{s:9:\\\"branch_id\\\";i:1;}s:5:\\\"tries\\\";N;s:7:\\\"timeout\\\";N;s:7:\\\"backoff\\\";N;s:10:\\\"connection\\\";N;s:5:\\\"queue\\\";N;s:15:\\\"chainConnection\\\";N;s:10:\\\"chainQueue\\\";N;s:19:\\\"chainCatchCallbacks\\\";N;s:5:\\\"delay\\\";N;s:11:\\\"afterCommit\\\";N;s:10:\\\"middleware\\\";a:0:{}s:7:\\\"chained\\\";a:0:{}}\"}}',0,NULL,1742191169,1742191169),(45,'default','{\"uuid\":\"01e51a41-9b8b-47d1-bcb4-710973b1fe3a\",\"displayName\":\"App\\\\Jobs\\\\TerminationInKiosk\",\"job\":\"Illuminate\\\\Queue\\\\CallQueuedHandler@call\",\"maxTries\":null,\"maxExceptions\":null,\"failOnTimeout\":false,\"backoff\":null,\"timeout\":null,\"retryUntil\":null,\"data\":{\"commandName\":\"App\\\\Jobs\\\\TerminationInKiosk\",\"command\":\"O:27:\\\"App\\\\Jobs\\\\TerminationInKiosk\\\":2:{s:7:\\\"room_id\\\";i:22;s:5:\\\"delay\\\";O:13:\\\"Carbon\\\\Carbon\\\":3:{s:4:\\\"date\\\";s:26:\\\"2025-03-17 15:11:08.561960\\\";s:13:\\\"timezone_type\\\";i:3;s:8:\\\"timezone\\\";s:11:\\\"Asia\\/Manila\\\";}}\"}}',0,NULL,1742195468,1742194268),(46,'default','{\"uuid\":\"00ced778-187f-4262-862f-97885efa1b91\",\"displayName\":\"App\\\\Events\\\\CheckInEvent\",\"job\":\"Illuminate\\\\Queue\\\\CallQueuedHandler@call\",\"maxTries\":null,\"maxExceptions\":null,\"failOnTimeout\":false,\"backoff\":null,\"timeout\":null,\"retryUntil\":null,\"data\":{\"commandName\":\"Illuminate\\\\Broadcasting\\\\BroadcastEvent\",\"command\":\"O:38:\\\"Illuminate\\\\Broadcasting\\\\BroadcastEvent\\\":13:{s:5:\\\"event\\\";O:23:\\\"App\\\\Events\\\\CheckInEvent\\\":1:{s:9:\\\"branch_id\\\";i:1;}s:5:\\\"tries\\\";N;s:7:\\\"timeout\\\";N;s:7:\\\"backoff\\\";N;s:10:\\\"connection\\\";N;s:5:\\\"queue\\\";N;s:15:\\\"chainConnection\\\";N;s:10:\\\"chainQueue\\\";N;s:19:\\\"chainCatchCallbacks\\\";N;s:5:\\\"delay\\\";N;s:11:\\\"afterCommit\\\";N;s:10:\\\"middleware\\\";a:0:{}s:7:\\\"chained\\\";a:0:{}}\"}}',0,NULL,1742194268,1742194268),(47,'default','{\"uuid\":\"d1c09d43-5cfb-4221-856a-30def2b54272\",\"displayName\":\"App\\\\Jobs\\\\TerminationInKiosk\",\"job\":\"Illuminate\\\\Queue\\\\CallQueuedHandler@call\",\"maxTries\":null,\"maxExceptions\":null,\"failOnTimeout\":false,\"backoff\":null,\"timeout\":null,\"retryUntil\":null,\"data\":{\"commandName\":\"App\\\\Jobs\\\\TerminationInKiosk\",\"command\":\"O:27:\\\"App\\\\Jobs\\\\TerminationInKiosk\\\":2:{s:7:\\\"room_id\\\";i:18;s:5:\\\"delay\\\";O:13:\\\"Carbon\\\\Carbon\\\":3:{s:4:\\\"date\\\";s:26:\\\"2025-03-17 15:28:32.277695\\\";s:13:\\\"timezone_type\\\";i:3;s:8:\\\"timezone\\\";s:11:\\\"Asia\\/Manila\\\";}}\"}}',0,NULL,1742196512,1742195312),(48,'default','{\"uuid\":\"5b4d500c-9a36-4219-9aba-5e21bf11a3b5\",\"displayName\":\"App\\\\Events\\\\CheckInEvent\",\"job\":\"Illuminate\\\\Queue\\\\CallQueuedHandler@call\",\"maxTries\":null,\"maxExceptions\":null,\"failOnTimeout\":false,\"backoff\":null,\"timeout\":null,\"retryUntil\":null,\"data\":{\"commandName\":\"Illuminate\\\\Broadcasting\\\\BroadcastEvent\",\"command\":\"O:38:\\\"Illuminate\\\\Broadcasting\\\\BroadcastEvent\\\":13:{s:5:\\\"event\\\";O:23:\\\"App\\\\Events\\\\CheckInEvent\\\":1:{s:9:\\\"branch_id\\\";i:1;}s:5:\\\"tries\\\";N;s:7:\\\"timeout\\\";N;s:7:\\\"backoff\\\";N;s:10:\\\"connection\\\";N;s:5:\\\"queue\\\";N;s:15:\\\"chainConnection\\\";N;s:10:\\\"chainQueue\\\";N;s:19:\\\"chainCatchCallbacks\\\";N;s:5:\\\"delay\\\";N;s:11:\\\"afterCommit\\\";N;s:10:\\\"middleware\\\";a:0:{}s:7:\\\"chained\\\";a:0:{}}\"}}',0,NULL,1742195312,1742195312),(49,'default','{\"uuid\":\"ed389e17-edce-4d57-be6b-0562f942ac3e\",\"displayName\":\"App\\\\Jobs\\\\TerminationInKiosk\",\"job\":\"Illuminate\\\\Queue\\\\CallQueuedHandler@call\",\"maxTries\":null,\"maxExceptions\":null,\"failOnTimeout\":false,\"backoff\":null,\"timeout\":null,\"retryUntil\":null,\"data\":{\"commandName\":\"App\\\\Jobs\\\\TerminationInKiosk\",\"command\":\"O:27:\\\"App\\\\Jobs\\\\TerminationInKiosk\\\":2:{s:7:\\\"room_id\\\";i:1;s:5:\\\"delay\\\";O:13:\\\"Carbon\\\\Carbon\\\":3:{s:4:\\\"date\\\";s:26:\\\"2025-03-17 15:48:34.053351\\\";s:13:\\\"timezone_type\\\";i:3;s:8:\\\"timezone\\\";s:11:\\\"Asia\\/Manila\\\";}}\"}}',0,NULL,1742197714,1742196514),(50,'default','{\"uuid\":\"e2037b8c-85c5-455b-91e6-0d5f28b697e9\",\"displayName\":\"App\\\\Events\\\\CheckInEvent\",\"job\":\"Illuminate\\\\Queue\\\\CallQueuedHandler@call\",\"maxTries\":null,\"maxExceptions\":null,\"failOnTimeout\":false,\"backoff\":null,\"timeout\":null,\"retryUntil\":null,\"data\":{\"commandName\":\"Illuminate\\\\Broadcasting\\\\BroadcastEvent\",\"command\":\"O:38:\\\"Illuminate\\\\Broadcasting\\\\BroadcastEvent\\\":13:{s:5:\\\"event\\\";O:23:\\\"App\\\\Events\\\\CheckInEvent\\\":1:{s:9:\\\"branch_id\\\";i:1;}s:5:\\\"tries\\\";N;s:7:\\\"timeout\\\";N;s:7:\\\"backoff\\\";N;s:10:\\\"connection\\\";N;s:5:\\\"queue\\\";N;s:15:\\\"chainConnection\\\";N;s:10:\\\"chainQueue\\\";N;s:19:\\\"chainCatchCallbacks\\\";N;s:5:\\\"delay\\\";N;s:11:\\\"afterCommit\\\";N;s:10:\\\"middleware\\\";a:0:{}s:7:\\\"chained\\\";a:0:{}}\"}}',0,NULL,1742196514,1742196514),(51,'default','{\"uuid\":\"2d74674b-9ef6-4e2c-90e9-e04fb717f790\",\"displayName\":\"App\\\\Jobs\\\\TerminationInKiosk\",\"job\":\"Illuminate\\\\Queue\\\\CallQueuedHandler@call\",\"maxTries\":null,\"maxExceptions\":null,\"failOnTimeout\":false,\"backoff\":null,\"timeout\":null,\"retryUntil\":null,\"data\":{\"commandName\":\"App\\\\Jobs\\\\TerminationInKiosk\",\"command\":\"O:27:\\\"App\\\\Jobs\\\\TerminationInKiosk\\\":2:{s:7:\\\"room_id\\\";i:41;s:5:\\\"delay\\\";O:13:\\\"Carbon\\\\Carbon\\\":3:{s:4:\\\"date\\\";s:26:\\\"2025-03-18 15:18:47.506479\\\";s:13:\\\"timezone_type\\\";i:3;s:8:\\\"timezone\\\";s:11:\\\"Asia\\/Manila\\\";}}\"}}',0,NULL,1742282327,1742281127),(52,'default','{\"uuid\":\"2eaf3473-0693-43d7-953d-fefbd4e733aa\",\"displayName\":\"App\\\\Events\\\\CheckInEvent\",\"job\":\"Illuminate\\\\Queue\\\\CallQueuedHandler@call\",\"maxTries\":null,\"maxExceptions\":null,\"failOnTimeout\":false,\"backoff\":null,\"timeout\":null,\"retryUntil\":null,\"data\":{\"commandName\":\"Illuminate\\\\Broadcasting\\\\BroadcastEvent\",\"command\":\"O:38:\\\"Illuminate\\\\Broadcasting\\\\BroadcastEvent\\\":13:{s:5:\\\"event\\\";O:23:\\\"App\\\\Events\\\\CheckInEvent\\\":1:{s:9:\\\"branch_id\\\";i:1;}s:5:\\\"tries\\\";N;s:7:\\\"timeout\\\";N;s:7:\\\"backoff\\\";N;s:10:\\\"connection\\\";N;s:5:\\\"queue\\\";N;s:15:\\\"chainConnection\\\";N;s:10:\\\"chainQueue\\\";N;s:19:\\\"chainCatchCallbacks\\\";N;s:5:\\\"delay\\\";N;s:11:\\\"afterCommit\\\";N;s:10:\\\"middleware\\\";a:0:{}s:7:\\\"chained\\\";a:0:{}}\"}}',0,NULL,1742281127,1742281127),(53,'default','{\"uuid\":\"7a606320-5e2f-41ff-ac18-44fc54a1e11e\",\"displayName\":\"App\\\\Jobs\\\\TerminationInKiosk\",\"job\":\"Illuminate\\\\Queue\\\\CallQueuedHandler@call\",\"maxTries\":null,\"maxExceptions\":null,\"failOnTimeout\":false,\"backoff\":null,\"timeout\":null,\"retryUntil\":null,\"data\":{\"commandName\":\"App\\\\Jobs\\\\TerminationInKiosk\",\"command\":\"O:27:\\\"App\\\\Jobs\\\\TerminationInKiosk\\\":2:{s:7:\\\"room_id\\\";i:2;s:5:\\\"delay\\\";O:13:\\\"Carbon\\\\Carbon\\\":3:{s:4:\\\"date\\\";s:26:\\\"2025-03-18 15:28:13.222187\\\";s:13:\\\"timezone_type\\\";i:3;s:8:\\\"timezone\\\";s:11:\\\"Asia\\/Manila\\\";}}\"}}',0,NULL,1742282893,1742281693),(54,'default','{\"uuid\":\"fb69d505-9b26-4d60-b41e-0362405ea11c\",\"displayName\":\"App\\\\Events\\\\CheckInEvent\",\"job\":\"Illuminate\\\\Queue\\\\CallQueuedHandler@call\",\"maxTries\":null,\"maxExceptions\":null,\"failOnTimeout\":false,\"backoff\":null,\"timeout\":null,\"retryUntil\":null,\"data\":{\"commandName\":\"Illuminate\\\\Broadcasting\\\\BroadcastEvent\",\"command\":\"O:38:\\\"Illuminate\\\\Broadcasting\\\\BroadcastEvent\\\":13:{s:5:\\\"event\\\";O:23:\\\"App\\\\Events\\\\CheckInEvent\\\":1:{s:9:\\\"branch_id\\\";i:1;}s:5:\\\"tries\\\";N;s:7:\\\"timeout\\\";N;s:7:\\\"backoff\\\";N;s:10:\\\"connection\\\";N;s:5:\\\"queue\\\";N;s:15:\\\"chainConnection\\\";N;s:10:\\\"chainQueue\\\";N;s:19:\\\"chainCatchCallbacks\\\";N;s:5:\\\"delay\\\";N;s:11:\\\"afterCommit\\\";N;s:10:\\\"middleware\\\";a:0:{}s:7:\\\"chained\\\";a:0:{}}\"}}',0,NULL,1742281693,1742281693),(55,'default','{\"uuid\":\"f06a169f-8c47-4eb1-8319-cbd148b10e2b\",\"displayName\":\"App\\\\Jobs\\\\TerminationInKiosk\",\"job\":\"Illuminate\\\\Queue\\\\CallQueuedHandler@call\",\"maxTries\":null,\"maxExceptions\":null,\"failOnTimeout\":false,\"backoff\":null,\"timeout\":null,\"retryUntil\":null,\"data\":{\"commandName\":\"App\\\\Jobs\\\\TerminationInKiosk\",\"command\":\"O:27:\\\"App\\\\Jobs\\\\TerminationInKiosk\\\":2:{s:7:\\\"room_id\\\";i:42;s:5:\\\"delay\\\";O:13:\\\"Carbon\\\\Carbon\\\":3:{s:4:\\\"date\\\";s:26:\\\"2025-03-18 15:30:13.539254\\\";s:13:\\\"timezone_type\\\";i:3;s:8:\\\"timezone\\\";s:11:\\\"Asia\\/Manila\\\";}}\"}}',0,NULL,1742283013,1742281813),(56,'default','{\"uuid\":\"464c7fb5-1fbf-4f5a-a7cb-84b1626530c9\",\"displayName\":\"App\\\\Events\\\\CheckInEvent\",\"job\":\"Illuminate\\\\Queue\\\\CallQueuedHandler@call\",\"maxTries\":null,\"maxExceptions\":null,\"failOnTimeout\":false,\"backoff\":null,\"timeout\":null,\"retryUntil\":null,\"data\":{\"commandName\":\"Illuminate\\\\Broadcasting\\\\BroadcastEvent\",\"command\":\"O:38:\\\"Illuminate\\\\Broadcasting\\\\BroadcastEvent\\\":13:{s:5:\\\"event\\\";O:23:\\\"App\\\\Events\\\\CheckInEvent\\\":1:{s:9:\\\"branch_id\\\";i:1;}s:5:\\\"tries\\\";N;s:7:\\\"timeout\\\";N;s:7:\\\"backoff\\\";N;s:10:\\\"connection\\\";N;s:5:\\\"queue\\\";N;s:15:\\\"chainConnection\\\";N;s:10:\\\"chainQueue\\\";N;s:19:\\\"chainCatchCallbacks\\\";N;s:5:\\\"delay\\\";N;s:11:\\\"afterCommit\\\";N;s:10:\\\"middleware\\\";a:0:{}s:7:\\\"chained\\\";a:0:{}}\"}}',0,NULL,1742281813,1742281813),(57,'default','{\"uuid\":\"4b420d92-e4f4-49e3-8f35-805262001ab7\",\"displayName\":\"App\\\\Jobs\\\\TerminationInKiosk\",\"job\":\"Illuminate\\\\Queue\\\\CallQueuedHandler@call\",\"maxTries\":null,\"maxExceptions\":null,\"failOnTimeout\":false,\"backoff\":null,\"timeout\":null,\"retryUntil\":null,\"data\":{\"commandName\":\"App\\\\Jobs\\\\TerminationInKiosk\",\"command\":\"O:27:\\\"App\\\\Jobs\\\\TerminationInKiosk\\\":2:{s:7:\\\"room_id\\\";i:140;s:5:\\\"delay\\\";O:13:\\\"Carbon\\\\Carbon\\\":3:{s:4:\\\"date\\\";s:26:\\\"2025-03-18 15:32:56.925788\\\";s:13:\\\"timezone_type\\\";i:3;s:8:\\\"timezone\\\";s:11:\\\"Asia\\/Manila\\\";}}\"}}',0,NULL,1742283176,1742281976),(58,'default','{\"uuid\":\"dcd6ae40-ff18-4145-ad15-e52fe687da02\",\"displayName\":\"App\\\\Events\\\\CheckInEvent\",\"job\":\"Illuminate\\\\Queue\\\\CallQueuedHandler@call\",\"maxTries\":null,\"maxExceptions\":null,\"failOnTimeout\":false,\"backoff\":null,\"timeout\":null,\"retryUntil\":null,\"data\":{\"commandName\":\"Illuminate\\\\Broadcasting\\\\BroadcastEvent\",\"command\":\"O:38:\\\"Illuminate\\\\Broadcasting\\\\BroadcastEvent\\\":13:{s:5:\\\"event\\\";O:23:\\\"App\\\\Events\\\\CheckInEvent\\\":1:{s:9:\\\"branch_id\\\";i:1;}s:5:\\\"tries\\\";N;s:7:\\\"timeout\\\";N;s:7:\\\"backoff\\\";N;s:10:\\\"connection\\\";N;s:5:\\\"queue\\\";N;s:15:\\\"chainConnection\\\";N;s:10:\\\"chainQueue\\\";N;s:19:\\\"chainCatchCallbacks\\\";N;s:5:\\\"delay\\\";N;s:11:\\\"afterCommit\\\";N;s:10:\\\"middleware\\\";a:0:{}s:7:\\\"chained\\\";a:0:{}}\"}}',0,NULL,1742281976,1742281976),(59,'default','{\"uuid\":\"227209bc-e40f-4cbe-8762-b2392feb0c5a\",\"displayName\":\"App\\\\Jobs\\\\TerminationInKiosk\",\"job\":\"Illuminate\\\\Queue\\\\CallQueuedHandler@call\",\"maxTries\":null,\"maxExceptions\":null,\"failOnTimeout\":false,\"backoff\":null,\"timeout\":null,\"retryUntil\":null,\"data\":{\"commandName\":\"App\\\\Jobs\\\\TerminationInKiosk\",\"command\":\"O:27:\\\"App\\\\Jobs\\\\TerminationInKiosk\\\":2:{s:7:\\\"room_id\\\";i:54;s:5:\\\"delay\\\";O:13:\\\"Carbon\\\\Carbon\\\":3:{s:4:\\\"date\\\";s:26:\\\"2025-03-18 15:33:54.697640\\\";s:13:\\\"timezone_type\\\";i:3;s:8:\\\"timezone\\\";s:11:\\\"Asia\\/Manila\\\";}}\"}}',0,NULL,1742283234,1742282034),(60,'default','{\"uuid\":\"323d87f6-28c8-4563-bb0f-c61309472b64\",\"displayName\":\"App\\\\Events\\\\CheckInEvent\",\"job\":\"Illuminate\\\\Queue\\\\CallQueuedHandler@call\",\"maxTries\":null,\"maxExceptions\":null,\"failOnTimeout\":false,\"backoff\":null,\"timeout\":null,\"retryUntil\":null,\"data\":{\"commandName\":\"Illuminate\\\\Broadcasting\\\\BroadcastEvent\",\"command\":\"O:38:\\\"Illuminate\\\\Broadcasting\\\\BroadcastEvent\\\":13:{s:5:\\\"event\\\";O:23:\\\"App\\\\Events\\\\CheckInEvent\\\":1:{s:9:\\\"branch_id\\\";i:1;}s:5:\\\"tries\\\";N;s:7:\\\"timeout\\\";N;s:7:\\\"backoff\\\";N;s:10:\\\"connection\\\";N;s:5:\\\"queue\\\";N;s:15:\\\"chainConnection\\\";N;s:10:\\\"chainQueue\\\";N;s:19:\\\"chainCatchCallbacks\\\";N;s:5:\\\"delay\\\";N;s:11:\\\"afterCommit\\\";N;s:10:\\\"middleware\\\";a:0:{}s:7:\\\"chained\\\";a:0:{}}\"}}',0,NULL,1742282034,1742282034),(61,'default','{\"uuid\":\"3653c6d7-844b-4eba-922b-719ebbfcf9b4\",\"displayName\":\"App\\\\Jobs\\\\TerminationInKiosk\",\"job\":\"Illuminate\\\\Queue\\\\CallQueuedHandler@call\",\"maxTries\":null,\"maxExceptions\":null,\"failOnTimeout\":false,\"backoff\":null,\"timeout\":null,\"retryUntil\":null,\"data\":{\"commandName\":\"App\\\\Jobs\\\\TerminationInKiosk\",\"command\":\"O:27:\\\"App\\\\Jobs\\\\TerminationInKiosk\\\":2:{s:7:\\\"room_id\\\";i:9;s:5:\\\"delay\\\";O:13:\\\"Carbon\\\\Carbon\\\":3:{s:4:\\\"date\\\";s:26:\\\"2025-03-18 15:35:24.407452\\\";s:13:\\\"timezone_type\\\";i:3;s:8:\\\"timezone\\\";s:11:\\\"Asia\\/Manila\\\";}}\"}}',0,NULL,1742283324,1742282124),(62,'default','{\"uuid\":\"57c24044-1f6d-4acd-826b-eb586c52d26b\",\"displayName\":\"App\\\\Events\\\\CheckInEvent\",\"job\":\"Illuminate\\\\Queue\\\\CallQueuedHandler@call\",\"maxTries\":null,\"maxExceptions\":null,\"failOnTimeout\":false,\"backoff\":null,\"timeout\":null,\"retryUntil\":null,\"data\":{\"commandName\":\"Illuminate\\\\Broadcasting\\\\BroadcastEvent\",\"command\":\"O:38:\\\"Illuminate\\\\Broadcasting\\\\BroadcastEvent\\\":13:{s:5:\\\"event\\\";O:23:\\\"App\\\\Events\\\\CheckInEvent\\\":1:{s:9:\\\"branch_id\\\";i:1;}s:5:\\\"tries\\\";N;s:7:\\\"timeout\\\";N;s:7:\\\"backoff\\\";N;s:10:\\\"connection\\\";N;s:5:\\\"queue\\\";N;s:15:\\\"chainConnection\\\";N;s:10:\\\"chainQueue\\\";N;s:19:\\\"chainCatchCallbacks\\\";N;s:5:\\\"delay\\\";N;s:11:\\\"afterCommit\\\";N;s:10:\\\"middleware\\\";a:0:{}s:7:\\\"chained\\\";a:0:{}}\"}}',0,NULL,1742282124,1742282124),(63,'default','{\"uuid\":\"b7f3f48f-4cb6-4449-9a77-6847115796c5\",\"displayName\":\"App\\\\Jobs\\\\TerminationInKiosk\",\"job\":\"Illuminate\\\\Queue\\\\CallQueuedHandler@call\",\"maxTries\":null,\"maxExceptions\":null,\"failOnTimeout\":false,\"backoff\":null,\"timeout\":null,\"retryUntil\":null,\"data\":{\"commandName\":\"App\\\\Jobs\\\\TerminationInKiosk\",\"command\":\"O:27:\\\"App\\\\Jobs\\\\TerminationInKiosk\\\":2:{s:7:\\\"room_id\\\";i:8;s:5:\\\"delay\\\";O:13:\\\"Carbon\\\\Carbon\\\":3:{s:4:\\\"date\\\";s:26:\\\"2025-03-18 15:35:36.917246\\\";s:13:\\\"timezone_type\\\";i:3;s:8:\\\"timezone\\\";s:11:\\\"Asia\\/Manila\\\";}}\"}}',0,NULL,1742283336,1742282136),(64,'default','{\"uuid\":\"d6d63283-d533-493b-9483-975a06d0ded5\",\"displayName\":\"App\\\\Events\\\\CheckInEvent\",\"job\":\"Illuminate\\\\Queue\\\\CallQueuedHandler@call\",\"maxTries\":null,\"maxExceptions\":null,\"failOnTimeout\":false,\"backoff\":null,\"timeout\":null,\"retryUntil\":null,\"data\":{\"commandName\":\"Illuminate\\\\Broadcasting\\\\BroadcastEvent\",\"command\":\"O:38:\\\"Illuminate\\\\Broadcasting\\\\BroadcastEvent\\\":13:{s:5:\\\"event\\\";O:23:\\\"App\\\\Events\\\\CheckInEvent\\\":1:{s:9:\\\"branch_id\\\";i:1;}s:5:\\\"tries\\\";N;s:7:\\\"timeout\\\";N;s:7:\\\"backoff\\\";N;s:10:\\\"connection\\\";N;s:5:\\\"queue\\\";N;s:15:\\\"chainConnection\\\";N;s:10:\\\"chainQueue\\\";N;s:19:\\\"chainCatchCallbacks\\\";N;s:5:\\\"delay\\\";N;s:11:\\\"afterCommit\\\";N;s:10:\\\"middleware\\\";a:0:{}s:7:\\\"chained\\\";a:0:{}}\"}}',0,NULL,1742282136,1742282136),(65,'default','{\"uuid\":\"c3301cb4-da81-4372-a92a-29ca0880111b\",\"displayName\":\"App\\\\Jobs\\\\TerminationInKiosk\",\"job\":\"Illuminate\\\\Queue\\\\CallQueuedHandler@call\",\"maxTries\":null,\"maxExceptions\":null,\"failOnTimeout\":false,\"backoff\":null,\"timeout\":null,\"retryUntil\":null,\"data\":{\"commandName\":\"App\\\\Jobs\\\\TerminationInKiosk\",\"command\":\"O:27:\\\"App\\\\Jobs\\\\TerminationInKiosk\\\":2:{s:7:\\\"room_id\\\";i:20;s:5:\\\"delay\\\";O:13:\\\"Carbon\\\\Carbon\\\":3:{s:4:\\\"date\\\";s:26:\\\"2025-03-18 15:35:49.103845\\\";s:13:\\\"timezone_type\\\";i:3;s:8:\\\"timezone\\\";s:11:\\\"Asia\\/Manila\\\";}}\"}}',0,NULL,1742283349,1742282149),(66,'default','{\"uuid\":\"e7e28b89-d481-471b-8214-1154fecf8319\",\"displayName\":\"App\\\\Events\\\\CheckInEvent\",\"job\":\"Illuminate\\\\Queue\\\\CallQueuedHandler@call\",\"maxTries\":null,\"maxExceptions\":null,\"failOnTimeout\":false,\"backoff\":null,\"timeout\":null,\"retryUntil\":null,\"data\":{\"commandName\":\"Illuminate\\\\Broadcasting\\\\BroadcastEvent\",\"command\":\"O:38:\\\"Illuminate\\\\Broadcasting\\\\BroadcastEvent\\\":13:{s:5:\\\"event\\\";O:23:\\\"App\\\\Events\\\\CheckInEvent\\\":1:{s:9:\\\"branch_id\\\";i:1;}s:5:\\\"tries\\\";N;s:7:\\\"timeout\\\";N;s:7:\\\"backoff\\\";N;s:10:\\\"connection\\\";N;s:5:\\\"queue\\\";N;s:15:\\\"chainConnection\\\";N;s:10:\\\"chainQueue\\\";N;s:19:\\\"chainCatchCallbacks\\\";N;s:5:\\\"delay\\\";N;s:11:\\\"afterCommit\\\";N;s:10:\\\"middleware\\\";a:0:{}s:7:\\\"chained\\\";a:0:{}}\"}}',0,NULL,1742282149,1742282149),(67,'default','{\"uuid\":\"365523ad-3032-4f9e-b3b5-3cbd118aaeef\",\"displayName\":\"App\\\\Jobs\\\\TerminationInKiosk\",\"job\":\"Illuminate\\\\Queue\\\\CallQueuedHandler@call\",\"maxTries\":null,\"maxExceptions\":null,\"failOnTimeout\":false,\"backoff\":null,\"timeout\":null,\"retryUntil\":null,\"data\":{\"commandName\":\"App\\\\Jobs\\\\TerminationInKiosk\",\"command\":\"O:27:\\\"App\\\\Jobs\\\\TerminationInKiosk\\\":2:{s:7:\\\"room_id\\\";i:13;s:5:\\\"delay\\\";O:13:\\\"Carbon\\\\Carbon\\\":3:{s:4:\\\"date\\\";s:26:\\\"2025-03-18 15:35:55.027720\\\";s:13:\\\"timezone_type\\\";i:3;s:8:\\\"timezone\\\";s:11:\\\"Asia\\/Manila\\\";}}\"}}',0,NULL,1742283355,1742282155),(68,'default','{\"uuid\":\"37fa7d65-cf17-4d8c-92d0-36d78e8c9116\",\"displayName\":\"App\\\\Events\\\\CheckInEvent\",\"job\":\"Illuminate\\\\Queue\\\\CallQueuedHandler@call\",\"maxTries\":null,\"maxExceptions\":null,\"failOnTimeout\":false,\"backoff\":null,\"timeout\":null,\"retryUntil\":null,\"data\":{\"commandName\":\"Illuminate\\\\Broadcasting\\\\BroadcastEvent\",\"command\":\"O:38:\\\"Illuminate\\\\Broadcasting\\\\BroadcastEvent\\\":13:{s:5:\\\"event\\\";O:23:\\\"App\\\\Events\\\\CheckInEvent\\\":1:{s:9:\\\"branch_id\\\";i:1;}s:5:\\\"tries\\\";N;s:7:\\\"timeout\\\";N;s:7:\\\"backoff\\\";N;s:10:\\\"connection\\\";N;s:5:\\\"queue\\\";N;s:15:\\\"chainConnection\\\";N;s:10:\\\"chainQueue\\\";N;s:19:\\\"chainCatchCallbacks\\\";N;s:5:\\\"delay\\\";N;s:11:\\\"afterCommit\\\";N;s:10:\\\"middleware\\\";a:0:{}s:7:\\\"chained\\\";a:0:{}}\"}}',0,NULL,1742282155,1742282155),(69,'default','{\"uuid\":\"3219b6ae-d3b1-4d6b-afe1-7b1473ebf628\",\"displayName\":\"App\\\\Jobs\\\\TerminationInKiosk\",\"job\":\"Illuminate\\\\Queue\\\\CallQueuedHandler@call\",\"maxTries\":null,\"maxExceptions\":null,\"failOnTimeout\":false,\"backoff\":null,\"timeout\":null,\"retryUntil\":null,\"data\":{\"commandName\":\"App\\\\Jobs\\\\TerminationInKiosk\",\"command\":\"O:27:\\\"App\\\\Jobs\\\\TerminationInKiosk\\\":2:{s:7:\\\"room_id\\\";i:16;s:5:\\\"delay\\\";O:13:\\\"Carbon\\\\Carbon\\\":3:{s:4:\\\"date\\\";s:26:\\\"2025-03-18 15:36:52.925150\\\";s:13:\\\"timezone_type\\\";i:3;s:8:\\\"timezone\\\";s:11:\\\"Asia\\/Manila\\\";}}\"}}',0,NULL,1742283412,1742282212),(70,'default','{\"uuid\":\"2c37bc99-4c1d-4362-9712-f44765aae5c2\",\"displayName\":\"App\\\\Events\\\\CheckInEvent\",\"job\":\"Illuminate\\\\Queue\\\\CallQueuedHandler@call\",\"maxTries\":null,\"maxExceptions\":null,\"failOnTimeout\":false,\"backoff\":null,\"timeout\":null,\"retryUntil\":null,\"data\":{\"commandName\":\"Illuminate\\\\Broadcasting\\\\BroadcastEvent\",\"command\":\"O:38:\\\"Illuminate\\\\Broadcasting\\\\BroadcastEvent\\\":13:{s:5:\\\"event\\\";O:23:\\\"App\\\\Events\\\\CheckInEvent\\\":1:{s:9:\\\"branch_id\\\";i:1;}s:5:\\\"tries\\\";N;s:7:\\\"timeout\\\";N;s:7:\\\"backoff\\\";N;s:10:\\\"connection\\\";N;s:5:\\\"queue\\\";N;s:15:\\\"chainConnection\\\";N;s:10:\\\"chainQueue\\\";N;s:19:\\\"chainCatchCallbacks\\\";N;s:5:\\\"delay\\\";N;s:11:\\\"afterCommit\\\";N;s:10:\\\"middleware\\\";a:0:{}s:7:\\\"chained\\\";a:0:{}}\"}}',0,NULL,1742282212,1742282212),(71,'default','{\"uuid\":\"de968913-46a7-47e2-996d-c83ad9c98454\",\"displayName\":\"App\\\\Jobs\\\\TerminationInKiosk\",\"job\":\"Illuminate\\\\Queue\\\\CallQueuedHandler@call\",\"maxTries\":null,\"maxExceptions\":null,\"failOnTimeout\":false,\"backoff\":null,\"timeout\":null,\"retryUntil\":null,\"data\":{\"commandName\":\"App\\\\Jobs\\\\TerminationInKiosk\",\"command\":\"O:27:\\\"App\\\\Jobs\\\\TerminationInKiosk\\\":2:{s:7:\\\"room_id\\\";i:14;s:5:\\\"delay\\\";O:13:\\\"Carbon\\\\Carbon\\\":3:{s:4:\\\"date\\\";s:26:\\\"2025-03-18 15:37:01.198976\\\";s:13:\\\"timezone_type\\\";i:3;s:8:\\\"timezone\\\";s:11:\\\"Asia\\/Manila\\\";}}\"}}',0,NULL,1742283421,1742282221),(72,'default','{\"uuid\":\"abcdc880-166b-4b00-860b-ee4673a5ef6b\",\"displayName\":\"App\\\\Events\\\\CheckInEvent\",\"job\":\"Illuminate\\\\Queue\\\\CallQueuedHandler@call\",\"maxTries\":null,\"maxExceptions\":null,\"failOnTimeout\":false,\"backoff\":null,\"timeout\":null,\"retryUntil\":null,\"data\":{\"commandName\":\"Illuminate\\\\Broadcasting\\\\BroadcastEvent\",\"command\":\"O:38:\\\"Illuminate\\\\Broadcasting\\\\BroadcastEvent\\\":13:{s:5:\\\"event\\\";O:23:\\\"App\\\\Events\\\\CheckInEvent\\\":1:{s:9:\\\"branch_id\\\";i:1;}s:5:\\\"tries\\\";N;s:7:\\\"timeout\\\";N;s:7:\\\"backoff\\\";N;s:10:\\\"connection\\\";N;s:5:\\\"queue\\\";N;s:15:\\\"chainConnection\\\";N;s:10:\\\"chainQueue\\\";N;s:19:\\\"chainCatchCallbacks\\\";N;s:5:\\\"delay\\\";N;s:11:\\\"afterCommit\\\";N;s:10:\\\"middleware\\\";a:0:{}s:7:\\\"chained\\\";a:0:{}}\"}}',0,NULL,1742282221,1742282221),(73,'default','{\"uuid\":\"2f990b1e-7a83-415f-8451-a482f51c42ee\",\"displayName\":\"App\\\\Jobs\\\\TerminationInKiosk\",\"job\":\"Illuminate\\\\Queue\\\\CallQueuedHandler@call\",\"maxTries\":null,\"maxExceptions\":null,\"failOnTimeout\":false,\"backoff\":null,\"timeout\":null,\"retryUntil\":null,\"data\":{\"commandName\":\"App\\\\Jobs\\\\TerminationInKiosk\",\"command\":\"O:27:\\\"App\\\\Jobs\\\\TerminationInKiosk\\\":2:{s:7:\\\"room_id\\\";i:17;s:5:\\\"delay\\\";O:13:\\\"Carbon\\\\Carbon\\\":3:{s:4:\\\"date\\\";s:26:\\\"2025-03-18 15:37:59.380276\\\";s:13:\\\"timezone_type\\\";i:3;s:8:\\\"timezone\\\";s:11:\\\"Asia\\/Manila\\\";}}\"}}',0,NULL,1742283479,1742282279),(74,'default','{\"uuid\":\"295d6f55-8b49-40d9-b036-bf390e122960\",\"displayName\":\"App\\\\Events\\\\CheckInEvent\",\"job\":\"Illuminate\\\\Queue\\\\CallQueuedHandler@call\",\"maxTries\":null,\"maxExceptions\":null,\"failOnTimeout\":false,\"backoff\":null,\"timeout\":null,\"retryUntil\":null,\"data\":{\"commandName\":\"Illuminate\\\\Broadcasting\\\\BroadcastEvent\",\"command\":\"O:38:\\\"Illuminate\\\\Broadcasting\\\\BroadcastEvent\\\":13:{s:5:\\\"event\\\";O:23:\\\"App\\\\Events\\\\CheckInEvent\\\":1:{s:9:\\\"branch_id\\\";i:1;}s:5:\\\"tries\\\";N;s:7:\\\"timeout\\\";N;s:7:\\\"backoff\\\";N;s:10:\\\"connection\\\";N;s:5:\\\"queue\\\";N;s:15:\\\"chainConnection\\\";N;s:10:\\\"chainQueue\\\";N;s:19:\\\"chainCatchCallbacks\\\";N;s:5:\\\"delay\\\";N;s:11:\\\"afterCommit\\\";N;s:10:\\\"middleware\\\";a:0:{}s:7:\\\"chained\\\";a:0:{}}\"}}',0,NULL,1742282279,1742282279),(75,'default','{\"uuid\":\"ca17133c-a17b-4621-948a-e4e863eda6cd\",\"displayName\":\"App\\\\Jobs\\\\TerminationInKiosk\",\"job\":\"Illuminate\\\\Queue\\\\CallQueuedHandler@call\",\"maxTries\":null,\"maxExceptions\":null,\"failOnTimeout\":false,\"backoff\":null,\"timeout\":null,\"retryUntil\":null,\"data\":{\"commandName\":\"App\\\\Jobs\\\\TerminationInKiosk\",\"command\":\"O:27:\\\"App\\\\Jobs\\\\TerminationInKiosk\\\":2:{s:7:\\\"room_id\\\";i:19;s:5:\\\"delay\\\";O:13:\\\"Carbon\\\\Carbon\\\":3:{s:4:\\\"date\\\";s:26:\\\"2025-03-18 15:38:33.823787\\\";s:13:\\\"timezone_type\\\";i:3;s:8:\\\"timezone\\\";s:11:\\\"Asia\\/Manila\\\";}}\"}}',0,NULL,1742283513,1742282313),(76,'default','{\"uuid\":\"1b454bf6-7b0f-44bc-a9aa-8dafaaa06e8d\",\"displayName\":\"App\\\\Events\\\\CheckInEvent\",\"job\":\"Illuminate\\\\Queue\\\\CallQueuedHandler@call\",\"maxTries\":null,\"maxExceptions\":null,\"failOnTimeout\":false,\"backoff\":null,\"timeout\":null,\"retryUntil\":null,\"data\":{\"commandName\":\"Illuminate\\\\Broadcasting\\\\BroadcastEvent\",\"command\":\"O:38:\\\"Illuminate\\\\Broadcasting\\\\BroadcastEvent\\\":13:{s:5:\\\"event\\\";O:23:\\\"App\\\\Events\\\\CheckInEvent\\\":1:{s:9:\\\"branch_id\\\";i:1;}s:5:\\\"tries\\\";N;s:7:\\\"timeout\\\";N;s:7:\\\"backoff\\\";N;s:10:\\\"connection\\\";N;s:5:\\\"queue\\\";N;s:15:\\\"chainConnection\\\";N;s:10:\\\"chainQueue\\\";N;s:19:\\\"chainCatchCallbacks\\\";N;s:5:\\\"delay\\\";N;s:11:\\\"afterCommit\\\";N;s:10:\\\"middleware\\\";a:0:{}s:7:\\\"chained\\\";a:0:{}}\"}}',0,NULL,1742282313,1742282313),(77,'default','{\"uuid\":\"bd2a9a96-421d-4e44-9171-b4539931a5db\",\"displayName\":\"App\\\\Jobs\\\\TerminationInKiosk\",\"job\":\"Illuminate\\\\Queue\\\\CallQueuedHandler@call\",\"maxTries\":null,\"maxExceptions\":null,\"failOnTimeout\":false,\"backoff\":null,\"timeout\":null,\"retryUntil\":null,\"data\":{\"commandName\":\"App\\\\Jobs\\\\TerminationInKiosk\",\"command\":\"O:27:\\\"App\\\\Jobs\\\\TerminationInKiosk\\\":2:{s:7:\\\"room_id\\\";i:21;s:5:\\\"delay\\\";O:13:\\\"Carbon\\\\Carbon\\\":3:{s:4:\\\"date\\\";s:26:\\\"2025-03-18 15:40:39.005149\\\";s:13:\\\"timezone_type\\\";i:3;s:8:\\\"timezone\\\";s:11:\\\"Asia\\/Manila\\\";}}\"}}',0,NULL,1742283639,1742282439),(78,'default','{\"uuid\":\"06a60a16-d3f4-4b73-83ca-2cf0acc14601\",\"displayName\":\"App\\\\Events\\\\CheckInEvent\",\"job\":\"Illuminate\\\\Queue\\\\CallQueuedHandler@call\",\"maxTries\":null,\"maxExceptions\":null,\"failOnTimeout\":false,\"backoff\":null,\"timeout\":null,\"retryUntil\":null,\"data\":{\"commandName\":\"Illuminate\\\\Broadcasting\\\\BroadcastEvent\",\"command\":\"O:38:\\\"Illuminate\\\\Broadcasting\\\\BroadcastEvent\\\":13:{s:5:\\\"event\\\";O:23:\\\"App\\\\Events\\\\CheckInEvent\\\":1:{s:9:\\\"branch_id\\\";i:1;}s:5:\\\"tries\\\";N;s:7:\\\"timeout\\\";N;s:7:\\\"backoff\\\";N;s:10:\\\"connection\\\";N;s:5:\\\"queue\\\";N;s:15:\\\"chainConnection\\\";N;s:10:\\\"chainQueue\\\";N;s:19:\\\"chainCatchCallbacks\\\";N;s:5:\\\"delay\\\";N;s:11:\\\"afterCommit\\\";N;s:10:\\\"middleware\\\";a:0:{}s:7:\\\"chained\\\";a:0:{}}\"}}',0,NULL,1742282439,1742282439),(79,'default','{\"uuid\":\"def6b624-a38c-4cfc-9067-c1800041f877\",\"displayName\":\"App\\\\Jobs\\\\TerminationInKiosk\",\"job\":\"Illuminate\\\\Queue\\\\CallQueuedHandler@call\",\"maxTries\":null,\"maxExceptions\":null,\"failOnTimeout\":false,\"backoff\":null,\"timeout\":null,\"retryUntil\":null,\"data\":{\"commandName\":\"App\\\\Jobs\\\\TerminationInKiosk\",\"command\":\"O:27:\\\"App\\\\Jobs\\\\TerminationInKiosk\\\":2:{s:7:\\\"room_id\\\";i:21;s:5:\\\"delay\\\";O:13:\\\"Carbon\\\\Carbon\\\":3:{s:4:\\\"date\\\";s:26:\\\"2025-03-18 15:40:39.087911\\\";s:13:\\\"timezone_type\\\";i:3;s:8:\\\"timezone\\\";s:11:\\\"Asia\\/Manila\\\";}}\"}}',0,NULL,1742283639,1742282439),(80,'default','{\"uuid\":\"46caee05-09f5-4e0e-95fd-b41b48580835\",\"displayName\":\"App\\\\Events\\\\CheckInEvent\",\"job\":\"Illuminate\\\\Queue\\\\CallQueuedHandler@call\",\"maxTries\":null,\"maxExceptions\":null,\"failOnTimeout\":false,\"backoff\":null,\"timeout\":null,\"retryUntil\":null,\"data\":{\"commandName\":\"Illuminate\\\\Broadcasting\\\\BroadcastEvent\",\"command\":\"O:38:\\\"Illuminate\\\\Broadcasting\\\\BroadcastEvent\\\":13:{s:5:\\\"event\\\";O:23:\\\"App\\\\Events\\\\CheckInEvent\\\":1:{s:9:\\\"branch_id\\\";i:1;}s:5:\\\"tries\\\";N;s:7:\\\"timeout\\\";N;s:7:\\\"backoff\\\";N;s:10:\\\"connection\\\";N;s:5:\\\"queue\\\";N;s:15:\\\"chainConnection\\\";N;s:10:\\\"chainQueue\\\";N;s:19:\\\"chainCatchCallbacks\\\";N;s:5:\\\"delay\\\";N;s:11:\\\"afterCommit\\\";N;s:10:\\\"middleware\\\";a:0:{}s:7:\\\"chained\\\";a:0:{}}\"}}',0,NULL,1742282439,1742282439),(81,'default','{\"uuid\":\"cc13debf-5c28-4456-8a00-41a0b4a3e4a9\",\"displayName\":\"App\\\\Jobs\\\\TerminationInKiosk\",\"job\":\"Illuminate\\\\Queue\\\\CallQueuedHandler@call\",\"maxTries\":null,\"maxExceptions\":null,\"failOnTimeout\":false,\"backoff\":null,\"timeout\":null,\"retryUntil\":null,\"data\":{\"commandName\":\"App\\\\Jobs\\\\TerminationInKiosk\",\"command\":\"O:27:\\\"App\\\\Jobs\\\\TerminationInKiosk\\\":2:{s:7:\\\"room_id\\\";i:23;s:5:\\\"delay\\\";O:13:\\\"Carbon\\\\Carbon\\\":3:{s:4:\\\"date\\\";s:26:\\\"2025-03-18 15:41:06.296090\\\";s:13:\\\"timezone_type\\\";i:3;s:8:\\\"timezone\\\";s:11:\\\"Asia\\/Manila\\\";}}\"}}',0,NULL,1742283666,1742282466),(82,'default','{\"uuid\":\"78985f95-b4c2-4fe3-b332-c0c235340772\",\"displayName\":\"App\\\\Events\\\\CheckInEvent\",\"job\":\"Illuminate\\\\Queue\\\\CallQueuedHandler@call\",\"maxTries\":null,\"maxExceptions\":null,\"failOnTimeout\":false,\"backoff\":null,\"timeout\":null,\"retryUntil\":null,\"data\":{\"commandName\":\"Illuminate\\\\Broadcasting\\\\BroadcastEvent\",\"command\":\"O:38:\\\"Illuminate\\\\Broadcasting\\\\BroadcastEvent\\\":13:{s:5:\\\"event\\\";O:23:\\\"App\\\\Events\\\\CheckInEvent\\\":1:{s:9:\\\"branch_id\\\";i:1;}s:5:\\\"tries\\\";N;s:7:\\\"timeout\\\";N;s:7:\\\"backoff\\\";N;s:10:\\\"connection\\\";N;s:5:\\\"queue\\\";N;s:15:\\\"chainConnection\\\";N;s:10:\\\"chainQueue\\\";N;s:19:\\\"chainCatchCallbacks\\\";N;s:5:\\\"delay\\\";N;s:11:\\\"afterCommit\\\";N;s:10:\\\"middleware\\\";a:0:{}s:7:\\\"chained\\\";a:0:{}}\"}}',0,NULL,1742282466,1742282466),(83,'default','{\"uuid\":\"84cd3237-de97-40d5-be4d-d13e94da2297\",\"displayName\":\"App\\\\Jobs\\\\TerminationInKiosk\",\"job\":\"Illuminate\\\\Queue\\\\CallQueuedHandler@call\",\"maxTries\":null,\"maxExceptions\":null,\"failOnTimeout\":false,\"backoff\":null,\"timeout\":null,\"retryUntil\":null,\"data\":{\"commandName\":\"App\\\\Jobs\\\\TerminationInKiosk\",\"command\":\"O:27:\\\"App\\\\Jobs\\\\TerminationInKiosk\\\":2:{s:7:\\\"room_id\\\";i:24;s:5:\\\"delay\\\";O:13:\\\"Carbon\\\\Carbon\\\":3:{s:4:\\\"date\\\";s:26:\\\"2025-03-18 15:41:40.105746\\\";s:13:\\\"timezone_type\\\";i:3;s:8:\\\"timezone\\\";s:11:\\\"Asia\\/Manila\\\";}}\"}}',0,NULL,1742283700,1742282500),(84,'default','{\"uuid\":\"449dd6a2-50a6-4e8b-bfae-11db70eb8b04\",\"displayName\":\"App\\\\Events\\\\CheckInEvent\",\"job\":\"Illuminate\\\\Queue\\\\CallQueuedHandler@call\",\"maxTries\":null,\"maxExceptions\":null,\"failOnTimeout\":false,\"backoff\":null,\"timeout\":null,\"retryUntil\":null,\"data\":{\"commandName\":\"Illuminate\\\\Broadcasting\\\\BroadcastEvent\",\"command\":\"O:38:\\\"Illuminate\\\\Broadcasting\\\\BroadcastEvent\\\":13:{s:5:\\\"event\\\";O:23:\\\"App\\\\Events\\\\CheckInEvent\\\":1:{s:9:\\\"branch_id\\\";i:1;}s:5:\\\"tries\\\";N;s:7:\\\"timeout\\\";N;s:7:\\\"backoff\\\";N;s:10:\\\"connection\\\";N;s:5:\\\"queue\\\";N;s:15:\\\"chainConnection\\\";N;s:10:\\\"chainQueue\\\";N;s:19:\\\"chainCatchCallbacks\\\";N;s:5:\\\"delay\\\";N;s:11:\\\"afterCommit\\\";N;s:10:\\\"middleware\\\";a:0:{}s:7:\\\"chained\\\";a:0:{}}\"}}',0,NULL,1742282500,1742282500),(85,'default','{\"uuid\":\"3b8cd730-52e1-49c5-aae8-88222b053916\",\"displayName\":\"App\\\\Jobs\\\\TerminationInKiosk\",\"job\":\"Illuminate\\\\Queue\\\\CallQueuedHandler@call\",\"maxTries\":null,\"maxExceptions\":null,\"failOnTimeout\":false,\"backoff\":null,\"timeout\":null,\"retryUntil\":null,\"data\":{\"commandName\":\"App\\\\Jobs\\\\TerminationInKiosk\",\"command\":\"O:27:\\\"App\\\\Jobs\\\\TerminationInKiosk\\\":2:{s:7:\\\"room_id\\\";i:32;s:5:\\\"delay\\\";O:13:\\\"Carbon\\\\Carbon\\\":3:{s:4:\\\"date\\\";s:26:\\\"2025-03-18 15:41:43.281996\\\";s:13:\\\"timezone_type\\\";i:3;s:8:\\\"timezone\\\";s:11:\\\"Asia\\/Manila\\\";}}\"}}',0,NULL,1742283703,1742282503),(86,'default','{\"uuid\":\"fd3a7a73-e121-411b-b867-446041a0db87\",\"displayName\":\"App\\\\Events\\\\CheckInEvent\",\"job\":\"Illuminate\\\\Queue\\\\CallQueuedHandler@call\",\"maxTries\":null,\"maxExceptions\":null,\"failOnTimeout\":false,\"backoff\":null,\"timeout\":null,\"retryUntil\":null,\"data\":{\"commandName\":\"Illuminate\\\\Broadcasting\\\\BroadcastEvent\",\"command\":\"O:38:\\\"Illuminate\\\\Broadcasting\\\\BroadcastEvent\\\":13:{s:5:\\\"event\\\";O:23:\\\"App\\\\Events\\\\CheckInEvent\\\":1:{s:9:\\\"branch_id\\\";i:1;}s:5:\\\"tries\\\";N;s:7:\\\"timeout\\\";N;s:7:\\\"backoff\\\";N;s:10:\\\"connection\\\";N;s:5:\\\"queue\\\";N;s:15:\\\"chainConnection\\\";N;s:10:\\\"chainQueue\\\";N;s:19:\\\"chainCatchCallbacks\\\";N;s:5:\\\"delay\\\";N;s:11:\\\"afterCommit\\\";N;s:10:\\\"middleware\\\";a:0:{}s:7:\\\"chained\\\";a:0:{}}\"}}',0,NULL,1742282503,1742282503),(87,'default','{\"uuid\":\"1cf9d57a-388e-4adb-a49b-e08f26550486\",\"displayName\":\"App\\\\Jobs\\\\TerminationInKiosk\",\"job\":\"Illuminate\\\\Queue\\\\CallQueuedHandler@call\",\"maxTries\":null,\"maxExceptions\":null,\"failOnTimeout\":false,\"backoff\":null,\"timeout\":null,\"retryUntil\":null,\"data\":{\"commandName\":\"App\\\\Jobs\\\\TerminationInKiosk\",\"command\":\"O:27:\\\"App\\\\Jobs\\\\TerminationInKiosk\\\":2:{s:7:\\\"room_id\\\";i:25;s:5:\\\"delay\\\";O:13:\\\"Carbon\\\\Carbon\\\":3:{s:4:\\\"date\\\";s:26:\\\"2025-03-18 15:42:16.696777\\\";s:13:\\\"timezone_type\\\";i:3;s:8:\\\"timezone\\\";s:11:\\\"Asia\\/Manila\\\";}}\"}}',0,NULL,1742283736,1742282536),(88,'default','{\"uuid\":\"2cc7ee23-433f-432c-b464-3116b62d5f9c\",\"displayName\":\"App\\\\Events\\\\CheckInEvent\",\"job\":\"Illuminate\\\\Queue\\\\CallQueuedHandler@call\",\"maxTries\":null,\"maxExceptions\":null,\"failOnTimeout\":false,\"backoff\":null,\"timeout\":null,\"retryUntil\":null,\"data\":{\"commandName\":\"Illuminate\\\\Broadcasting\\\\BroadcastEvent\",\"command\":\"O:38:\\\"Illuminate\\\\Broadcasting\\\\BroadcastEvent\\\":13:{s:5:\\\"event\\\";O:23:\\\"App\\\\Events\\\\CheckInEvent\\\":1:{s:9:\\\"branch_id\\\";i:1;}s:5:\\\"tries\\\";N;s:7:\\\"timeout\\\";N;s:7:\\\"backoff\\\";N;s:10:\\\"connection\\\";N;s:5:\\\"queue\\\";N;s:15:\\\"chainConnection\\\";N;s:10:\\\"chainQueue\\\";N;s:19:\\\"chainCatchCallbacks\\\";N;s:5:\\\"delay\\\";N;s:11:\\\"afterCommit\\\";N;s:10:\\\"middleware\\\";a:0:{}s:7:\\\"chained\\\";a:0:{}}\"}}',0,NULL,1742282536,1742282536),(89,'default','{\"uuid\":\"f3c1d7c8-61e2-4ff2-8e52-c7c214ec2caa\",\"displayName\":\"App\\\\Jobs\\\\TerminationInKiosk\",\"job\":\"Illuminate\\\\Queue\\\\CallQueuedHandler@call\",\"maxTries\":null,\"maxExceptions\":null,\"failOnTimeout\":false,\"backoff\":null,\"timeout\":null,\"retryUntil\":null,\"data\":{\"commandName\":\"App\\\\Jobs\\\\TerminationInKiosk\",\"command\":\"O:27:\\\"App\\\\Jobs\\\\TerminationInKiosk\\\":2:{s:7:\\\"room_id\\\";i:26;s:5:\\\"delay\\\";O:13:\\\"Carbon\\\\Carbon\\\":3:{s:4:\\\"date\\\";s:26:\\\"2025-03-18 15:42:41.742509\\\";s:13:\\\"timezone_type\\\";i:3;s:8:\\\"timezone\\\";s:11:\\\"Asia\\/Manila\\\";}}\"}}',0,NULL,1742283761,1742282561),(90,'default','{\"uuid\":\"dd2480ca-0527-43e3-9f25-ce9cf39ac72b\",\"displayName\":\"App\\\\Events\\\\CheckInEvent\",\"job\":\"Illuminate\\\\Queue\\\\CallQueuedHandler@call\",\"maxTries\":null,\"maxExceptions\":null,\"failOnTimeout\":false,\"backoff\":null,\"timeout\":null,\"retryUntil\":null,\"data\":{\"commandName\":\"Illuminate\\\\Broadcasting\\\\BroadcastEvent\",\"command\":\"O:38:\\\"Illuminate\\\\Broadcasting\\\\BroadcastEvent\\\":13:{s:5:\\\"event\\\";O:23:\\\"App\\\\Events\\\\CheckInEvent\\\":1:{s:9:\\\"branch_id\\\";i:1;}s:5:\\\"tries\\\";N;s:7:\\\"timeout\\\";N;s:7:\\\"backoff\\\";N;s:10:\\\"connection\\\";N;s:5:\\\"queue\\\";N;s:15:\\\"chainConnection\\\";N;s:10:\\\"chainQueue\\\";N;s:19:\\\"chainCatchCallbacks\\\";N;s:5:\\\"delay\\\";N;s:11:\\\"afterCommit\\\";N;s:10:\\\"middleware\\\";a:0:{}s:7:\\\"chained\\\";a:0:{}}\"}}',0,NULL,1742282561,1742282561),(91,'default','{\"uuid\":\"49edd4a7-d2b9-42d2-9ff4-8a4edb92c902\",\"displayName\":\"App\\\\Jobs\\\\TerminationInKiosk\",\"job\":\"Illuminate\\\\Queue\\\\CallQueuedHandler@call\",\"maxTries\":null,\"maxExceptions\":null,\"failOnTimeout\":false,\"backoff\":null,\"timeout\":null,\"retryUntil\":null,\"data\":{\"commandName\":\"App\\\\Jobs\\\\TerminationInKiosk\",\"command\":\"O:27:\\\"App\\\\Jobs\\\\TerminationInKiosk\\\":2:{s:7:\\\"room_id\\\";i:59;s:5:\\\"delay\\\";O:13:\\\"Carbon\\\\Carbon\\\":3:{s:4:\\\"date\\\";s:26:\\\"2025-03-18 15:42:43.562101\\\";s:13:\\\"timezone_type\\\";i:3;s:8:\\\"timezone\\\";s:11:\\\"Asia\\/Manila\\\";}}\"}}',0,NULL,1742283763,1742282563),(92,'default','{\"uuid\":\"66e9cfc8-52f6-49aa-be5a-3c5c61f61cbe\",\"displayName\":\"App\\\\Events\\\\CheckInEvent\",\"job\":\"Illuminate\\\\Queue\\\\CallQueuedHandler@call\",\"maxTries\":null,\"maxExceptions\":null,\"failOnTimeout\":false,\"backoff\":null,\"timeout\":null,\"retryUntil\":null,\"data\":{\"commandName\":\"Illuminate\\\\Broadcasting\\\\BroadcastEvent\",\"command\":\"O:38:\\\"Illuminate\\\\Broadcasting\\\\BroadcastEvent\\\":13:{s:5:\\\"event\\\";O:23:\\\"App\\\\Events\\\\CheckInEvent\\\":1:{s:9:\\\"branch_id\\\";i:1;}s:5:\\\"tries\\\";N;s:7:\\\"timeout\\\";N;s:7:\\\"backoff\\\";N;s:10:\\\"connection\\\";N;s:5:\\\"queue\\\";N;s:15:\\\"chainConnection\\\";N;s:10:\\\"chainQueue\\\";N;s:19:\\\"chainCatchCallbacks\\\";N;s:5:\\\"delay\\\";N;s:11:\\\"afterCommit\\\";N;s:10:\\\"middleware\\\";a:0:{}s:7:\\\"chained\\\";a:0:{}}\"}}',0,NULL,1742282563,1742282563),(93,'default','{\"uuid\":\"f436c355-21ec-4d9e-aedf-dc7b7415cd96\",\"displayName\":\"App\\\\Jobs\\\\TerminationInKiosk\",\"job\":\"Illuminate\\\\Queue\\\\CallQueuedHandler@call\",\"maxTries\":null,\"maxExceptions\":null,\"failOnTimeout\":false,\"backoff\":null,\"timeout\":null,\"retryUntil\":null,\"data\":{\"commandName\":\"App\\\\Jobs\\\\TerminationInKiosk\",\"command\":\"O:27:\\\"App\\\\Jobs\\\\TerminationInKiosk\\\":2:{s:7:\\\"room_id\\\";i:26;s:5:\\\"delay\\\";O:13:\\\"Carbon\\\\Carbon\\\":3:{s:4:\\\"date\\\";s:26:\\\"2025-03-18 15:42:51.371359\\\";s:13:\\\"timezone_type\\\";i:3;s:8:\\\"timezone\\\";s:11:\\\"Asia\\/Manila\\\";}}\"}}',0,NULL,1742283771,1742282571),(94,'default','{\"uuid\":\"bf735a88-ea3a-46e7-a298-1329f595fc02\",\"displayName\":\"App\\\\Events\\\\CheckInEvent\",\"job\":\"Illuminate\\\\Queue\\\\CallQueuedHandler@call\",\"maxTries\":null,\"maxExceptions\":null,\"failOnTimeout\":false,\"backoff\":null,\"timeout\":null,\"retryUntil\":null,\"data\":{\"commandName\":\"Illuminate\\\\Broadcasting\\\\BroadcastEvent\",\"command\":\"O:38:\\\"Illuminate\\\\Broadcasting\\\\BroadcastEvent\\\":13:{s:5:\\\"event\\\";O:23:\\\"App\\\\Events\\\\CheckInEvent\\\":1:{s:9:\\\"branch_id\\\";i:1;}s:5:\\\"tries\\\";N;s:7:\\\"timeout\\\";N;s:7:\\\"backoff\\\";N;s:10:\\\"connection\\\";N;s:5:\\\"queue\\\";N;s:15:\\\"chainConnection\\\";N;s:10:\\\"chainQueue\\\";N;s:19:\\\"chainCatchCallbacks\\\";N;s:5:\\\"delay\\\";N;s:11:\\\"afterCommit\\\";N;s:10:\\\"middleware\\\";a:0:{}s:7:\\\"chained\\\";a:0:{}}\"}}',0,NULL,1742282571,1742282571),(95,'default','{\"uuid\":\"c6f583da-f396-4b89-9343-3068ebdb4b1b\",\"displayName\":\"App\\\\Jobs\\\\TerminationInKiosk\",\"job\":\"Illuminate\\\\Queue\\\\CallQueuedHandler@call\",\"maxTries\":null,\"maxExceptions\":null,\"failOnTimeout\":false,\"backoff\":null,\"timeout\":null,\"retryUntil\":null,\"data\":{\"commandName\":\"App\\\\Jobs\\\\TerminationInKiosk\",\"command\":\"O:27:\\\"App\\\\Jobs\\\\TerminationInKiosk\\\":2:{s:7:\\\"room_id\\\";i:62;s:5:\\\"delay\\\";O:13:\\\"Carbon\\\\Carbon\\\":3:{s:4:\\\"date\\\";s:26:\\\"2025-03-18 15:43:26.638366\\\";s:13:\\\"timezone_type\\\";i:3;s:8:\\\"timezone\\\";s:11:\\\"Asia\\/Manila\\\";}}\"}}',0,NULL,1742283806,1742282606),(96,'default','{\"uuid\":\"7f0cef8b-ce92-49a6-84d8-ef091ffacf2d\",\"displayName\":\"App\\\\Events\\\\CheckInEvent\",\"job\":\"Illuminate\\\\Queue\\\\CallQueuedHandler@call\",\"maxTries\":null,\"maxExceptions\":null,\"failOnTimeout\":false,\"backoff\":null,\"timeout\":null,\"retryUntil\":null,\"data\":{\"commandName\":\"Illuminate\\\\Broadcasting\\\\BroadcastEvent\",\"command\":\"O:38:\\\"Illuminate\\\\Broadcasting\\\\BroadcastEvent\\\":13:{s:5:\\\"event\\\";O:23:\\\"App\\\\Events\\\\CheckInEvent\\\":1:{s:9:\\\"branch_id\\\";i:1;}s:5:\\\"tries\\\";N;s:7:\\\"timeout\\\";N;s:7:\\\"backoff\\\";N;s:10:\\\"connection\\\";N;s:5:\\\"queue\\\";N;s:15:\\\"chainConnection\\\";N;s:10:\\\"chainQueue\\\";N;s:19:\\\"chainCatchCallbacks\\\";N;s:5:\\\"delay\\\";N;s:11:\\\"afterCommit\\\";N;s:10:\\\"middleware\\\";a:0:{}s:7:\\\"chained\\\";a:0:{}}\"}}',0,NULL,1742282606,1742282606),(97,'default','{\"uuid\":\"b9c7db4b-be77-40fa-8a01-25abdb6a55b4\",\"displayName\":\"App\\\\Jobs\\\\TerminationInKiosk\",\"job\":\"Illuminate\\\\Queue\\\\CallQueuedHandler@call\",\"maxTries\":null,\"maxExceptions\":null,\"failOnTimeout\":false,\"backoff\":null,\"timeout\":null,\"retryUntil\":null,\"data\":{\"commandName\":\"App\\\\Jobs\\\\TerminationInKiosk\",\"command\":\"O:27:\\\"App\\\\Jobs\\\\TerminationInKiosk\\\":2:{s:7:\\\"room_id\\\";i:27;s:5:\\\"delay\\\";O:13:\\\"Carbon\\\\Carbon\\\":3:{s:4:\\\"date\\\";s:26:\\\"2025-03-18 15:43:30.281802\\\";s:13:\\\"timezone_type\\\";i:3;s:8:\\\"timezone\\\";s:11:\\\"Asia\\/Manila\\\";}}\"}}',0,NULL,1742283810,1742282610),(98,'default','{\"uuid\":\"d93bf681-49c9-469e-8f8b-5d41d60b3291\",\"displayName\":\"App\\\\Events\\\\CheckInEvent\",\"job\":\"Illuminate\\\\Queue\\\\CallQueuedHandler@call\",\"maxTries\":null,\"maxExceptions\":null,\"failOnTimeout\":false,\"backoff\":null,\"timeout\":null,\"retryUntil\":null,\"data\":{\"commandName\":\"Illuminate\\\\Broadcasting\\\\BroadcastEvent\",\"command\":\"O:38:\\\"Illuminate\\\\Broadcasting\\\\BroadcastEvent\\\":13:{s:5:\\\"event\\\";O:23:\\\"App\\\\Events\\\\CheckInEvent\\\":1:{s:9:\\\"branch_id\\\";i:1;}s:5:\\\"tries\\\";N;s:7:\\\"timeout\\\";N;s:7:\\\"backoff\\\";N;s:10:\\\"connection\\\";N;s:5:\\\"queue\\\";N;s:15:\\\"chainConnection\\\";N;s:10:\\\"chainQueue\\\";N;s:19:\\\"chainCatchCallbacks\\\";N;s:5:\\\"delay\\\";N;s:11:\\\"afterCommit\\\";N;s:10:\\\"middleware\\\";a:0:{}s:7:\\\"chained\\\";a:0:{}}\"}}',0,NULL,1742282610,1742282610),(99,'default','{\"uuid\":\"7c250ce0-c33e-4c10-aea4-f1296333931e\",\"displayName\":\"App\\\\Jobs\\\\TerminationInKiosk\",\"job\":\"Illuminate\\\\Queue\\\\CallQueuedHandler@call\",\"maxTries\":null,\"maxExceptions\":null,\"failOnTimeout\":false,\"backoff\":null,\"timeout\":null,\"retryUntil\":null,\"data\":{\"commandName\":\"App\\\\Jobs\\\\TerminationInKiosk\",\"command\":\"O:27:\\\"App\\\\Jobs\\\\TerminationInKiosk\\\":2:{s:7:\\\"room_id\\\";i:28;s:5:\\\"delay\\\";O:13:\\\"Carbon\\\\Carbon\\\":3:{s:4:\\\"date\\\";s:26:\\\"2025-03-18 15:43:54.275918\\\";s:13:\\\"timezone_type\\\";i:3;s:8:\\\"timezone\\\";s:11:\\\"Asia\\/Manila\\\";}}\"}}',0,NULL,1742283834,1742282634),(100,'default','{\"uuid\":\"6847a77e-293e-42a4-87af-7083644b2282\",\"displayName\":\"App\\\\Events\\\\CheckInEvent\",\"job\":\"Illuminate\\\\Queue\\\\CallQueuedHandler@call\",\"maxTries\":null,\"maxExceptions\":null,\"failOnTimeout\":false,\"backoff\":null,\"timeout\":null,\"retryUntil\":null,\"data\":{\"commandName\":\"Illuminate\\\\Broadcasting\\\\BroadcastEvent\",\"command\":\"O:38:\\\"Illuminate\\\\Broadcasting\\\\BroadcastEvent\\\":13:{s:5:\\\"event\\\";O:23:\\\"App\\\\Events\\\\CheckInEvent\\\":1:{s:9:\\\"branch_id\\\";i:1;}s:5:\\\"tries\\\";N;s:7:\\\"timeout\\\";N;s:7:\\\"backoff\\\";N;s:10:\\\"connection\\\";N;s:5:\\\"queue\\\";N;s:15:\\\"chainConnection\\\";N;s:10:\\\"chainQueue\\\";N;s:19:\\\"chainCatchCallbacks\\\";N;s:5:\\\"delay\\\";N;s:11:\\\"afterCommit\\\";N;s:10:\\\"middleware\\\";a:0:{}s:7:\\\"chained\\\";a:0:{}}\"}}',0,NULL,1742282634,1742282634),(101,'default','{\"uuid\":\"9b50275c-9017-497e-810c-177168fa0dc4\",\"displayName\":\"App\\\\Jobs\\\\TerminationInKiosk\",\"job\":\"Illuminate\\\\Queue\\\\CallQueuedHandler@call\",\"maxTries\":null,\"maxExceptions\":null,\"failOnTimeout\":false,\"backoff\":null,\"timeout\":null,\"retryUntil\":null,\"data\":{\"commandName\":\"App\\\\Jobs\\\\TerminationInKiosk\",\"command\":\"O:27:\\\"App\\\\Jobs\\\\TerminationInKiosk\\\":2:{s:7:\\\"room_id\\\";i:29;s:5:\\\"delay\\\";O:13:\\\"Carbon\\\\Carbon\\\":3:{s:4:\\\"date\\\";s:26:\\\"2025-03-18 15:44:23.325480\\\";s:13:\\\"timezone_type\\\";i:3;s:8:\\\"timezone\\\";s:11:\\\"Asia\\/Manila\\\";}}\"}}',0,NULL,1742283863,1742282663),(102,'default','{\"uuid\":\"09df8f4a-164b-45ba-aa72-57916448ba82\",\"displayName\":\"App\\\\Events\\\\CheckInEvent\",\"job\":\"Illuminate\\\\Queue\\\\CallQueuedHandler@call\",\"maxTries\":null,\"maxExceptions\":null,\"failOnTimeout\":false,\"backoff\":null,\"timeout\":null,\"retryUntil\":null,\"data\":{\"commandName\":\"Illuminate\\\\Broadcasting\\\\BroadcastEvent\",\"command\":\"O:38:\\\"Illuminate\\\\Broadcasting\\\\BroadcastEvent\\\":13:{s:5:\\\"event\\\";O:23:\\\"App\\\\Events\\\\CheckInEvent\\\":1:{s:9:\\\"branch_id\\\";i:1;}s:5:\\\"tries\\\";N;s:7:\\\"timeout\\\";N;s:7:\\\"backoff\\\";N;s:10:\\\"connection\\\";N;s:5:\\\"queue\\\";N;s:15:\\\"chainConnection\\\";N;s:10:\\\"chainQueue\\\";N;s:19:\\\"chainCatchCallbacks\\\";N;s:5:\\\"delay\\\";N;s:11:\\\"afterCommit\\\";N;s:10:\\\"middleware\\\";a:0:{}s:7:\\\"chained\\\";a:0:{}}\"}}',0,NULL,1742282663,1742282663),(103,'default','{\"uuid\":\"97e7a99c-eea6-4701-ad2d-0d48c9737a9e\",\"displayName\":\"App\\\\Jobs\\\\TerminationInKiosk\",\"job\":\"Illuminate\\\\Queue\\\\CallQueuedHandler@call\",\"maxTries\":null,\"maxExceptions\":null,\"failOnTimeout\":false,\"backoff\":null,\"timeout\":null,\"retryUntil\":null,\"data\":{\"commandName\":\"App\\\\Jobs\\\\TerminationInKiosk\",\"command\":\"O:27:\\\"App\\\\Jobs\\\\TerminationInKiosk\\\":2:{s:7:\\\"room_id\\\";i:66;s:5:\\\"delay\\\";O:13:\\\"Carbon\\\\Carbon\\\":3:{s:4:\\\"date\\\";s:26:\\\"2025-03-18 15:44:23.613463\\\";s:13:\\\"timezone_type\\\";i:3;s:8:\\\"timezone\\\";s:11:\\\"Asia\\/Manila\\\";}}\"}}',0,NULL,1742283863,1742282663),(104,'default','{\"uuid\":\"52c83d4f-e502-44f2-9056-bdded1b1b082\",\"displayName\":\"App\\\\Events\\\\CheckInEvent\",\"job\":\"Illuminate\\\\Queue\\\\CallQueuedHandler@call\",\"maxTries\":null,\"maxExceptions\":null,\"failOnTimeout\":false,\"backoff\":null,\"timeout\":null,\"retryUntil\":null,\"data\":{\"commandName\":\"Illuminate\\\\Broadcasting\\\\BroadcastEvent\",\"command\":\"O:38:\\\"Illuminate\\\\Broadcasting\\\\BroadcastEvent\\\":13:{s:5:\\\"event\\\";O:23:\\\"App\\\\Events\\\\CheckInEvent\\\":1:{s:9:\\\"branch_id\\\";i:1;}s:5:\\\"tries\\\";N;s:7:\\\"timeout\\\";N;s:7:\\\"backoff\\\";N;s:10:\\\"connection\\\";N;s:5:\\\"queue\\\";N;s:15:\\\"chainConnection\\\";N;s:10:\\\"chainQueue\\\";N;s:19:\\\"chainCatchCallbacks\\\";N;s:5:\\\"delay\\\";N;s:11:\\\"afterCommit\\\";N;s:10:\\\"middleware\\\";a:0:{}s:7:\\\"chained\\\";a:0:{}}\"}}',0,NULL,1742282663,1742282663),(105,'default','{\"uuid\":\"b76b810e-44c7-49ee-a67f-28c83a02bab1\",\"displayName\":\"App\\\\Jobs\\\\TerminationInKiosk\",\"job\":\"Illuminate\\\\Queue\\\\CallQueuedHandler@call\",\"maxTries\":null,\"maxExceptions\":null,\"failOnTimeout\":false,\"backoff\":null,\"timeout\":null,\"retryUntil\":null,\"data\":{\"commandName\":\"App\\\\Jobs\\\\TerminationInKiosk\",\"command\":\"O:27:\\\"App\\\\Jobs\\\\TerminationInKiosk\\\":2:{s:7:\\\"room_id\\\";i:30;s:5:\\\"delay\\\";O:13:\\\"Carbon\\\\Carbon\\\":3:{s:4:\\\"date\\\";s:26:\\\"2025-03-18 15:44:48.118624\\\";s:13:\\\"timezone_type\\\";i:3;s:8:\\\"timezone\\\";s:11:\\\"Asia\\/Manila\\\";}}\"}}',0,NULL,1742283888,1742282688),(106,'default','{\"uuid\":\"20268f26-7b66-485e-a7df-04be1cb106c1\",\"displayName\":\"App\\\\Events\\\\CheckInEvent\",\"job\":\"Illuminate\\\\Queue\\\\CallQueuedHandler@call\",\"maxTries\":null,\"maxExceptions\":null,\"failOnTimeout\":false,\"backoff\":null,\"timeout\":null,\"retryUntil\":null,\"data\":{\"commandName\":\"Illuminate\\\\Broadcasting\\\\BroadcastEvent\",\"command\":\"O:38:\\\"Illuminate\\\\Broadcasting\\\\BroadcastEvent\\\":13:{s:5:\\\"event\\\";O:23:\\\"App\\\\Events\\\\CheckInEvent\\\":1:{s:9:\\\"branch_id\\\";i:1;}s:5:\\\"tries\\\";N;s:7:\\\"timeout\\\";N;s:7:\\\"backoff\\\";N;s:10:\\\"connection\\\";N;s:5:\\\"queue\\\";N;s:15:\\\"chainConnection\\\";N;s:10:\\\"chainQueue\\\";N;s:19:\\\"chainCatchCallbacks\\\";N;s:5:\\\"delay\\\";N;s:11:\\\"afterCommit\\\";N;s:10:\\\"middleware\\\";a:0:{}s:7:\\\"chained\\\";a:0:{}}\"}}',0,NULL,1742282688,1742282688),(107,'default','{\"uuid\":\"a15c2ac2-5662-49df-9367-ea384b81f5e2\",\"displayName\":\"App\\\\Jobs\\\\TerminationInKiosk\",\"job\":\"Illuminate\\\\Queue\\\\CallQueuedHandler@call\",\"maxTries\":null,\"maxExceptions\":null,\"failOnTimeout\":false,\"backoff\":null,\"timeout\":null,\"retryUntil\":null,\"data\":{\"commandName\":\"App\\\\Jobs\\\\TerminationInKiosk\",\"command\":\"O:27:\\\"App\\\\Jobs\\\\TerminationInKiosk\\\":2:{s:7:\\\"room_id\\\";i:68;s:5:\\\"delay\\\";O:13:\\\"Carbon\\\\Carbon\\\":3:{s:4:\\\"date\\\";s:26:\\\"2025-03-18 15:44:51.024018\\\";s:13:\\\"timezone_type\\\";i:3;s:8:\\\"timezone\\\";s:11:\\\"Asia\\/Manila\\\";}}\"}}',0,NULL,1742283891,1742282691),(108,'default','{\"uuid\":\"09eda4f4-1178-4e9b-b7ae-fe97fe14d553\",\"displayName\":\"App\\\\Events\\\\CheckInEvent\",\"job\":\"Illuminate\\\\Queue\\\\CallQueuedHandler@call\",\"maxTries\":null,\"maxExceptions\":null,\"failOnTimeout\":false,\"backoff\":null,\"timeout\":null,\"retryUntil\":null,\"data\":{\"commandName\":\"Illuminate\\\\Broadcasting\\\\BroadcastEvent\",\"command\":\"O:38:\\\"Illuminate\\\\Broadcasting\\\\BroadcastEvent\\\":13:{s:5:\\\"event\\\";O:23:\\\"App\\\\Events\\\\CheckInEvent\\\":1:{s:9:\\\"branch_id\\\";i:1;}s:5:\\\"tries\\\";N;s:7:\\\"timeout\\\";N;s:7:\\\"backoff\\\";N;s:10:\\\"connection\\\";N;s:5:\\\"queue\\\";N;s:15:\\\"chainConnection\\\";N;s:10:\\\"chainQueue\\\";N;s:19:\\\"chainCatchCallbacks\\\";N;s:5:\\\"delay\\\";N;s:11:\\\"afterCommit\\\";N;s:10:\\\"middleware\\\";a:0:{}s:7:\\\"chained\\\";a:0:{}}\"}}',0,NULL,1742282691,1742282691),(109,'default','{\"uuid\":\"69d3761a-f059-484c-8708-5b9cd9ff62db\",\"displayName\":\"App\\\\Jobs\\\\TerminationInKiosk\",\"job\":\"Illuminate\\\\Queue\\\\CallQueuedHandler@call\",\"maxTries\":null,\"maxExceptions\":null,\"failOnTimeout\":false,\"backoff\":null,\"timeout\":null,\"retryUntil\":null,\"data\":{\"commandName\":\"App\\\\Jobs\\\\TerminationInKiosk\",\"command\":\"O:27:\\\"App\\\\Jobs\\\\TerminationInKiosk\\\":2:{s:7:\\\"room_id\\\";i:69;s:5:\\\"delay\\\";O:13:\\\"Carbon\\\\Carbon\\\":3:{s:4:\\\"date\\\";s:26:\\\"2025-03-18 15:45:10.797230\\\";s:13:\\\"timezone_type\\\";i:3;s:8:\\\"timezone\\\";s:11:\\\"Asia\\/Manila\\\";}}\"}}',0,NULL,1742283910,1742282710),(110,'default','{\"uuid\":\"525130eb-1314-4ce2-add7-1a9f1bf8f1cc\",\"displayName\":\"App\\\\Events\\\\CheckInEvent\",\"job\":\"Illuminate\\\\Queue\\\\CallQueuedHandler@call\",\"maxTries\":null,\"maxExceptions\":null,\"failOnTimeout\":false,\"backoff\":null,\"timeout\":null,\"retryUntil\":null,\"data\":{\"commandName\":\"Illuminate\\\\Broadcasting\\\\BroadcastEvent\",\"command\":\"O:38:\\\"Illuminate\\\\Broadcasting\\\\BroadcastEvent\\\":13:{s:5:\\\"event\\\";O:23:\\\"App\\\\Events\\\\CheckInEvent\\\":1:{s:9:\\\"branch_id\\\";i:1;}s:5:\\\"tries\\\";N;s:7:\\\"timeout\\\";N;s:7:\\\"backoff\\\";N;s:10:\\\"connection\\\";N;s:5:\\\"queue\\\";N;s:15:\\\"chainConnection\\\";N;s:10:\\\"chainQueue\\\";N;s:19:\\\"chainCatchCallbacks\\\";N;s:5:\\\"delay\\\";N;s:11:\\\"afterCommit\\\";N;s:10:\\\"middleware\\\";a:0:{}s:7:\\\"chained\\\";a:0:{}}\"}}',0,NULL,1742282710,1742282710),(111,'default','{\"uuid\":\"3f620980-3e20-482b-8304-33526bfa0a3d\",\"displayName\":\"App\\\\Jobs\\\\TerminationInKiosk\",\"job\":\"Illuminate\\\\Queue\\\\CallQueuedHandler@call\",\"maxTries\":null,\"maxExceptions\":null,\"failOnTimeout\":false,\"backoff\":null,\"timeout\":null,\"retryUntil\":null,\"data\":{\"commandName\":\"App\\\\Jobs\\\\TerminationInKiosk\",\"command\":\"O:27:\\\"App\\\\Jobs\\\\TerminationInKiosk\\\":2:{s:7:\\\"room_id\\\";i:31;s:5:\\\"delay\\\";O:13:\\\"Carbon\\\\Carbon\\\":3:{s:4:\\\"date\\\";s:26:\\\"2025-03-18 15:45:12.889879\\\";s:13:\\\"timezone_type\\\";i:3;s:8:\\\"timezone\\\";s:11:\\\"Asia\\/Manila\\\";}}\"}}',0,NULL,1742283912,1742282712),(112,'default','{\"uuid\":\"f173476b-9f31-4345-a214-9ef2cb9096b8\",\"displayName\":\"App\\\\Events\\\\CheckInEvent\",\"job\":\"Illuminate\\\\Queue\\\\CallQueuedHandler@call\",\"maxTries\":null,\"maxExceptions\":null,\"failOnTimeout\":false,\"backoff\":null,\"timeout\":null,\"retryUntil\":null,\"data\":{\"commandName\":\"Illuminate\\\\Broadcasting\\\\BroadcastEvent\",\"command\":\"O:38:\\\"Illuminate\\\\Broadcasting\\\\BroadcastEvent\\\":13:{s:5:\\\"event\\\";O:23:\\\"App\\\\Events\\\\CheckInEvent\\\":1:{s:9:\\\"branch_id\\\";i:1;}s:5:\\\"tries\\\";N;s:7:\\\"timeout\\\";N;s:7:\\\"backoff\\\";N;s:10:\\\"connection\\\";N;s:5:\\\"queue\\\";N;s:15:\\\"chainConnection\\\";N;s:10:\\\"chainQueue\\\";N;s:19:\\\"chainCatchCallbacks\\\";N;s:5:\\\"delay\\\";N;s:11:\\\"afterCommit\\\";N;s:10:\\\"middleware\\\";a:0:{}s:7:\\\"chained\\\";a:0:{}}\"}}',0,NULL,1742282712,1742282712),(113,'default','{\"uuid\":\"c0b6257c-922c-4083-b209-82243f05cb56\",\"displayName\":\"App\\\\Jobs\\\\TerminationInKiosk\",\"job\":\"Illuminate\\\\Queue\\\\CallQueuedHandler@call\",\"maxTries\":null,\"maxExceptions\":null,\"failOnTimeout\":false,\"backoff\":null,\"timeout\":null,\"retryUntil\":null,\"data\":{\"commandName\":\"App\\\\Jobs\\\\TerminationInKiosk\",\"command\":\"O:27:\\\"App\\\\Jobs\\\\TerminationInKiosk\\\":2:{s:7:\\\"room_id\\\";i:95;s:5:\\\"delay\\\";O:13:\\\"Carbon\\\\Carbon\\\":3:{s:4:\\\"date\\\";s:26:\\\"2025-03-18 15:45:30.962019\\\";s:13:\\\"timezone_type\\\";i:3;s:8:\\\"timezone\\\";s:11:\\\"Asia\\/Manila\\\";}}\"}}',0,NULL,1742283930,1742282730),(114,'default','{\"uuid\":\"e807b382-aa4a-4054-a619-88958da49e7d\",\"displayName\":\"App\\\\Events\\\\CheckInEvent\",\"job\":\"Illuminate\\\\Queue\\\\CallQueuedHandler@call\",\"maxTries\":null,\"maxExceptions\":null,\"failOnTimeout\":false,\"backoff\":null,\"timeout\":null,\"retryUntil\":null,\"data\":{\"commandName\":\"Illuminate\\\\Broadcasting\\\\BroadcastEvent\",\"command\":\"O:38:\\\"Illuminate\\\\Broadcasting\\\\BroadcastEvent\\\":13:{s:5:\\\"event\\\";O:23:\\\"App\\\\Events\\\\CheckInEvent\\\":1:{s:9:\\\"branch_id\\\";i:1;}s:5:\\\"tries\\\";N;s:7:\\\"timeout\\\";N;s:7:\\\"backoff\\\";N;s:10:\\\"connection\\\";N;s:5:\\\"queue\\\";N;s:15:\\\"chainConnection\\\";N;s:10:\\\"chainQueue\\\";N;s:19:\\\"chainCatchCallbacks\\\";N;s:5:\\\"delay\\\";N;s:11:\\\"afterCommit\\\";N;s:10:\\\"middleware\\\";a:0:{}s:7:\\\"chained\\\";a:0:{}}\"}}',0,NULL,1742282730,1742282730),(115,'default','{\"uuid\":\"8dabd488-28af-439a-8166-f024d16f3c5a\",\"displayName\":\"App\\\\Jobs\\\\TerminationInKiosk\",\"job\":\"Illuminate\\\\Queue\\\\CallQueuedHandler@call\",\"maxTries\":null,\"maxExceptions\":null,\"failOnTimeout\":false,\"backoff\":null,\"timeout\":null,\"retryUntil\":null,\"data\":{\"commandName\":\"App\\\\Jobs\\\\TerminationInKiosk\",\"command\":\"O:27:\\\"App\\\\Jobs\\\\TerminationInKiosk\\\":2:{s:7:\\\"room_id\\\";i:35;s:5:\\\"delay\\\";O:13:\\\"Carbon\\\\Carbon\\\":3:{s:4:\\\"date\\\";s:26:\\\"2025-03-18 15:45:39.321497\\\";s:13:\\\"timezone_type\\\";i:3;s:8:\\\"timezone\\\";s:11:\\\"Asia\\/Manila\\\";}}\"}}',0,NULL,1742283939,1742282739),(116,'default','{\"uuid\":\"d6d82966-0a4a-448a-9e2e-a560538bfeed\",\"displayName\":\"App\\\\Events\\\\CheckInEvent\",\"job\":\"Illuminate\\\\Queue\\\\CallQueuedHandler@call\",\"maxTries\":null,\"maxExceptions\":null,\"failOnTimeout\":false,\"backoff\":null,\"timeout\":null,\"retryUntil\":null,\"data\":{\"commandName\":\"Illuminate\\\\Broadcasting\\\\BroadcastEvent\",\"command\":\"O:38:\\\"Illuminate\\\\Broadcasting\\\\BroadcastEvent\\\":13:{s:5:\\\"event\\\";O:23:\\\"App\\\\Events\\\\CheckInEvent\\\":1:{s:9:\\\"branch_id\\\";i:1;}s:5:\\\"tries\\\";N;s:7:\\\"timeout\\\";N;s:7:\\\"backoff\\\";N;s:10:\\\"connection\\\";N;s:5:\\\"queue\\\";N;s:15:\\\"chainConnection\\\";N;s:10:\\\"chainQueue\\\";N;s:19:\\\"chainCatchCallbacks\\\";N;s:5:\\\"delay\\\";N;s:11:\\\"afterCommit\\\";N;s:10:\\\"middleware\\\";a:0:{}s:7:\\\"chained\\\";a:0:{}}\"}}',0,NULL,1742282739,1742282739),(117,'default','{\"uuid\":\"83db98ef-dcd2-4125-b8d3-ee0c03cfb715\",\"displayName\":\"App\\\\Jobs\\\\TerminationInKiosk\",\"job\":\"Illuminate\\\\Queue\\\\CallQueuedHandler@call\",\"maxTries\":null,\"maxExceptions\":null,\"failOnTimeout\":false,\"backoff\":null,\"timeout\":null,\"retryUntil\":null,\"data\":{\"commandName\":\"App\\\\Jobs\\\\TerminationInKiosk\",\"command\":\"O:27:\\\"App\\\\Jobs\\\\TerminationInKiosk\\\":2:{s:7:\\\"room_id\\\";i:98;s:5:\\\"delay\\\";O:13:\\\"Carbon\\\\Carbon\\\":3:{s:4:\\\"date\\\";s:26:\\\"2025-03-18 15:45:54.796229\\\";s:13:\\\"timezone_type\\\";i:3;s:8:\\\"timezone\\\";s:11:\\\"Asia\\/Manila\\\";}}\"}}',0,NULL,1742283954,1742282754),(118,'default','{\"uuid\":\"07e77017-6c5a-4cda-9ffe-da3ac494d62e\",\"displayName\":\"App\\\\Events\\\\CheckInEvent\",\"job\":\"Illuminate\\\\Queue\\\\CallQueuedHandler@call\",\"maxTries\":null,\"maxExceptions\":null,\"failOnTimeout\":false,\"backoff\":null,\"timeout\":null,\"retryUntil\":null,\"data\":{\"commandName\":\"Illuminate\\\\Broadcasting\\\\BroadcastEvent\",\"command\":\"O:38:\\\"Illuminate\\\\Broadcasting\\\\BroadcastEvent\\\":13:{s:5:\\\"event\\\";O:23:\\\"App\\\\Events\\\\CheckInEvent\\\":1:{s:9:\\\"branch_id\\\";i:1;}s:5:\\\"tries\\\";N;s:7:\\\"timeout\\\";N;s:7:\\\"backoff\\\";N;s:10:\\\"connection\\\";N;s:5:\\\"queue\\\";N;s:15:\\\"chainConnection\\\";N;s:10:\\\"chainQueue\\\";N;s:19:\\\"chainCatchCallbacks\\\";N;s:5:\\\"delay\\\";N;s:11:\\\"afterCommit\\\";N;s:10:\\\"middleware\\\";a:0:{}s:7:\\\"chained\\\";a:0:{}}\"}}',0,NULL,1742282754,1742282754),(119,'default','{\"uuid\":\"eb4b5af7-24fd-4f9c-8fc0-346da23fa48c\",\"displayName\":\"App\\\\Jobs\\\\TerminationInKiosk\",\"job\":\"Illuminate\\\\Queue\\\\CallQueuedHandler@call\",\"maxTries\":null,\"maxExceptions\":null,\"failOnTimeout\":false,\"backoff\":null,\"timeout\":null,\"retryUntil\":null,\"data\":{\"commandName\":\"App\\\\Jobs\\\\TerminationInKiosk\",\"command\":\"O:27:\\\"App\\\\Jobs\\\\TerminationInKiosk\\\":2:{s:7:\\\"room_id\\\";i:36;s:5:\\\"delay\\\";O:13:\\\"Carbon\\\\Carbon\\\":3:{s:4:\\\"date\\\";s:26:\\\"2025-03-18 15:45:59.700048\\\";s:13:\\\"timezone_type\\\";i:3;s:8:\\\"timezone\\\";s:11:\\\"Asia\\/Manila\\\";}}\"}}',0,NULL,1742283959,1742282759),(120,'default','{\"uuid\":\"dcf9b13a-1aaa-4e8c-b861-193e6f95d4fa\",\"displayName\":\"App\\\\Events\\\\CheckInEvent\",\"job\":\"Illuminate\\\\Queue\\\\CallQueuedHandler@call\",\"maxTries\":null,\"maxExceptions\":null,\"failOnTimeout\":false,\"backoff\":null,\"timeout\":null,\"retryUntil\":null,\"data\":{\"commandName\":\"Illuminate\\\\Broadcasting\\\\BroadcastEvent\",\"command\":\"O:38:\\\"Illuminate\\\\Broadcasting\\\\BroadcastEvent\\\":13:{s:5:\\\"event\\\";O:23:\\\"App\\\\Events\\\\CheckInEvent\\\":1:{s:9:\\\"branch_id\\\";i:1;}s:5:\\\"tries\\\";N;s:7:\\\"timeout\\\";N;s:7:\\\"backoff\\\";N;s:10:\\\"connection\\\";N;s:5:\\\"queue\\\";N;s:15:\\\"chainConnection\\\";N;s:10:\\\"chainQueue\\\";N;s:19:\\\"chainCatchCallbacks\\\";N;s:5:\\\"delay\\\";N;s:11:\\\"afterCommit\\\";N;s:10:\\\"middleware\\\";a:0:{}s:7:\\\"chained\\\";a:0:{}}\"}}',0,NULL,1742282759,1742282759),(121,'default','{\"uuid\":\"07db9b40-af7e-4696-8f74-0f346aafdbb3\",\"displayName\":\"App\\\\Jobs\\\\TerminationInKiosk\",\"job\":\"Illuminate\\\\Queue\\\\CallQueuedHandler@call\",\"maxTries\":null,\"maxExceptions\":null,\"failOnTimeout\":false,\"backoff\":null,\"timeout\":null,\"retryUntil\":null,\"data\":{\"commandName\":\"App\\\\Jobs\\\\TerminationInKiosk\",\"command\":\"O:27:\\\"App\\\\Jobs\\\\TerminationInKiosk\\\":2:{s:7:\\\"room_id\\\";i:102;s:5:\\\"delay\\\";O:13:\\\"Carbon\\\\Carbon\\\":3:{s:4:\\\"date\\\";s:26:\\\"2025-03-18 15:46:16.541257\\\";s:13:\\\"timezone_type\\\";i:3;s:8:\\\"timezone\\\";s:11:\\\"Asia\\/Manila\\\";}}\"}}',0,NULL,1742283976,1742282776),(122,'default','{\"uuid\":\"93b9edb5-31b5-4461-9f9d-b0150aae3353\",\"displayName\":\"App\\\\Events\\\\CheckInEvent\",\"job\":\"Illuminate\\\\Queue\\\\CallQueuedHandler@call\",\"maxTries\":null,\"maxExceptions\":null,\"failOnTimeout\":false,\"backoff\":null,\"timeout\":null,\"retryUntil\":null,\"data\":{\"commandName\":\"Illuminate\\\\Broadcasting\\\\BroadcastEvent\",\"command\":\"O:38:\\\"Illuminate\\\\Broadcasting\\\\BroadcastEvent\\\":13:{s:5:\\\"event\\\";O:23:\\\"App\\\\Events\\\\CheckInEvent\\\":1:{s:9:\\\"branch_id\\\";i:1;}s:5:\\\"tries\\\";N;s:7:\\\"timeout\\\";N;s:7:\\\"backoff\\\";N;s:10:\\\"connection\\\";N;s:5:\\\"queue\\\";N;s:15:\\\"chainConnection\\\";N;s:10:\\\"chainQueue\\\";N;s:19:\\\"chainCatchCallbacks\\\";N;s:5:\\\"delay\\\";N;s:11:\\\"afterCommit\\\";N;s:10:\\\"middleware\\\";a:0:{}s:7:\\\"chained\\\";a:0:{}}\"}}',0,NULL,1742282776,1742282776),(123,'default','{\"uuid\":\"72d85a7d-c64b-474f-b62f-c1d6e8c75b7c\",\"displayName\":\"App\\\\Jobs\\\\TerminationInKiosk\",\"job\":\"Illuminate\\\\Queue\\\\CallQueuedHandler@call\",\"maxTries\":null,\"maxExceptions\":null,\"failOnTimeout\":false,\"backoff\":null,\"timeout\":null,\"retryUntil\":null,\"data\":{\"commandName\":\"App\\\\Jobs\\\\TerminationInKiosk\",\"command\":\"O:27:\\\"App\\\\Jobs\\\\TerminationInKiosk\\\":2:{s:7:\\\"room_id\\\";i:37;s:5:\\\"delay\\\";O:13:\\\"Carbon\\\\Carbon\\\":3:{s:4:\\\"date\\\";s:26:\\\"2025-03-18 15:46:18.532703\\\";s:13:\\\"timezone_type\\\";i:3;s:8:\\\"timezone\\\";s:11:\\\"Asia\\/Manila\\\";}}\"}}',0,NULL,1742283978,1742282778),(124,'default','{\"uuid\":\"a3c38563-ecf6-4c51-88e7-7ea9dbd1728f\",\"displayName\":\"App\\\\Events\\\\CheckInEvent\",\"job\":\"Illuminate\\\\Queue\\\\CallQueuedHandler@call\",\"maxTries\":null,\"maxExceptions\":null,\"failOnTimeout\":false,\"backoff\":null,\"timeout\":null,\"retryUntil\":null,\"data\":{\"commandName\":\"Illuminate\\\\Broadcasting\\\\BroadcastEvent\",\"command\":\"O:38:\\\"Illuminate\\\\Broadcasting\\\\BroadcastEvent\\\":13:{s:5:\\\"event\\\";O:23:\\\"App\\\\Events\\\\CheckInEvent\\\":1:{s:9:\\\"branch_id\\\";i:1;}s:5:\\\"tries\\\";N;s:7:\\\"timeout\\\";N;s:7:\\\"backoff\\\";N;s:10:\\\"connection\\\";N;s:5:\\\"queue\\\";N;s:15:\\\"chainConnection\\\";N;s:10:\\\"chainQueue\\\";N;s:19:\\\"chainCatchCallbacks\\\";N;s:5:\\\"delay\\\";N;s:11:\\\"afterCommit\\\";N;s:10:\\\"middleware\\\";a:0:{}s:7:\\\"chained\\\";a:0:{}}\"}}',0,NULL,1742282778,1742282778),(125,'default','{\"uuid\":\"f03d28ab-de64-4f3b-95fc-90d1ba5f3220\",\"displayName\":\"App\\\\Jobs\\\\TerminationInKiosk\",\"job\":\"Illuminate\\\\Queue\\\\CallQueuedHandler@call\",\"maxTries\":null,\"maxExceptions\":null,\"failOnTimeout\":false,\"backoff\":null,\"timeout\":null,\"retryUntil\":null,\"data\":{\"commandName\":\"App\\\\Jobs\\\\TerminationInKiosk\",\"command\":\"O:27:\\\"App\\\\Jobs\\\\TerminationInKiosk\\\":2:{s:7:\\\"room_id\\\";i:106;s:5:\\\"delay\\\";O:13:\\\"Carbon\\\\Carbon\\\":3:{s:4:\\\"date\\\";s:26:\\\"2025-03-18 15:46:47.605955\\\";s:13:\\\"timezone_type\\\";i:3;s:8:\\\"timezone\\\";s:11:\\\"Asia\\/Manila\\\";}}\"}}',0,NULL,1742284007,1742282807),(126,'default','{\"uuid\":\"f0fb6baa-240e-49b5-9db4-544a8dbac667\",\"displayName\":\"App\\\\Events\\\\CheckInEvent\",\"job\":\"Illuminate\\\\Queue\\\\CallQueuedHandler@call\",\"maxTries\":null,\"maxExceptions\":null,\"failOnTimeout\":false,\"backoff\":null,\"timeout\":null,\"retryUntil\":null,\"data\":{\"commandName\":\"Illuminate\\\\Broadcasting\\\\BroadcastEvent\",\"command\":\"O:38:\\\"Illuminate\\\\Broadcasting\\\\BroadcastEvent\\\":13:{s:5:\\\"event\\\";O:23:\\\"App\\\\Events\\\\CheckInEvent\\\":1:{s:9:\\\"branch_id\\\";i:1;}s:5:\\\"tries\\\";N;s:7:\\\"timeout\\\";N;s:7:\\\"backoff\\\";N;s:10:\\\"connection\\\";N;s:5:\\\"queue\\\";N;s:15:\\\"chainConnection\\\";N;s:10:\\\"chainQueue\\\";N;s:19:\\\"chainCatchCallbacks\\\";N;s:5:\\\"delay\\\";N;s:11:\\\"afterCommit\\\";N;s:10:\\\"middleware\\\";a:0:{}s:7:\\\"chained\\\";a:0:{}}\"}}',0,NULL,1742282807,1742282807),(127,'default','{\"uuid\":\"aa262e66-bde9-4f3c-9868-856a186f15bd\",\"displayName\":\"App\\\\Jobs\\\\TerminationInKiosk\",\"job\":\"Illuminate\\\\Queue\\\\CallQueuedHandler@call\",\"maxTries\":null,\"maxExceptions\":null,\"failOnTimeout\":false,\"backoff\":null,\"timeout\":null,\"retryUntil\":null,\"data\":{\"commandName\":\"App\\\\Jobs\\\\TerminationInKiosk\",\"command\":\"O:27:\\\"App\\\\Jobs\\\\TerminationInKiosk\\\":2:{s:7:\\\"room_id\\\";i:38;s:5:\\\"delay\\\";O:13:\\\"Carbon\\\\Carbon\\\":3:{s:4:\\\"date\\\";s:26:\\\"2025-03-18 15:46:52.115828\\\";s:13:\\\"timezone_type\\\";i:3;s:8:\\\"timezone\\\";s:11:\\\"Asia\\/Manila\\\";}}\"}}',0,NULL,1742284012,1742282812),(128,'default','{\"uuid\":\"1370d9b3-501a-4de2-99bd-22eaf5e9611c\",\"displayName\":\"App\\\\Events\\\\CheckInEvent\",\"job\":\"Illuminate\\\\Queue\\\\CallQueuedHandler@call\",\"maxTries\":null,\"maxExceptions\":null,\"failOnTimeout\":false,\"backoff\":null,\"timeout\":null,\"retryUntil\":null,\"data\":{\"commandName\":\"Illuminate\\\\Broadcasting\\\\BroadcastEvent\",\"command\":\"O:38:\\\"Illuminate\\\\Broadcasting\\\\BroadcastEvent\\\":13:{s:5:\\\"event\\\";O:23:\\\"App\\\\Events\\\\CheckInEvent\\\":1:{s:9:\\\"branch_id\\\";i:1;}s:5:\\\"tries\\\";N;s:7:\\\"timeout\\\";N;s:7:\\\"backoff\\\";N;s:10:\\\"connection\\\";N;s:5:\\\"queue\\\";N;s:15:\\\"chainConnection\\\";N;s:10:\\\"chainQueue\\\";N;s:19:\\\"chainCatchCallbacks\\\";N;s:5:\\\"delay\\\";N;s:11:\\\"afterCommit\\\";N;s:10:\\\"middleware\\\";a:0:{}s:7:\\\"chained\\\";a:0:{}}\"}}',0,NULL,1742282812,1742282812),(129,'default','{\"uuid\":\"2febddfb-f340-4028-bbdc-d0b14c7192fb\",\"displayName\":\"App\\\\Jobs\\\\TerminationInKiosk\",\"job\":\"Illuminate\\\\Queue\\\\CallQueuedHandler@call\",\"maxTries\":null,\"maxExceptions\":null,\"failOnTimeout\":false,\"backoff\":null,\"timeout\":null,\"retryUntil\":null,\"data\":{\"commandName\":\"App\\\\Jobs\\\\TerminationInKiosk\",\"command\":\"O:27:\\\"App\\\\Jobs\\\\TerminationInKiosk\\\":2:{s:7:\\\"room_id\\\";i:109;s:5:\\\"delay\\\";O:13:\\\"Carbon\\\\Carbon\\\":3:{s:4:\\\"date\\\";s:26:\\\"2025-03-18 15:47:15.653321\\\";s:13:\\\"timezone_type\\\";i:3;s:8:\\\"timezone\\\";s:11:\\\"Asia\\/Manila\\\";}}\"}}',0,NULL,1742284035,1742282835),(130,'default','{\"uuid\":\"a094054f-bd6b-4ac0-8619-401e0ab7c75d\",\"displayName\":\"App\\\\Events\\\\CheckInEvent\",\"job\":\"Illuminate\\\\Queue\\\\CallQueuedHandler@call\",\"maxTries\":null,\"maxExceptions\":null,\"failOnTimeout\":false,\"backoff\":null,\"timeout\":null,\"retryUntil\":null,\"data\":{\"commandName\":\"Illuminate\\\\Broadcasting\\\\BroadcastEvent\",\"command\":\"O:38:\\\"Illuminate\\\\Broadcasting\\\\BroadcastEvent\\\":13:{s:5:\\\"event\\\";O:23:\\\"App\\\\Events\\\\CheckInEvent\\\":1:{s:9:\\\"branch_id\\\";i:1;}s:5:\\\"tries\\\";N;s:7:\\\"timeout\\\";N;s:7:\\\"backoff\\\";N;s:10:\\\"connection\\\";N;s:5:\\\"queue\\\";N;s:15:\\\"chainConnection\\\";N;s:10:\\\"chainQueue\\\";N;s:19:\\\"chainCatchCallbacks\\\";N;s:5:\\\"delay\\\";N;s:11:\\\"afterCommit\\\";N;s:10:\\\"middleware\\\";a:0:{}s:7:\\\"chained\\\";a:0:{}}\"}}',0,NULL,1742282835,1742282835),(131,'default','{\"uuid\":\"3a92b184-98fb-4a86-aadd-c97ca26439fc\",\"displayName\":\"App\\\\Jobs\\\\TerminationInKiosk\",\"job\":\"Illuminate\\\\Queue\\\\CallQueuedHandler@call\",\"maxTries\":null,\"maxExceptions\":null,\"failOnTimeout\":false,\"backoff\":null,\"timeout\":null,\"retryUntil\":null,\"data\":{\"commandName\":\"App\\\\Jobs\\\\TerminationInKiosk\",\"command\":\"O:27:\\\"App\\\\Jobs\\\\TerminationInKiosk\\\":2:{s:7:\\\"room_id\\\";i:137;s:5:\\\"delay\\\";O:13:\\\"Carbon\\\\Carbon\\\":3:{s:4:\\\"date\\\";s:26:\\\"2025-03-18 15:47:51.007574\\\";s:13:\\\"timezone_type\\\";i:3;s:8:\\\"timezone\\\";s:11:\\\"Asia\\/Manila\\\";}}\"}}',0,NULL,1742284071,1742282871),(132,'default','{\"uuid\":\"6105ef3f-90b3-4474-855f-05c102c6436f\",\"displayName\":\"App\\\\Events\\\\CheckInEvent\",\"job\":\"Illuminate\\\\Queue\\\\CallQueuedHandler@call\",\"maxTries\":null,\"maxExceptions\":null,\"failOnTimeout\":false,\"backoff\":null,\"timeout\":null,\"retryUntil\":null,\"data\":{\"commandName\":\"Illuminate\\\\Broadcasting\\\\BroadcastEvent\",\"command\":\"O:38:\\\"Illuminate\\\\Broadcasting\\\\BroadcastEvent\\\":13:{s:5:\\\"event\\\";O:23:\\\"App\\\\Events\\\\CheckInEvent\\\":1:{s:9:\\\"branch_id\\\";i:1;}s:5:\\\"tries\\\";N;s:7:\\\"timeout\\\";N;s:7:\\\"backoff\\\";N;s:10:\\\"connection\\\";N;s:5:\\\"queue\\\";N;s:15:\\\"chainConnection\\\";N;s:10:\\\"chainQueue\\\";N;s:19:\\\"chainCatchCallbacks\\\";N;s:5:\\\"delay\\\";N;s:11:\\\"afterCommit\\\";N;s:10:\\\"middleware\\\";a:0:{}s:7:\\\"chained\\\";a:0:{}}\"}}',0,NULL,1742282871,1742282871),(133,'default','{\"uuid\":\"a5b51c6a-3d99-498b-bd3e-867ee44b3b1a\",\"displayName\":\"App\\\\Jobs\\\\TerminationInKiosk\",\"job\":\"Illuminate\\\\Queue\\\\CallQueuedHandler@call\",\"maxTries\":null,\"maxExceptions\":null,\"failOnTimeout\":false,\"backoff\":null,\"timeout\":null,\"retryUntil\":null,\"data\":{\"commandName\":\"App\\\\Jobs\\\\TerminationInKiosk\",\"command\":\"O:27:\\\"App\\\\Jobs\\\\TerminationInKiosk\\\":2:{s:7:\\\"room_id\\\";i:141;s:5:\\\"delay\\\";O:13:\\\"Carbon\\\\Carbon\\\":3:{s:4:\\\"date\\\";s:26:\\\"2025-03-18 15:48:26.512944\\\";s:13:\\\"timezone_type\\\";i:3;s:8:\\\"timezone\\\";s:11:\\\"Asia\\/Manila\\\";}}\"}}',0,NULL,1742284106,1742282906),(134,'default','{\"uuid\":\"c07c07ba-f703-46a7-bee3-4b2b8698eec7\",\"displayName\":\"App\\\\Events\\\\CheckInEvent\",\"job\":\"Illuminate\\\\Queue\\\\CallQueuedHandler@call\",\"maxTries\":null,\"maxExceptions\":null,\"failOnTimeout\":false,\"backoff\":null,\"timeout\":null,\"retryUntil\":null,\"data\":{\"commandName\":\"Illuminate\\\\Broadcasting\\\\BroadcastEvent\",\"command\":\"O:38:\\\"Illuminate\\\\Broadcasting\\\\BroadcastEvent\\\":13:{s:5:\\\"event\\\";O:23:\\\"App\\\\Events\\\\CheckInEvent\\\":1:{s:9:\\\"branch_id\\\";i:1;}s:5:\\\"tries\\\";N;s:7:\\\"timeout\\\";N;s:7:\\\"backoff\\\";N;s:10:\\\"connection\\\";N;s:5:\\\"queue\\\";N;s:15:\\\"chainConnection\\\";N;s:10:\\\"chainQueue\\\";N;s:19:\\\"chainCatchCallbacks\\\";N;s:5:\\\"delay\\\";N;s:11:\\\"afterCommit\\\";N;s:10:\\\"middleware\\\";a:0:{}s:7:\\\"chained\\\";a:0:{}}\"}}',0,NULL,1742282906,1742282906),(135,'default','{\"uuid\":\"704b78cc-9422-4ff9-b64f-a14e10883398\",\"displayName\":\"App\\\\Jobs\\\\TerminationInKiosk\",\"job\":\"Illuminate\\\\Queue\\\\CallQueuedHandler@call\",\"maxTries\":null,\"maxExceptions\":null,\"failOnTimeout\":false,\"backoff\":null,\"timeout\":null,\"retryUntil\":null,\"data\":{\"commandName\":\"App\\\\Jobs\\\\TerminationInKiosk\",\"command\":\"O:27:\\\"App\\\\Jobs\\\\TerminationInKiosk\\\":2:{s:7:\\\"room_id\\\";i:49;s:5:\\\"delay\\\";O:13:\\\"Carbon\\\\Carbon\\\":3:{s:4:\\\"date\\\";s:26:\\\"2025-03-18 16:11:44.904820\\\";s:13:\\\"timezone_type\\\";i:3;s:8:\\\"timezone\\\";s:11:\\\"Asia\\/Manila\\\";}}\"}}',0,NULL,1742285504,1742284304),(136,'default','{\"uuid\":\"ae999661-9a75-49b0-941a-3b7388e20ab7\",\"displayName\":\"App\\\\Events\\\\CheckInEvent\",\"job\":\"Illuminate\\\\Queue\\\\CallQueuedHandler@call\",\"maxTries\":null,\"maxExceptions\":null,\"failOnTimeout\":false,\"backoff\":null,\"timeout\":null,\"retryUntil\":null,\"data\":{\"commandName\":\"Illuminate\\\\Broadcasting\\\\BroadcastEvent\",\"command\":\"O:38:\\\"Illuminate\\\\Broadcasting\\\\BroadcastEvent\\\":13:{s:5:\\\"event\\\";O:23:\\\"App\\\\Events\\\\CheckInEvent\\\":1:{s:9:\\\"branch_id\\\";i:1;}s:5:\\\"tries\\\";N;s:7:\\\"timeout\\\";N;s:7:\\\"backoff\\\";N;s:10:\\\"connection\\\";N;s:5:\\\"queue\\\";N;s:15:\\\"chainConnection\\\";N;s:10:\\\"chainQueue\\\";N;s:19:\\\"chainCatchCallbacks\\\";N;s:5:\\\"delay\\\";N;s:11:\\\"afterCommit\\\";N;s:10:\\\"middleware\\\";a:0:{}s:7:\\\"chained\\\";a:0:{}}\"}}',0,NULL,1742284304,1742284304),(137,'default','{\"uuid\":\"e1330760-f500-4489-befd-23400bdcdf0d\",\"displayName\":\"App\\\\Jobs\\\\TerminationInKiosk\",\"job\":\"Illuminate\\\\Queue\\\\CallQueuedHandler@call\",\"maxTries\":null,\"maxExceptions\":null,\"failOnTimeout\":false,\"backoff\":null,\"timeout\":null,\"retryUntil\":null,\"data\":{\"commandName\":\"App\\\\Jobs\\\\TerminationInKiosk\",\"command\":\"O:27:\\\"App\\\\Jobs\\\\TerminationInKiosk\\\":2:{s:7:\\\"room_id\\\";i:33;s:5:\\\"delay\\\";O:13:\\\"Carbon\\\\Carbon\\\":3:{s:4:\\\"date\\\";s:26:\\\"2025-03-18 16:22:54.712686\\\";s:13:\\\"timezone_type\\\";i:3;s:8:\\\"timezone\\\";s:11:\\\"Asia\\/Manila\\\";}}\"}}',0,NULL,1742286174,1742284974),(138,'default','{\"uuid\":\"dfa37738-8078-43af-9fc6-e60af29054e2\",\"displayName\":\"App\\\\Events\\\\CheckInEvent\",\"job\":\"Illuminate\\\\Queue\\\\CallQueuedHandler@call\",\"maxTries\":null,\"maxExceptions\":null,\"failOnTimeout\":false,\"backoff\":null,\"timeout\":null,\"retryUntil\":null,\"data\":{\"commandName\":\"Illuminate\\\\Broadcasting\\\\BroadcastEvent\",\"command\":\"O:38:\\\"Illuminate\\\\Broadcasting\\\\BroadcastEvent\\\":13:{s:5:\\\"event\\\";O:23:\\\"App\\\\Events\\\\CheckInEvent\\\":1:{s:9:\\\"branch_id\\\";i:1;}s:5:\\\"tries\\\";N;s:7:\\\"timeout\\\";N;s:7:\\\"backoff\\\";N;s:10:\\\"connection\\\";N;s:5:\\\"queue\\\";N;s:15:\\\"chainConnection\\\";N;s:10:\\\"chainQueue\\\";N;s:19:\\\"chainCatchCallbacks\\\";N;s:5:\\\"delay\\\";N;s:11:\\\"afterCommit\\\";N;s:10:\\\"middleware\\\";a:0:{}s:7:\\\"chained\\\";a:0:{}}\"}}',0,NULL,1742284974,1742284974),(139,'default','{\"uuid\":\"9582feb8-201a-4fc1-810a-55a3100af607\",\"displayName\":\"App\\\\Jobs\\\\TerminationInKiosk\",\"job\":\"Illuminate\\\\Queue\\\\CallQueuedHandler@call\",\"maxTries\":null,\"maxExceptions\":null,\"failOnTimeout\":false,\"backoff\":null,\"timeout\":null,\"retryUntil\":null,\"data\":{\"commandName\":\"App\\\\Jobs\\\\TerminationInKiosk\",\"command\":\"O:27:\\\"App\\\\Jobs\\\\TerminationInKiosk\\\":2:{s:7:\\\"room_id\\\";i:48;s:5:\\\"delay\\\";O:13:\\\"Carbon\\\\Carbon\\\":3:{s:4:\\\"date\\\";s:26:\\\"2025-03-19 09:00:40.553195\\\";s:13:\\\"timezone_type\\\";i:3;s:8:\\\"timezone\\\";s:11:\\\"Asia\\/Manila\\\";}}\"}}',0,NULL,1742346040,1742344840),(140,'default','{\"uuid\":\"1ac9cd66-9979-4872-ad59-138e87ab5e00\",\"displayName\":\"App\\\\Events\\\\CheckInEvent\",\"job\":\"Illuminate\\\\Queue\\\\CallQueuedHandler@call\",\"maxTries\":null,\"maxExceptions\":null,\"failOnTimeout\":false,\"backoff\":null,\"timeout\":null,\"retryUntil\":null,\"data\":{\"commandName\":\"Illuminate\\\\Broadcasting\\\\BroadcastEvent\",\"command\":\"O:38:\\\"Illuminate\\\\Broadcasting\\\\BroadcastEvent\\\":13:{s:5:\\\"event\\\";O:23:\\\"App\\\\Events\\\\CheckInEvent\\\":1:{s:9:\\\"branch_id\\\";i:1;}s:5:\\\"tries\\\";N;s:7:\\\"timeout\\\";N;s:7:\\\"backoff\\\";N;s:10:\\\"connection\\\";N;s:5:\\\"queue\\\";N;s:15:\\\"chainConnection\\\";N;s:10:\\\"chainQueue\\\";N;s:19:\\\"chainCatchCallbacks\\\";N;s:5:\\\"delay\\\";N;s:11:\\\"afterCommit\\\";N;s:10:\\\"middleware\\\";a:0:{}s:7:\\\"chained\\\";a:0:{}}\"}}',0,NULL,1742344840,1742344840),(141,'default','{\"uuid\":\"876f2114-d731-4866-b750-a6c78d42cb1a\",\"displayName\":\"App\\\\Jobs\\\\TerminationInKiosk\",\"job\":\"Illuminate\\\\Queue\\\\CallQueuedHandler@call\",\"maxTries\":null,\"maxExceptions\":null,\"failOnTimeout\":false,\"backoff\":null,\"timeout\":null,\"retryUntil\":null,\"data\":{\"commandName\":\"App\\\\Jobs\\\\TerminationInKiosk\",\"command\":\"O:27:\\\"App\\\\Jobs\\\\TerminationInKiosk\\\":2:{s:7:\\\"room_id\\\";i:144;s:5:\\\"delay\\\";O:13:\\\"Carbon\\\\Carbon\\\":3:{s:4:\\\"date\\\";s:26:\\\"2025-03-19 09:02:23.136947\\\";s:13:\\\"timezone_type\\\";i:3;s:8:\\\"timezone\\\";s:11:\\\"Asia\\/Manila\\\";}}\"}}',0,NULL,1742346143,1742344943),(142,'default','{\"uuid\":\"a0e2e10a-ca48-4e4a-b35b-81fef416a100\",\"displayName\":\"App\\\\Events\\\\CheckInEvent\",\"job\":\"Illuminate\\\\Queue\\\\CallQueuedHandler@call\",\"maxTries\":null,\"maxExceptions\":null,\"failOnTimeout\":false,\"backoff\":null,\"timeout\":null,\"retryUntil\":null,\"data\":{\"commandName\":\"Illuminate\\\\Broadcasting\\\\BroadcastEvent\",\"command\":\"O:38:\\\"Illuminate\\\\Broadcasting\\\\BroadcastEvent\\\":13:{s:5:\\\"event\\\";O:23:\\\"App\\\\Events\\\\CheckInEvent\\\":1:{s:9:\\\"branch_id\\\";i:1;}s:5:\\\"tries\\\";N;s:7:\\\"timeout\\\";N;s:7:\\\"backoff\\\";N;s:10:\\\"connection\\\";N;s:5:\\\"queue\\\";N;s:15:\\\"chainConnection\\\";N;s:10:\\\"chainQueue\\\";N;s:19:\\\"chainCatchCallbacks\\\";N;s:5:\\\"delay\\\";N;s:11:\\\"afterCommit\\\";N;s:10:\\\"middleware\\\";a:0:{}s:7:\\\"chained\\\";a:0:{}}\"}}',0,NULL,1742344943,1742344943),(143,'default','{\"uuid\":\"d55f8adb-e9cc-4d93-991b-7f780663c25c\",\"displayName\":\"App\\\\Jobs\\\\TerminationInKiosk\",\"job\":\"Illuminate\\\\Queue\\\\CallQueuedHandler@call\",\"maxTries\":null,\"maxExceptions\":null,\"failOnTimeout\":false,\"backoff\":null,\"timeout\":null,\"retryUntil\":null,\"data\":{\"commandName\":\"App\\\\Jobs\\\\TerminationInKiosk\",\"command\":\"O:27:\\\"App\\\\Jobs\\\\TerminationInKiosk\\\":2:{s:7:\\\"room_id\\\";i:11;s:5:\\\"delay\\\";O:13:\\\"Carbon\\\\Carbon\\\":3:{s:4:\\\"date\\\";s:26:\\\"2025-03-19 09:02:57.311460\\\";s:13:\\\"timezone_type\\\";i:3;s:8:\\\"timezone\\\";s:11:\\\"Asia\\/Manila\\\";}}\"}}',0,NULL,1742346177,1742344977),(144,'default','{\"uuid\":\"e377d2d7-90c0-4847-a676-6e66f34e15d8\",\"displayName\":\"App\\\\Events\\\\CheckInEvent\",\"job\":\"Illuminate\\\\Queue\\\\CallQueuedHandler@call\",\"maxTries\":null,\"maxExceptions\":null,\"failOnTimeout\":false,\"backoff\":null,\"timeout\":null,\"retryUntil\":null,\"data\":{\"commandName\":\"Illuminate\\\\Broadcasting\\\\BroadcastEvent\",\"command\":\"O:38:\\\"Illuminate\\\\Broadcasting\\\\BroadcastEvent\\\":13:{s:5:\\\"event\\\";O:23:\\\"App\\\\Events\\\\CheckInEvent\\\":1:{s:9:\\\"branch_id\\\";i:1;}s:5:\\\"tries\\\";N;s:7:\\\"timeout\\\";N;s:7:\\\"backoff\\\";N;s:10:\\\"connection\\\";N;s:5:\\\"queue\\\";N;s:15:\\\"chainConnection\\\";N;s:10:\\\"chainQueue\\\";N;s:19:\\\"chainCatchCallbacks\\\";N;s:5:\\\"delay\\\";N;s:11:\\\"afterCommit\\\";N;s:10:\\\"middleware\\\";a:0:{}s:7:\\\"chained\\\";a:0:{}}\"}}',0,NULL,1742344977,1742344977),(145,'default','{\"uuid\":\"de971402-7224-4ed2-954b-44122256893a\",\"displayName\":\"App\\\\Jobs\\\\TerminationInKiosk\",\"job\":\"Illuminate\\\\Queue\\\\CallQueuedHandler@call\",\"maxTries\":null,\"maxExceptions\":null,\"failOnTimeout\":false,\"backoff\":null,\"timeout\":null,\"retryUntil\":null,\"data\":{\"commandName\":\"App\\\\Jobs\\\\TerminationInKiosk\",\"command\":\"O:27:\\\"App\\\\Jobs\\\\TerminationInKiosk\\\":2:{s:7:\\\"room_id\\\";i:6;s:5:\\\"delay\\\";O:13:\\\"Carbon\\\\Carbon\\\":3:{s:4:\\\"date\\\";s:26:\\\"2025-03-19 09:03:19.420650\\\";s:13:\\\"timezone_type\\\";i:3;s:8:\\\"timezone\\\";s:11:\\\"Asia\\/Manila\\\";}}\"}}',0,NULL,1742346199,1742344999),(146,'default','{\"uuid\":\"119ef50f-052d-494c-bf5e-1d6665b05a2a\",\"displayName\":\"App\\\\Events\\\\CheckInEvent\",\"job\":\"Illuminate\\\\Queue\\\\CallQueuedHandler@call\",\"maxTries\":null,\"maxExceptions\":null,\"failOnTimeout\":false,\"backoff\":null,\"timeout\":null,\"retryUntil\":null,\"data\":{\"commandName\":\"Illuminate\\\\Broadcasting\\\\BroadcastEvent\",\"command\":\"O:38:\\\"Illuminate\\\\Broadcasting\\\\BroadcastEvent\\\":13:{s:5:\\\"event\\\";O:23:\\\"App\\\\Events\\\\CheckInEvent\\\":1:{s:9:\\\"branch_id\\\";i:1;}s:5:\\\"tries\\\";N;s:7:\\\"timeout\\\";N;s:7:\\\"backoff\\\";N;s:10:\\\"connection\\\";N;s:5:\\\"queue\\\";N;s:15:\\\"chainConnection\\\";N;s:10:\\\"chainQueue\\\";N;s:19:\\\"chainCatchCallbacks\\\";N;s:5:\\\"delay\\\";N;s:11:\\\"afterCommit\\\";N;s:10:\\\"middleware\\\";a:0:{}s:7:\\\"chained\\\";a:0:{}}\"}}',0,NULL,1742344999,1742344999),(147,'default','{\"uuid\":\"126e84fc-43bc-478d-ae63-ac8ae658c91b\",\"displayName\":\"App\\\\Jobs\\\\TerminationInKiosk\",\"job\":\"Illuminate\\\\Queue\\\\CallQueuedHandler@call\",\"maxTries\":null,\"maxExceptions\":null,\"failOnTimeout\":false,\"backoff\":null,\"timeout\":null,\"retryUntil\":null,\"data\":{\"commandName\":\"App\\\\Jobs\\\\TerminationInKiosk\",\"command\":\"O:27:\\\"App\\\\Jobs\\\\TerminationInKiosk\\\":2:{s:7:\\\"room_id\\\";i:22;s:5:\\\"delay\\\";O:13:\\\"Carbon\\\\Carbon\\\":3:{s:4:\\\"date\\\";s:26:\\\"2025-03-19 09:03:53.029211\\\";s:13:\\\"timezone_type\\\";i:3;s:8:\\\"timezone\\\";s:11:\\\"Asia\\/Manila\\\";}}\"}}',0,NULL,1742346233,1742345033),(148,'default','{\"uuid\":\"472acaf3-8788-43ed-81b7-154eb17ac5d0\",\"displayName\":\"App\\\\Events\\\\CheckInEvent\",\"job\":\"Illuminate\\\\Queue\\\\CallQueuedHandler@call\",\"maxTries\":null,\"maxExceptions\":null,\"failOnTimeout\":false,\"backoff\":null,\"timeout\":null,\"retryUntil\":null,\"data\":{\"commandName\":\"Illuminate\\\\Broadcasting\\\\BroadcastEvent\",\"command\":\"O:38:\\\"Illuminate\\\\Broadcasting\\\\BroadcastEvent\\\":13:{s:5:\\\"event\\\";O:23:\\\"App\\\\Events\\\\CheckInEvent\\\":1:{s:9:\\\"branch_id\\\";i:1;}s:5:\\\"tries\\\";N;s:7:\\\"timeout\\\";N;s:7:\\\"backoff\\\";N;s:10:\\\"connection\\\";N;s:5:\\\"queue\\\";N;s:15:\\\"chainConnection\\\";N;s:10:\\\"chainQueue\\\";N;s:19:\\\"chainCatchCallbacks\\\";N;s:5:\\\"delay\\\";N;s:11:\\\"afterCommit\\\";N;s:10:\\\"middleware\\\";a:0:{}s:7:\\\"chained\\\";a:0:{}}\"}}',0,NULL,1742345033,1742345033),(149,'default','{\"uuid\":\"e6719734-8585-4dbf-8c69-7d7e966ef871\",\"displayName\":\"App\\\\Jobs\\\\TerminationInKiosk\",\"job\":\"Illuminate\\\\Queue\\\\CallQueuedHandler@call\",\"maxTries\":null,\"maxExceptions\":null,\"failOnTimeout\":false,\"backoff\":null,\"timeout\":null,\"retryUntil\":null,\"data\":{\"commandName\":\"App\\\\Jobs\\\\TerminationInKiosk\",\"command\":\"O:27:\\\"App\\\\Jobs\\\\TerminationInKiosk\\\":2:{s:7:\\\"room_id\\\";i:49;s:5:\\\"delay\\\";O:13:\\\"Carbon\\\\Carbon\\\":3:{s:4:\\\"date\\\";s:26:\\\"2025-03-19 14:30:27.276946\\\";s:13:\\\"timezone_type\\\";i:3;s:8:\\\"timezone\\\";s:11:\\\"Asia\\/Manila\\\";}}\"}}',0,NULL,1742365827,1742364627),(150,'default','{\"uuid\":\"41f8ba33-7466-422c-9786-9c7045ba4d28\",\"displayName\":\"App\\\\Events\\\\CheckInEvent\",\"job\":\"Illuminate\\\\Queue\\\\CallQueuedHandler@call\",\"maxTries\":null,\"maxExceptions\":null,\"failOnTimeout\":false,\"backoff\":null,\"timeout\":null,\"retryUntil\":null,\"data\":{\"commandName\":\"Illuminate\\\\Broadcasting\\\\BroadcastEvent\",\"command\":\"O:38:\\\"Illuminate\\\\Broadcasting\\\\BroadcastEvent\\\":13:{s:5:\\\"event\\\";O:23:\\\"App\\\\Events\\\\CheckInEvent\\\":1:{s:9:\\\"branch_id\\\";i:1;}s:5:\\\"tries\\\";N;s:7:\\\"timeout\\\";N;s:7:\\\"backoff\\\";N;s:10:\\\"connection\\\";N;s:5:\\\"queue\\\";N;s:15:\\\"chainConnection\\\";N;s:10:\\\"chainQueue\\\";N;s:19:\\\"chainCatchCallbacks\\\";N;s:5:\\\"delay\\\";N;s:11:\\\"afterCommit\\\";N;s:10:\\\"middleware\\\";a:0:{}s:7:\\\"chained\\\";a:0:{}}\"}}',0,NULL,1742364627,1742364627),(151,'default','{\"uuid\":\"45706338-bac2-4bad-9d84-89fd86ed778a\",\"displayName\":\"App\\\\Jobs\\\\TerminationInKiosk\",\"job\":\"Illuminate\\\\Queue\\\\CallQueuedHandler@call\",\"maxTries\":null,\"maxExceptions\":null,\"failOnTimeout\":false,\"backoff\":null,\"timeout\":null,\"retryUntil\":null,\"data\":{\"commandName\":\"App\\\\Jobs\\\\TerminationInKiosk\",\"command\":\"O:27:\\\"App\\\\Jobs\\\\TerminationInKiosk\\\":2:{s:7:\\\"room_id\\\";i:39;s:5:\\\"delay\\\";O:13:\\\"Carbon\\\\Carbon\\\":3:{s:4:\\\"date\\\";s:26:\\\"2025-05-01 17:40:22.360848\\\";s:13:\\\"timezone_type\\\";i:3;s:8:\\\"timezone\\\";s:11:\\\"Asia\\/Manila\\\";}}\"}}',0,NULL,1746092422,1746091222),(152,'default','{\"uuid\":\"754e3c8e-7ead-4d14-beeb-22fadd43004e\",\"displayName\":\"App\\\\Events\\\\CheckInEvent\",\"job\":\"Illuminate\\\\Queue\\\\CallQueuedHandler@call\",\"maxTries\":null,\"maxExceptions\":null,\"failOnTimeout\":false,\"backoff\":null,\"timeout\":null,\"retryUntil\":null,\"data\":{\"commandName\":\"Illuminate\\\\Broadcasting\\\\BroadcastEvent\",\"command\":\"O:38:\\\"Illuminate\\\\Broadcasting\\\\BroadcastEvent\\\":13:{s:5:\\\"event\\\";O:23:\\\"App\\\\Events\\\\CheckInEvent\\\":1:{s:9:\\\"branch_id\\\";i:1;}s:5:\\\"tries\\\";N;s:7:\\\"timeout\\\";N;s:7:\\\"backoff\\\";N;s:10:\\\"connection\\\";N;s:5:\\\"queue\\\";N;s:15:\\\"chainConnection\\\";N;s:10:\\\"chainQueue\\\";N;s:19:\\\"chainCatchCallbacks\\\";N;s:5:\\\"delay\\\";N;s:11:\\\"afterCommit\\\";N;s:10:\\\"middleware\\\";a:0:{}s:7:\\\"chained\\\";a:0:{}}\"}}',0,NULL,1746091222,1746091222);
/*!40000 ALTER TABLE `jobs` ENABLE KEYS */;
UNLOCK TABLES;
DROP TABLE IF EXISTS `menu_categories`;
/*!40101 SET @saved_cs_client     = @@character_set_client */;
/*!50503 SET character_set_client = utf8mb4 */;
CREATE TABLE `menu_categories` (
  `id` bigint unsigned NOT NULL AUTO_INCREMENT,
  `branch_id` bigint unsigned NOT NULL,
  `name` varchar(255) COLLATE utf8mb4_unicode_ci NOT NULL,
  `created_at` timestamp NULL DEFAULT NULL,
  `updated_at` timestamp NULL DEFAULT NULL,
  PRIMARY KEY (`id`)
) ENGINE=InnoDB AUTO_INCREMENT=5 DEFAULT CHARSET=utf8mb4 COLLATE=utf8mb4_unicode_ci;
/*!40101 SET character_set_client = @saved_cs_client */;

LOCK TABLES `menu_categories` WRITE;
/*!40000 ALTER TABLE `menu_categories` DISABLE KEYS */;
INSERT INTO `menu_categories` VALUES (1,1,'Pork','2025-03-17 13:40:54','2025-03-17 13:40:54'),(2,1,'Chicken','2025-03-17 13:41:09','2025-03-17 13:41:09'),(3,1,'Soup','2025-03-17 13:41:24','2025-03-17 13:41:24'),(4,1,'Drinks','2025-03-18 20:24:34','2025-03-18 20:24:34');
/*!40000 ALTER TABLE `menu_categories` ENABLE KEYS */;
UNLOCK TABLES;
DROP TABLE IF EXISTS `menus`;
/*!40101 SET @saved_cs_client     = @@character_set_client */;
/*!50503 SET character_set_client = utf8mb4 */;
CREATE TABLE `menus` (
  `id` bigint unsigned NOT NULL AUTO_INCREMENT,
  `branch_id` bigint unsigned NOT NULL,
  `menu_category_id` bigint unsigned NOT NULL,
  `name` varchar(255) COLLATE utf8mb4_unicode_ci NOT NULL,
  `price` varchar(255) COLLATE utf8mb4_unicode_ci NOT NULL,
  `created_at` timestamp NULL DEFAULT NULL,
  `updated_at` timestamp NULL DEFAULT NULL,
  PRIMARY KEY (`id`)
) ENGINE=InnoDB AUTO_INCREMENT=7 DEFAULT CHARSET=utf8mb4 COLLATE=utf8mb4_unicode_ci;
/*!40101 SET character_set_client = @saved_cs_client */;

LOCK TABLES `menus` WRITE;
/*!40000 ALTER TABLE `menus` DISABLE KEYS */;
INSERT INTO `menus` VALUES (1,1,1,'Humba','300','2025-03-17 13:41:41','2025-03-17 13:41:56'),(2,1,2,'Chicken curry','500','2025-03-17 13:42:53','2025-03-17 13:42:53'),(3,1,3,'Balbacua','100','2025-03-17 13:43:09','2025-03-17 13:43:09'),(4,1,4,'C2 na Red','15.00','2025-03-18 20:25:09','2025-03-18 20:25:09'),(5,1,4,'C2 na Green','10.00','2025-03-18 20:25:30','2025-03-18 20:25:30'),(6,1,4,'pinya','25.00','2025-03-18 20:27:08','2025-03-18 20:27:08');
/*!40000 ALTER TABLE `menus` ENABLE KEYS */;
UNLOCK TABLES;
DROP TABLE IF EXISTS `migrations`;
/*!40101 SET @saved_cs_client     = @@character_set_client */;
/*!50503 SET character_set_client = utf8mb4 */;
CREATE TABLE `migrations` (
  `id` int unsigned NOT NULL AUTO_INCREMENT,
  `migration` varchar(255) COLLATE utf8mb4_unicode_ci NOT NULL,
  `batch` int NOT NULL,
  PRIMARY KEY (`id`)
) ENGINE=InnoDB AUTO_INCREMENT=47 DEFAULT CHARSET=utf8mb4 COLLATE=utf8mb4_unicode_ci;
/*!40101 SET character_set_client = @saved_cs_client */;

LOCK TABLES `migrations` WRITE;
/*!40000 ALTER TABLE `migrations` DISABLE KEYS */;
INSERT INTO `migrations` VALUES (1,'2014_10_12_000000_create_users_table',1),(2,'2014_10_12_100000_create_password_resets_table',1),(3,'2014_10_12_200000_add_two_factor_columns_to_users_table',1),(4,'2019_08_19_000000_create_failed_jobs_table',1),(5,'2019_12_14_000001_create_personal_access_tokens_table',1),(6,'2023_01_09_003353_create_sessions_table',1),(7,'2023_01_09_011352_create_permission_tables',1),(8,'2023_01_09_013909_create_branches_table',1),(9,'2023_01_09_044158_create_types_table',1),(10,'2023_01_09_062131_create_staying_hours_table',1),(11,'2023_01_09_062147_create_rates_table',1),(12,'2023_01_10_013013_create_floors_table',1),(13,'2023_01_10_053310_create_rooms_table',1),(14,'2023_01_11_054703_create_discounts_table',1),(15,'2023_01_11_072554_create_extension_rates_table',1),(16,'2023_01_11_082241_create_hotel_items_table',1),(17,'2023_01_11_112128_create_requestable_items_table',1),(18,'2023_01_13_015319_create_guests_table',1),(19,'2023_01_13_015911_create_temporary_check_in_kiosks_table',1),(20,'2023_01_13_110452_create_jobs_table',1),(21,'2023_01_13_133418_create_transactions_table',1),(22,'2023_01_13_133436_create_checkin_details_table',1),(23,'2023_01_17_110924_create_transaction_types_table',1),(24,'2023_01_24_111333_create_cleaning_histories_table',1),(25,'2023_01_24_170546_create_menu_categories_table',1),(26,'2023_01_24_184549_create_menus_table',1),(27,'2023_01_24_184821_create_inventories_table',1),(28,'2023_01_31_110026_create_frontdesks_table',1),(29,'2023_01_31_114024_create_assigned_frontdesks_table',1),(30,'2023_02_06_205903_create_expense_categories_table',1),(31,'2023_02_07_081720_create_expenses_table',1),(32,'2023_02_08_204445_create_shift_logs_table',1),(33,'2023_02_09_101803_create_stay_extensions_table',1),(34,'2023_02_28_110640_create_new_guest_reports_table',1),(35,'2023_02_28_143009_create_check_out_guest_reports_table',1),(36,'2023_03_01_115621_create_room_boy_reports_table',1),(37,'2023_03_02_135506_create_unoccupied_room_reports_table',1),(38,'2023_03_02_144943_create_extended_guest_reports_table',1),(39,'2023_03_09_214821_create_temporary_reserveds_table',1),(40,'2024_05_06_083859_create_frontdesk_categories_table',1),(41,'2024_05_06_084015_create_frontdesk_menus_table',1),(42,'2024_05_06_084026_create_frontdesk_inventories_table',1),(43,'2024_05_06_170704_create_pub_categories_table',1),(44,'2024_05_06_170716_create_pub_menus_table',1),(45,'2024_05_06_170724_create_pub_inventories_table',1),(46,'2024_05_20_150902_add_column_previous_room_id_on_guests_table',1);
/*!40000 ALTER TABLE `migrations` ENABLE KEYS */;
UNLOCK TABLES;
DROP TABLE IF EXISTS `model_has_permissions`;
/*!40101 SET @saved_cs_client     = @@character_set_client */;
/*!50503 SET character_set_client = utf8mb4 */;
CREATE TABLE `model_has_permissions` (
  `permission_id` bigint unsigned NOT NULL,
  `model_type` varchar(255) COLLATE utf8mb4_unicode_ci NOT NULL,
  `model_id` bigint unsigned NOT NULL,
  PRIMARY KEY (`permission_id`,`model_id`,`model_type`),
  KEY `model_has_permissions_model_id_model_type_index` (`model_id`,`model_type`),
  CONSTRAINT `model_has_permissions_permission_id_foreign` FOREIGN KEY (`permission_id`) REFERENCES `permissions` (`id`) ON DELETE CASCADE
) ENGINE=InnoDB DEFAULT CHARSET=utf8mb4 COLLATE=utf8mb4_unicode_ci;
/*!40101 SET character_set_client = @saved_cs_client */;

LOCK TABLES `model_has_permissions` WRITE;
/*!40000 ALTER TABLE `model_has_permissions` DISABLE KEYS */;
/*!40000 ALTER TABLE `model_has_permissions` ENABLE KEYS */;
UNLOCK TABLES;
DROP TABLE IF EXISTS `model_has_roles`;
/*!40101 SET @saved_cs_client     = @@character_set_client */;
/*!50503 SET character_set_client = utf8mb4 */;
CREATE TABLE `model_has_roles` (
  `role_id` bigint unsigned NOT NULL,
  `model_type` varchar(255) COLLATE utf8mb4_unicode_ci NOT NULL,
  `model_id` bigint unsigned NOT NULL,
  PRIMARY KEY (`role_id`,`model_id`,`model_type`),
  KEY `model_has_roles_model_id_model_type_index` (`model_id`,`model_type`),
  CONSTRAINT `model_has_roles_role_id_foreign` FOREIGN KEY (`role_id`) REFERENCES `roles` (`id`) ON DELETE CASCADE
) ENGINE=InnoDB DEFAULT CHARSET=utf8mb4 COLLATE=utf8mb4_unicode_ci;
/*!40101 SET character_set_client = @saved_cs_client */;

LOCK TABLES `model_has_roles` WRITE;
/*!40000 ALTER TABLE `model_has_roles` DISABLE KEYS */;
INSERT INTO `model_has_roles` VALUES (1,'App\\Models\\User',1),(2,'App\\Models\\User',2),(3,'App\\Models\\User',3),(6,'App\\Models\\User',4),(5,'App\\Models\\User',5),(7,'App\\Models\\User',6),(4,'App\\Models\\User',7),(4,'App\\Models\\User',9),(4,'App\\Models\\User',10),(4,'App\\Models\\User',11);
/*!40000 ALTER TABLE `model_has_roles` ENABLE KEYS */;
UNLOCK TABLES;
DROP TABLE IF EXISTS `new_guest_reports`;
/*!40101 SET @saved_cs_client     = @@character_set_client */;
/*!50503 SET character_set_client = utf8mb4 */;
CREATE TABLE `new_guest_reports` (
  `id` bigint unsigned NOT NULL AUTO_INCREMENT,
  `branch_id` bigint unsigned NOT NULL,
  `room_id` bigint unsigned NOT NULL,
  `checkin_details_id` bigint unsigned NOT NULL,
  `shift_date` varchar(255) COLLATE utf8mb4_unicode_ci NOT NULL,
  `shift` varchar(255) COLLATE utf8mb4_unicode_ci NOT NULL,
  `frontdesk_id` int NOT NULL,
  `partner_name` varchar(255) COLLATE utf8mb4_unicode_ci NOT NULL,
  `created_at` timestamp NULL DEFAULT NULL,
  `updated_at` timestamp NULL DEFAULT NULL,
  PRIMARY KEY (`id`)
) ENGINE=InnoDB AUTO_INCREMENT=73 DEFAULT CHARSET=utf8mb4 COLLATE=utf8mb4_unicode_ci;
/*!40101 SET character_set_client = @saved_cs_client */;

LOCK TABLES `new_guest_reports` WRITE;
/*!40000 ALTER TABLE `new_guest_reports` DISABLE KEYS */;
INSERT INTO `new_guest_reports` VALUES (1,1,1,1,'June 10, 2024','AM',1,'.','2024-06-10 14:36:34','2024-06-10 14:36:34'),(2,1,58,2,'June 10, 2024','AM',1,'.','2024-06-10 14:39:46','2024-06-10 14:39:46'),(3,1,6,3,'June 10, 2024','AM',1,'.','2024-06-11 12:27:33','2024-06-11 12:27:33'),(4,1,11,4,'June 10, 2024','AM',1,'.','2024-06-11 12:27:54','2024-06-11 12:27:54'),(5,1,48,5,'June 10, 2024','AM',1,'.','2024-06-11 12:29:13','2024-06-11 12:29:13'),(6,1,3,6,'June 10, 2024','AM',1,'.','2024-06-11 12:35:46','2024-06-11 12:35:46'),(7,1,1,7,'June 10, 2024','AM',1,'.','2024-06-11 12:36:20','2024-06-11 12:36:20'),(8,1,34,8,'June 10, 2024','AM',1,'.','2024-06-11 12:36:36','2024-06-11 12:36:36'),(9,1,89,9,'June 10, 2024','AM',1,'.','2024-06-12 07:35:28','2024-06-12 07:35:28'),(10,1,55,10,'June 10, 2024','AM',1,'.','2024-06-13 10:07:18','2024-06-13 10:07:18'),(11,1,15,11,'June 10, 2024','AM',1,'.','2024-06-13 10:07:29','2024-06-13 10:07:29'),(12,1,7,12,'June 10, 2024','AM',1,'.','2024-06-13 10:07:38','2024-06-13 10:07:38'),(13,1,40,13,'June 10, 2024','AM',1,'.','2024-06-13 10:07:47','2024-06-13 10:07:47'),(14,1,39,14,'June 10, 2024','AM',1,'.','2024-06-13 10:07:56','2024-06-13 10:07:56'),(15,1,1,15,'June 10, 2024','AM',1,'.','2024-06-13 10:08:05','2024-06-13 10:08:05'),(16,1,205,16,'June 10, 2024','AM',1,'.','2024-06-13 10:08:11','2024-06-13 10:08:11'),(17,1,131,17,'June 10, 2024','AM',1,'.','2024-06-13 10:08:20','2024-06-13 10:08:20'),(18,1,130,18,'June 10, 2024','AM',1,'.','2024-06-13 10:08:31','2024-06-13 10:08:31'),(19,1,48,19,'June 10, 2024','AM',1,'.','2025-03-17 10:25:06','2025-03-17 10:25:06'),(20,1,1,20,'June 10, 2024','AM',1,'.','2025-03-17 13:44:59','2025-03-17 13:44:59'),(21,1,172,21,'June 10, 2024','AM',1,'.','2025-03-17 14:12:46','2025-03-17 14:12:46'),(22,1,10,22,'June 10, 2024','AM',1,'.','2025-03-17 14:53:55','2025-03-17 14:53:55'),(23,1,22,23,'June 10, 2024','AM',1,'.','2025-03-17 14:54:06','2025-03-17 14:54:06'),(24,1,18,24,'June 10, 2024','AM',1,'.','2025-03-17 15:21:33','2025-03-17 15:21:33'),(25,1,1,25,'June 10, 2024','AM',1,'.','2025-03-17 15:29:17','2025-03-17 15:29:17'),(26,1,41,26,'June 10, 2024','AM',1,'.','2025-03-18 15:11:25','2025-03-18 15:11:25'),(27,1,2,27,'June 10, 2024','AM',1,'.','2025-03-18 15:12:43','2025-03-18 15:12:43'),(28,1,42,28,'June 10, 2024','AM',1,'.','2025-03-18 15:12:59','2025-03-18 15:12:59'),(29,1,140,29,'June 10, 2024','AM',1,'.','2025-03-18 15:13:18','2025-03-18 15:13:18'),(30,1,54,30,'June 10, 2024','AM',1,'.','2025-03-18 15:14:09','2025-03-18 15:14:09'),(31,1,9,31,'June 10, 2024','AM',1,'.','2025-03-18 15:17:23','2025-03-18 15:17:23'),(32,1,8,32,'June 10, 2024','AM',1,'.','2025-03-18 15:17:37','2025-03-18 15:17:37'),(33,1,20,33,'June 10, 2024','AM',1,'.','2025-03-18 15:17:56','2025-03-18 15:17:56'),(34,1,13,34,'June 10, 2024','AM',1,'.','2025-03-18 15:18:08','2025-03-18 15:18:08'),(35,1,16,35,'June 10, 2024','AM',1,'.','2025-03-18 15:25:17','2025-03-18 15:25:17'),(36,1,14,36,'June 10, 2024','AM',1,'.','2025-03-18 15:25:34','2025-03-18 15:25:34'),(37,1,17,37,'June 10, 2024','AM',1,'.','2025-03-18 15:25:57','2025-03-18 15:25:57'),(38,1,19,38,'June 10, 2024','AM',1,'.','2025-03-18 15:26:11','2025-03-18 15:26:11'),(39,1,21,39,'June 10, 2024','AM',1,'.','2025-03-18 15:27:45','2025-03-18 15:27:45'),(40,1,21,40,'June 10, 2024','AM',1,'.','2025-03-18 15:28:14','2025-03-18 15:28:14'),(41,1,23,41,'June 10, 2024','AM',1,'.','2025-03-18 15:28:35','2025-03-18 15:28:35'),(42,1,24,42,'June 10, 2024','AM',1,'.','2025-03-18 15:28:43','2025-03-18 15:28:43'),(43,1,32,43,'June 10, 2024','AM',1,'.','2025-03-18 15:28:54','2025-03-18 15:28:54'),(44,1,25,44,'June 10, 2024','AM',1,'.','2025-03-18 15:29:09','2025-03-18 15:29:09'),(45,1,26,45,'June 10, 2024','AM',1,'.','2025-03-18 15:29:30','2025-03-18 15:29:30'),(46,1,59,46,'June 10, 2024','AM',1,'.','2025-03-18 15:29:46','2025-03-18 15:29:46'),(47,1,26,47,'June 10, 2024','AM',1,'.','2025-03-18 15:30:58','2025-03-18 15:30:58'),(48,1,62,48,'June 10, 2024','AM',1,'.','2025-03-18 15:31:06','2025-03-18 15:31:06'),(49,1,27,49,'June 10, 2024','AM',1,'.','2025-03-18 15:31:14','2025-03-18 15:31:14'),(50,1,28,50,'June 10, 2024','AM',1,'.','2025-03-18 15:31:21','2025-03-18 15:31:21'),(51,1,66,51,'June 10, 2024','AM',1,'.','2025-03-18 15:31:28','2025-03-18 15:31:28'),(52,1,29,52,'June 10, 2024','AM',1,'.','2025-03-18 15:31:35','2025-03-18 15:31:35'),(53,1,30,53,'June 10, 2024','AM',1,'.','2025-03-18 15:31:44','2025-03-18 15:31:44'),(54,1,68,54,'June 10, 2024','AM',1,'.','2025-03-18 15:31:54','2025-03-18 15:31:54'),(55,1,69,55,'June 10, 2024','AM',1,'.','2025-03-18 15:32:05','2025-03-18 15:32:05'),(56,1,31,56,'June 10, 2024','AM',1,'.','2025-03-18 15:32:11','2025-03-18 15:32:11'),(57,1,95,57,'June 10, 2024','AM',1,'.','2025-03-18 15:32:20','2025-03-18 15:32:20'),(58,1,35,58,'June 10, 2024','AM',1,'.','2025-03-18 15:32:26','2025-03-18 15:32:26'),(59,1,98,59,'June 10, 2024','AM',1,'.','2025-03-18 15:32:34','2025-03-18 15:32:34'),(60,1,36,60,'June 10, 2024','AM',1,'.','2025-03-18 15:33:44','2025-03-18 15:33:44'),(61,1,102,61,'June 10, 2024','AM',1,'.','2025-03-18 15:33:51','2025-03-18 15:33:51'),(62,1,37,62,'June 10, 2024','AM',1,'.','2025-03-18 15:33:58','2025-03-18 15:33:58'),(63,1,106,63,'June 10, 2024','AM',1,'.','2025-03-18 15:34:06','2025-03-18 15:34:06'),(64,1,38,64,'June 10, 2024','AM',1,'.','2025-03-18 15:34:12','2025-03-18 15:34:12'),(65,1,109,65,'June 10, 2024','AM',1,'.','2025-03-18 15:34:19','2025-03-18 15:34:19'),(66,1,137,66,'June 10, 2024','AM',1,'.','2025-03-18 15:34:26','2025-03-18 15:34:26'),(67,1,141,67,'June 10, 2024','AM',1,'.','2025-03-18 15:34:33','2025-03-18 15:34:33'),(68,1,49,68,'June 10, 2024','AM',1,'.','2025-03-18 16:02:31','2025-03-18 16:02:31'),(69,1,33,69,'June 10, 2024','AM',1,'.','2025-03-18 16:03:09','2025-03-18 16:03:09'),(70,1,48,70,'June 10, 2024','AM',1,'.','2025-03-19 08:41:30','2025-03-19 08:41:30'),(71,1,144,71,'June 10, 2024','AM',1,'.','2025-03-19 08:43:47','2025-03-19 08:43:47'),(72,1,11,72,'June 10, 2024','AM',1,'.','2025-04-29 15:36:23','2025-04-29 15:36:23');
/*!40000 ALTER TABLE `new_guest_reports` ENABLE KEYS */;
UNLOCK TABLES;
DROP TABLE IF EXISTS `password_resets`;
/*!40101 SET @saved_cs_client     = @@character_set_client */;
/*!50503 SET character_set_client = utf8mb4 */;
CREATE TABLE `password_resets` (
  `email` varchar(255) COLLATE utf8mb4_unicode_ci NOT NULL,
  `token` varchar(255) COLLATE utf8mb4_unicode_ci NOT NULL,
  `created_at` timestamp NULL DEFAULT NULL,
  PRIMARY KEY (`email`)
) ENGINE=InnoDB DEFAULT CHARSET=utf8mb4 COLLATE=utf8mb4_unicode_ci;
/*!40101 SET character_set_client = @saved_cs_client */;

LOCK TABLES `password_resets` WRITE;
/*!40000 ALTER TABLE `password_resets` DISABLE KEYS */;
/*!40000 ALTER TABLE `password_resets` ENABLE KEYS */;
UNLOCK TABLES;
DROP TABLE IF EXISTS `permissions`;
/*!40101 SET @saved_cs_client     = @@character_set_client */;
/*!50503 SET character_set_client = utf8mb4 */;
CREATE TABLE `permissions` (
  `id` bigint unsigned NOT NULL AUTO_INCREMENT,
  `name` varchar(255) COLLATE utf8mb4_unicode_ci NOT NULL,
  `guard_name` varchar(255) COLLATE utf8mb4_unicode_ci NOT NULL,
  `created_at` timestamp NULL DEFAULT NULL,
  `updated_at` timestamp NULL DEFAULT NULL,
  PRIMARY KEY (`id`),
  UNIQUE KEY `permissions_name_guard_name_unique` (`name`,`guard_name`)
) ENGINE=InnoDB DEFAULT CHARSET=utf8mb4 COLLATE=utf8mb4_unicode_ci;
/*!40101 SET character_set_client = @saved_cs_client */;

LOCK TABLES `permissions` WRITE;
/*!40000 ALTER TABLE `permissions` DISABLE KEYS */;
/*!40000 ALTER TABLE `permissions` ENABLE KEYS */;
UNLOCK TABLES;
DROP TABLE IF EXISTS `personal_access_tokens`;
/*!40101 SET @saved_cs_client     = @@character_set_client */;
/*!50503 SET character_set_client = utf8mb4 */;
CREATE TABLE `personal_access_tokens` (
  `id` bigint unsigned NOT NULL AUTO_INCREMENT,
  `tokenable_type` varchar(255) COLLATE utf8mb4_unicode_ci NOT NULL,
  `tokenable_id` bigint unsigned NOT NULL,
  `name` varchar(255) COLLATE utf8mb4_unicode_ci NOT NULL,
  `token` varchar(64) COLLATE utf8mb4_unicode_ci NOT NULL,
  `abilities` text COLLATE utf8mb4_unicode_ci,
  `last_used_at` timestamp NULL DEFAULT NULL,
  `expires_at` timestamp NULL DEFAULT NULL,
  `created_at` timestamp NULL DEFAULT NULL,
  `updated_at` timestamp NULL DEFAULT NULL,
  PRIMARY KEY (`id`),
  UNIQUE KEY `personal_access_tokens_token_unique` (`token`),
  KEY `personal_access_tokens_tokenable_type_tokenable_id_index` (`tokenable_type`,`tokenable_id`)
) ENGINE=InnoDB DEFAULT CHARSET=utf8mb4 COLLATE=utf8mb4_unicode_ci;
/*!40101 SET character_set_client = @saved_cs_client */;

LOCK TABLES `personal_access_tokens` WRITE;
/*!40000 ALTER TABLE `personal_access_tokens` DISABLE KEYS */;
/*!40000 ALTER TABLE `personal_access_tokens` ENABLE KEYS */;
UNLOCK TABLES;
DROP TABLE IF EXISTS `pub_categories`;
/*!40101 SET @saved_cs_client     = @@character_set_client */;
/*!50503 SET character_set_client = utf8mb4 */;
CREATE TABLE `pub_categories` (
  `id` bigint unsigned NOT NULL AUTO_INCREMENT,
  `branch_id` bigint unsigned NOT NULL,
  `name` varchar(255) COLLATE utf8mb4_unicode_ci NOT NULL,
  `created_at` timestamp NULL DEFAULT NULL,
  `updated_at` timestamp NULL DEFAULT NULL,
  PRIMARY KEY (`id`)
) ENGINE=InnoDB DEFAULT CHARSET=utf8mb4 COLLATE=utf8mb4_unicode_ci;
/*!40101 SET character_set_client = @saved_cs_client */;

LOCK TABLES `pub_categories` WRITE;
/*!40000 ALTER TABLE `pub_categories` DISABLE KEYS */;
/*!40000 ALTER TABLE `pub_categories` ENABLE KEYS */;
UNLOCK TABLES;
DROP TABLE IF EXISTS `pub_inventories`;
/*!40101 SET @saved_cs_client     = @@character_set_client */;
/*!50503 SET character_set_client = utf8mb4 */;
CREATE TABLE `pub_inventories` (
  `id` bigint unsigned NOT NULL AUTO_INCREMENT,
  `branch_id` bigint unsigned NOT NULL,
  `pub_menu_id` bigint unsigned NOT NULL,
  `number_of_serving` double NOT NULL,
  `created_at` timestamp NULL DEFAULT NULL,
  `updated_at` timestamp NULL DEFAULT NULL,
  PRIMARY KEY (`id`)
) ENGINE=InnoDB DEFAULT CHARSET=utf8mb4 COLLATE=utf8mb4_unicode_ci;
/*!40101 SET character_set_client = @saved_cs_client */;

LOCK TABLES `pub_inventories` WRITE;
/*!40000 ALTER TABLE `pub_inventories` DISABLE KEYS */;
/*!40000 ALTER TABLE `pub_inventories` ENABLE KEYS */;
UNLOCK TABLES;
DROP TABLE IF EXISTS `pub_menus`;
/*!40101 SET @saved_cs_client     = @@character_set_client */;
/*!50503 SET character_set_client = utf8mb4 */;
CREATE TABLE `pub_menus` (
  `id` bigint unsigned NOT NULL AUTO_INCREMENT,
  `branch_id` bigint unsigned NOT NULL,
  `pub_category_id` bigint unsigned NOT NULL,
  `name` varchar(255) COLLATE utf8mb4_unicode_ci NOT NULL,
  `price` varchar(255) COLLATE utf8mb4_unicode_ci NOT NULL,
  `created_at` timestamp NULL DEFAULT NULL,
  `updated_at` timestamp NULL DEFAULT NULL,
  PRIMARY KEY (`id`)
) ENGINE=InnoDB DEFAULT CHARSET=utf8mb4 COLLATE=utf8mb4_unicode_ci;
/*!40101 SET character_set_client = @saved_cs_client */;

LOCK TABLES `pub_menus` WRITE;
/*!40000 ALTER TABLE `pub_menus` DISABLE KEYS */;
/*!40000 ALTER TABLE `pub_menus` ENABLE KEYS */;
UNLOCK TABLES;
DROP TABLE IF EXISTS `rates`;
/*!40101 SET @saved_cs_client     = @@character_set_client */;
/*!50503 SET character_set_client = utf8mb4 */;
CREATE TABLE `rates` (
  `id` bigint unsigned NOT NULL AUTO_INCREMENT,
  `branch_id` bigint unsigned NOT NULL,
  `staying_hour_id` bigint unsigned NOT NULL,
  `type_id` bigint unsigned NOT NULL,
  `amount` int NOT NULL,
  `is_available` tinyint(1) NOT NULL DEFAULT '1',
  `created_at` timestamp NULL DEFAULT NULL,
  `updated_at` timestamp NULL DEFAULT NULL,
  PRIMARY KEY (`id`)
) ENGINE=InnoDB AUTO_INCREMENT=12 DEFAULT CHARSET=utf8mb4 COLLATE=utf8mb4_unicode_ci;
/*!40101 SET character_set_client = @saved_cs_client */;

LOCK TABLES `rates` WRITE;
/*!40000 ALTER TABLE `rates` DISABLE KEYS */;
INSERT INTO `rates` VALUES (1,1,1,1,225,1,'2024-06-10 13:43:52','2025-03-17 14:18:54'),(2,1,2,1,336,1,'2024-06-10 13:43:52','2024-06-10 13:43:52'),(3,1,4,1,560,1,'2024-06-10 13:43:52','2024-06-10 13:43:52'),(4,1,1,2,280,1,'2024-06-10 13:43:52','2024-06-10 13:43:52'),(5,1,2,2,392,1,'2024-06-10 13:43:52','2024-06-10 13:43:52'),(6,1,4,2,616,1,'2024-06-10 13:43:52','2024-06-10 13:43:52'),(7,1,1,3,336,1,'2024-06-10 13:43:52','2024-06-10 13:43:52'),(8,1,2,3,448,1,'2024-06-10 13:43:52','2024-06-10 13:43:52'),(9,1,4,3,672,1,'2024-06-10 13:43:52','2024-06-10 13:43:52'),(10,1,3,1,450,1,'2025-03-17 14:20:26','2025-03-17 14:20:46'),(11,1,3,3,589,1,'2025-03-19 08:39:20','2025-03-19 08:39:20');
/*!40000 ALTER TABLE `rates` ENABLE KEYS */;
UNLOCK TABLES;
DROP TABLE IF EXISTS `requestable_items`;
/*!40101 SET @saved_cs_client     = @@character_set_client */;
/*!50503 SET character_set_client = utf8mb4 */;
CREATE TABLE `requestable_items` (
  `id` bigint unsigned NOT NULL AUTO_INCREMENT,
  `branch_id` bigint unsigned NOT NULL,
  `name` varchar(255) COLLATE utf8mb4_unicode_ci NOT NULL,
  `price` int NOT NULL,
  `created_at` timestamp NULL DEFAULT NULL,
  `updated_at` timestamp NULL DEFAULT NULL,
  PRIMARY KEY (`id`)
) ENGINE=InnoDB AUTO_INCREMENT=7 DEFAULT CHARSET=utf8mb4 COLLATE=utf8mb4_unicode_ci;
/*!40101 SET character_set_client = @saved_cs_client */;

LOCK TABLES `requestable_items` WRITE;
/*!40000 ALTER TABLE `requestable_items` DISABLE KEYS */;
INSERT INTO `requestable_items` VALUES (1,1,'EXTRA PERSON WITH FREE PILLOW, BLANKET,TOWEL',100,'2024-06-10 13:43:52','2024-06-10 13:43:52'),(2,1,'EXTRA PILLOW',20,'2024-06-10 13:43:52','2024-06-10 13:43:52'),(3,1,'EXTRA TOWEL',20,'2024-06-10 13:43:52','2024-06-10 13:43:52'),(4,1,'EXTRA BLANKET',20,'2024-06-10 13:43:52','2024-06-10 13:43:52'),(5,1,'EXTRA FITTED SHEET',20,'2024-06-10 13:43:52','2024-06-10 13:43:52');
/*!40000 ALTER TABLE `requestable_items` ENABLE KEYS */;
UNLOCK TABLES;
DROP TABLE IF EXISTS `role_has_permissions`;
/*!40101 SET @saved_cs_client     = @@character_set_client */;
/*!50503 SET character_set_client = utf8mb4 */;
CREATE TABLE `role_has_permissions` (
  `permission_id` bigint unsigned NOT NULL,
  `role_id` bigint unsigned NOT NULL,
  PRIMARY KEY (`permission_id`,`role_id`),
  KEY `role_has_permissions_role_id_foreign` (`role_id`),
  CONSTRAINT `role_has_permissions_permission_id_foreign` FOREIGN KEY (`permission_id`) REFERENCES `permissions` (`id`) ON DELETE CASCADE,
  CONSTRAINT `role_has_permissions_role_id_foreign` FOREIGN KEY (`role_id`) REFERENCES `roles` (`id`) ON DELETE CASCADE
) ENGINE=InnoDB DEFAULT CHARSET=utf8mb4 COLLATE=utf8mb4_unicode_ci;
/*!40101 SET character_set_client = @saved_cs_client */;

LOCK TABLES `role_has_permissions` WRITE;
/*!40000 ALTER TABLE `role_has_permissions` DISABLE KEYS */;
/*!40000 ALTER TABLE `role_has_permissions` ENABLE KEYS */;
UNLOCK TABLES;
DROP TABLE IF EXISTS `roles`;
/*!40101 SET @saved_cs_client     = @@character_set_client */;
/*!50503 SET character_set_client = utf8mb4 */;
CREATE TABLE `roles` (
  `id` bigint unsigned NOT NULL AUTO_INCREMENT,
  `name` varchar(255) COLLATE utf8mb4_unicode_ci NOT NULL,
  `guard_name` varchar(255) COLLATE utf8mb4_unicode_ci NOT NULL,
  `created_at` timestamp NULL DEFAULT NULL,
  `updated_at` timestamp NULL DEFAULT NULL,
  PRIMARY KEY (`id`),
  UNIQUE KEY `roles_name_guard_name_unique` (`name`,`guard_name`)
) ENGINE=InnoDB AUTO_INCREMENT=9 DEFAULT CHARSET=utf8mb4 COLLATE=utf8mb4_unicode_ci;
/*!40101 SET character_set_client = @saved_cs_client */;

LOCK TABLES `roles` WRITE;
/*!40000 ALTER TABLE `roles` DISABLE KEYS */;
INSERT INTO `roles` VALUES (1,'superadmin','web','2024-06-10 13:43:51','2024-06-10 13:43:51'),(2,'admin','web','2024-06-10 13:43:51','2024-06-10 13:43:51'),(3,'frontdesk','web','2024-06-10 13:43:51','2024-06-10 13:43:51'),(4,'roomboy','web','2024-06-10 13:43:51','2024-06-10 13:43:51'),(5,'kitchen','web','2024-06-10 13:43:51','2024-06-10 13:43:51'),(6,'kiosk','web','2024-06-10 13:43:51','2024-06-10 13:43:51'),(7,'back_office','web','2024-06-10 13:43:51','2024-06-10 13:43:51'),(8,'pub_kitchen','web','2024-06-10 13:43:52','2024-06-10 13:43:52');
/*!40000 ALTER TABLE `roles` ENABLE KEYS */;
UNLOCK TABLES;
DROP TABLE IF EXISTS `room_boy_reports`;
/*!40101 SET @saved_cs_client     = @@character_set_client */;
/*!50503 SET character_set_client = utf8mb4 */;
CREATE TABLE `room_boy_reports` (
  `id` bigint unsigned NOT NULL AUTO_INCREMENT,
  `room_id` bigint unsigned NOT NULL,
  `checkin_details_id` bigint unsigned NOT NULL,
  `roomboy_id` bigint unsigned NOT NULL,
  `cleaning_start` datetime NOT NULL,
  `cleaning_end` datetime NOT NULL,
  `total_hours_spent` int NOT NULL,
  `interval` int NOT NULL,
  `shift` varchar(255) COLLATE utf8mb4_unicode_ci NOT NULL,
  `is_cleaned` tinyint(1) NOT NULL,
  `created_at` timestamp NULL DEFAULT NULL,
  `updated_at` timestamp NULL DEFAULT NULL,
  PRIMARY KEY (`id`)
) ENGINE=InnoDB AUTO_INCREMENT=30 DEFAULT CHARSET=utf8mb4 COLLATE=utf8mb4_unicode_ci;
/*!40101 SET character_set_client = @saved_cs_client */;

LOCK TABLES `room_boy_reports` WRITE;
/*!40000 ALTER TABLE `room_boy_reports` DISABLE KEYS */;
INSERT INTO `room_boy_reports` VALUES (1,1,1,7,'2024-06-10 15:28:51','2024-06-10 16:48:50',79,0,'AM',1,'2024-06-10 15:28:51','2024-06-10 16:48:50'),(2,1,1,7,'2024-06-11 13:11:25','2024-06-11 13:34:00',22,0,'AM',1,'2024-06-11 13:11:25','2024-06-11 13:34:00'),(3,48,5,7,'2024-06-11 13:34:18','2024-06-13 20:54:02',3319,0,'AM',1,'2024-06-11 13:34:18','2024-06-13 20:54:02'),(4,1,15,7,'2024-06-19 09:47:50','2025-03-17 13:43:11',390475,0,'AM',1,'2024-06-19 09:47:50','2025-03-17 13:43:11'),(5,2,2,7,'2025-03-17 13:47:49','2025-03-17 14:31:44',43,0,'AM',1,'2025-03-17 13:47:49','2025-03-17 14:31:44'),(6,1,20,7,'2025-03-17 14:31:57','2025-03-17 15:13:44',41,0,'AM',1,'2025-03-17 14:31:57','2025-03-17 15:13:44'),(7,49,8,7,'2025-03-17 15:17:29','2025-03-18 15:31:14',1453,3,'AM',1,'2025-03-17 15:17:29','2025-03-18 15:31:14'),(8,48,19,7,'2025-03-18 15:31:20','2025-03-18 16:15:28',44,0,'AM',1,'2025-03-18 15:31:20','2025-03-18 16:15:28'),(9,11,4,9,'2025-03-18 15:37:34','2025-03-18 15:57:01',19,0,'AM',1,'2025-03-18 15:37:34','2025-03-18 15:57:01'),(10,4,6,9,'2025-03-18 15:57:13','2025-03-18 16:15:55',18,0,'AM',1,'2025-03-18 15:57:13','2025-03-18 16:15:55'),(11,1,25,10,'2025-03-18 16:01:11','2025-03-18 16:16:15',15,0,'AM',1,'2025-03-18 16:01:11','2025-03-18 16:16:15'),(12,5,12,11,'2025-03-18 16:01:36','2025-03-18 16:16:44',15,0,'AM',1,'2025-03-18 16:01:36','2025-03-18 16:16:44'),(13,6,3,7,'2025-03-18 16:15:32','2025-03-18 16:31:55',16,0,'AM',1,'2025-03-18 16:15:32','2025-03-18 16:31:55'),(14,7,12,9,'2025-03-18 16:15:59','2025-03-18 16:45:23',29,0,'AM',1,'2025-03-18 16:15:59','2025-03-18 16:45:23'),(15,10,22,10,'2025-03-18 16:16:20','2025-03-18 16:46:48',30,0,'AM',1,'2025-03-18 16:16:20','2025-03-18 16:46:48'),(16,11,69,11,'2025-03-18 16:16:48','2025-03-18 16:48:05',31,0,'AM',1,'2025-03-18 16:16:48','2025-03-18 16:48:05'),(17,15,11,7,'2025-03-18 16:31:59','2025-03-18 16:49:40',17,0,'AM',1,'2025-03-18 16:31:59','2025-03-18 16:49:40'),(18,39,14,9,'2025-03-18 16:45:39','2025-03-18 19:34:29',168,0,'AM',1,'2025-03-18 16:45:39','2025-03-18 19:34:29'),(19,12,10,10,'2025-03-18 16:46:52','2025-03-18 19:39:12',172,0,'AM',1,'2025-03-18 16:46:52','2025-03-18 19:39:12'),(20,18,24,11,'2025-03-18 16:48:28','2025-03-18 19:38:47',170,0,'AM',1,'2025-03-18 16:48:28','2025-03-18 19:38:47'),(21,40,13,7,'2025-03-18 16:49:44','2025-03-18 19:33:47',164,0,'AM',1,'2025-03-18 16:49:44','2025-03-18 19:33:47'),(22,22,23,7,'2025-03-18 19:33:53','2025-03-19 08:21:58',768,0,'AM',1,'2025-03-18 19:33:53','2025-03-19 08:21:58'),(23,33,1,9,'2025-03-18 19:34:38','2025-03-19 08:53:22',798,0,'AM',1,'2025-03-18 19:34:38','2025-03-19 08:53:22'),(24,69,55,11,'2025-03-18 19:38:53','2025-03-18 19:53:53',0,0,'AM',0,'2025-03-18 19:38:53','2025-03-18 19:38:53'),(25,25,44,10,'2025-03-18 19:39:17','2025-03-19 08:54:05',794,0,'AM',1,'2025-03-18 19:39:17','2025-03-19 08:54:05'),(26,32,43,7,'2025-03-19 08:26:13','2025-03-19 08:45:09',18,0,'AM',1,'2025-03-19 08:26:13','2025-03-19 08:45:09'),(27,48,70,7,'2025-03-19 08:45:14','2025-03-19 09:00:14',0,0,'AM',0,'2025-03-19 08:45:14','2025-03-19 08:45:14'),(28,28,50,9,'2025-03-19 08:53:37','2025-03-19 09:26:20',32,0,'AM',1,'2025-03-19 08:53:37','2025-03-19 09:26:20'),(29,29,52,10,'2025-03-19 08:54:08','2025-03-19 09:09:08',0,0,'AM',0,'2025-03-19 08:54:08','2025-03-19 08:54:08');
/*!40000 ALTER TABLE `room_boy_reports` ENABLE KEYS */;
UNLOCK TABLES;
DROP TABLE IF EXISTS `rooms`;
/*!40101 SET @saved_cs_client     = @@character_set_client */;
/*!50503 SET character_set_client = utf8mb4 */;
CREATE TABLE `rooms` (
  `id` bigint unsigned NOT NULL AUTO_INCREMENT,
  `branch_id` bigint unsigned NOT NULL,
  `floor_id` bigint unsigned NOT NULL,
  `number` int NOT NULL,
  `area` varchar(255) COLLATE utf8mb4_unicode_ci DEFAULT 'Main',
  `status` varchar(255) COLLATE utf8mb4_unicode_ci NOT NULL DEFAULT 'available',
  `type_id` bigint unsigned NOT NULL,
  `is_priority` tinyint(1) NOT NULL DEFAULT '0',
  `last_checkin_at` date DEFAULT NULL,
  `last_checkout_at` date DEFAULT NULL,
  `time_to_terminate_queue` varchar(255) COLLATE utf8mb4_unicode_ci DEFAULT NULL,
  `check_out_time` date DEFAULT NULL,
  `time_to_clean` datetime DEFAULT NULL,
  `started_cleaning_at` datetime DEFAULT NULL,
  `created_at` timestamp NULL DEFAULT NULL,
  `updated_at` timestamp NULL DEFAULT NULL,
  PRIMARY KEY (`id`)
) ENGINE=InnoDB AUTO_INCREMENT=206 DEFAULT CHARSET=utf8mb4 COLLATE=utf8mb4_unicode_ci;
/*!40101 SET character_set_client = @saved_cs_client */;

LOCK TABLES `rooms` WRITE;
/*!40000 ALTER TABLE `rooms` DISABLE KEYS */;
INSERT INTO `rooms` VALUES (1,1,1,1,'Main','Reserved',2,1,'2025-03-17','2025-03-17',NULL,'2025-03-17',NULL,NULL,'2024-06-10 13:43:51','2025-03-19 11:06:10'),(2,1,1,10,'Main','Available',2,1,'2024-06-10','2024-06-13',NULL,'2024-06-13',NULL,NULL,'2024-06-10 13:43:51','2025-03-18 15:42:57'),(3,1,1,11,'Main','Available',3,1,NULL,NULL,NULL,NULL,'2025-03-19 12:20:20',NULL,'2024-06-10 13:43:51','2025-03-19 09:21:14'),(4,1,1,12,'Main','Reserved',2,1,'2024-06-11','2024-06-13',NULL,'2024-06-13',NULL,NULL,'2024-06-10 13:43:51','2025-03-19 08:24:26'),(5,1,1,14,'Main','Available',2,1,'2024-06-13','2024-06-13',NULL,'2024-06-13',NULL,NULL,'2024-06-10 13:43:51','2025-03-18 16:16:44'),(6,1,1,15,'Main','Available',3,1,'2024-06-11','2024-06-13',NULL,'2024-06-13',NULL,NULL,'2024-06-10 13:43:51','2025-03-18 16:31:55'),(7,1,1,16,'Main','Available',3,1,NULL,NULL,NULL,NULL,NULL,NULL,'2024-06-10 13:43:51','2025-03-18 16:45:23'),(8,1,1,17,'Main','Available',2,1,'2025-03-18','2025-03-19',NULL,'2025-03-19','2025-03-19 12:22:51',NULL,'2024-06-10 13:43:51','2025-03-19 09:24:25'),(9,1,1,18,'Main','Available',2,1,NULL,NULL,NULL,NULL,NULL,NULL,'2024-06-10 13:43:51','2025-03-19 11:25:26'),(10,1,1,19,'Main','Available',3,1,'2025-03-17','2025-03-17',NULL,'2025-03-17',NULL,NULL,'2024-06-10 13:43:51','2025-03-18 16:46:48'),(11,1,1,2,'Main','Occupied',2,1,'2025-03-18','2025-03-18',NULL,'2025-03-18',NULL,NULL,'2024-06-10 13:43:51','2025-04-29 15:36:23'),(12,1,1,20,'Main','Available',2,1,'2024-06-13','2024-06-13',NULL,'2024-06-13',NULL,NULL,'2024-06-10 13:43:51','2025-03-18 19:39:12'),(13,1,1,21,'Main','Occupied',2,1,NULL,NULL,NULL,NULL,NULL,NULL,'2024-06-10 13:43:51','2025-03-18 15:18:08'),(14,1,1,22,'Main','Available',2,1,NULL,NULL,NULL,NULL,NULL,NULL,'2024-06-10 13:43:51','2025-03-18 19:59:20'),(15,1,1,23,'Main','Available',3,1,'2024-06-13','2024-06-13',NULL,'2024-06-13',NULL,NULL,'2024-06-10 13:43:51','2025-03-18 16:49:40'),(16,1,1,24,'Main','Occupied',2,1,NULL,NULL,NULL,NULL,NULL,NULL,'2024-06-10 13:43:51','2025-03-18 15:25:17'),(17,1,1,25,'Main','Occupied',2,1,NULL,NULL,NULL,NULL,NULL,NULL,'2024-06-10 13:43:51','2025-03-18 15:25:57'),(18,1,1,26,'Main','Available',3,1,'2025-03-17','2025-03-17',NULL,'2025-03-17',NULL,NULL,'2024-06-10 13:43:51','2025-03-18 19:38:47'),(19,1,1,27,'Main','Occupied',2,1,NULL,NULL,NULL,NULL,NULL,NULL,'2024-06-10 13:43:51','2025-03-18 15:26:11'),(20,1,1,28,'Main','Available',2,1,NULL,NULL,NULL,NULL,'2025-03-19 12:23:26',NULL,'2024-06-10 13:43:51','2025-03-19 09:25:02'),(21,1,1,29,'Main','Occupied',2,1,NULL,NULL,NULL,NULL,NULL,NULL,'2024-06-10 13:43:51','2025-03-18 15:27:45'),(22,1,1,3,'Main','Available',2,1,'2025-03-17','2025-03-17',NULL,'2025-03-17',NULL,NULL,'2024-06-10 13:43:51','2025-03-19 08:21:58'),(23,1,1,30,'Main','Occupied',2,1,NULL,NULL,NULL,NULL,NULL,NULL,'2024-06-10 13:43:51','2025-03-18 15:28:35'),(24,1,1,31,'Main','Occupied',2,1,NULL,NULL,NULL,NULL,NULL,NULL,'2024-06-10 13:43:51','2025-03-18 15:28:43'),(25,1,1,32,'Main','Available',2,1,'2025-03-18','2025-03-18',NULL,'2025-03-18',NULL,NULL,'2024-06-10 13:43:51','2025-03-19 08:54:05'),(26,1,1,33,'Main','Available',2,1,NULL,NULL,NULL,NULL,NULL,NULL,'2024-06-10 13:43:51','2025-03-18 16:09:59'),(27,1,1,34,'Main','Cleaning',2,1,'2025-03-18','2025-03-18',NULL,'2025-03-18','2025-03-18 19:22:45',NULL,'2024-06-10 13:43:51','2025-03-18 19:40:55'),(28,1,1,35,'Main','Available',2,1,'2025-03-18','2025-03-18',NULL,'2025-03-18',NULL,NULL,'2024-06-10 13:43:51','2025-03-19 09:26:20'),(29,1,1,36,'Main','Cleaning',2,1,'2025-03-18','2025-03-18',NULL,'2025-03-18','2025-03-18 19:49:03','2025-03-19 08:54:08','2024-06-10 13:43:51','2025-03-19 08:54:08'),(30,1,1,37,'Main','Available',2,1,'2025-03-18','2025-03-18',NULL,'2025-03-18','2025-03-18 22:59:55',NULL,'2024-06-10 13:43:51','2025-03-19 09:06:38'),(31,1,1,38,'Main','Available',2,1,'2025-03-18','2025-03-18',NULL,'2025-03-18','2025-03-18 22:35:46',NULL,'2024-06-10 13:43:51','2025-03-19 11:25:34'),(32,1,1,39,'Main','Available',2,1,'2025-03-18','2025-03-18',NULL,'2025-03-18',NULL,NULL,'2024-06-10 13:43:51','2025-03-19 08:45:09'),(33,1,1,4,'Main','Available',1,1,'2024-06-10','2024-06-13',NULL,'2024-06-13',NULL,NULL,'2024-06-10 13:43:51','2025-03-19 08:53:22'),(34,1,1,5,'Main','Occupied',1,1,NULL,NULL,NULL,NULL,NULL,NULL,'2024-06-10 13:43:51','2025-03-19 09:20:20'),(35,1,1,50,'Main','Available',2,1,'2025-03-18','2025-03-18',NULL,'2025-03-18','2025-03-18 22:35:53',NULL,'2024-06-10 13:43:51','2025-03-19 09:06:52'),(36,1,1,51,'Main','Available',2,1,'2025-03-18','2025-03-18',NULL,'2025-03-18','2025-03-18 22:36:05',NULL,'2024-06-10 13:43:51','2025-03-19 09:06:59'),(37,1,1,52,'Main','Available',2,1,'2025-03-18','2025-03-18',NULL,'2025-03-18','2025-03-18 22:36:15',NULL,'2024-06-10 13:43:51','2025-03-19 09:24:55'),(38,1,1,53,'Main','Available',2,1,'2025-03-18','2025-03-18',NULL,'2025-03-18','2025-03-18 22:36:20',NULL,'2024-06-10 13:43:51','2025-03-19 09:25:09'),(39,1,1,6,'Main','Available',2,1,'2024-06-13','2024-06-13',NULL,'2024-06-13',NULL,NULL,'2024-06-10 13:43:51','2025-03-18 19:34:29'),(40,1,1,7,'Main','Available',2,1,'2024-06-13','2024-06-13',NULL,'2024-06-13',NULL,NULL,'2024-06-10 13:43:51','2025-03-18 19:33:47'),(41,1,1,8,'Main','Available',2,1,NULL,NULL,NULL,NULL,NULL,NULL,'2024-06-10 13:43:51','2025-03-19 09:15:54'),(42,1,1,9,'Main','Available',2,1,NULL,NULL,NULL,NULL,NULL,NULL,'2024-06-10 13:43:51','2025-03-18 15:42:14'),(43,1,2,100,'Main','Occupied',2,1,NULL,NULL,NULL,NULL,NULL,NULL,'2024-06-10 13:43:51','2025-03-19 09:23:26'),(44,1,2,101,'Main','Available',2,1,NULL,NULL,NULL,NULL,NULL,NULL,'2024-06-10 13:43:51','2024-06-10 14:33:57'),(45,1,2,60,'Main','Available',2,0,NULL,NULL,NULL,NULL,NULL,NULL,'2024-06-10 13:43:51','2025-03-19 11:14:51'),(46,1,2,61,'Main','Available',2,0,NULL,NULL,NULL,NULL,NULL,NULL,'2024-06-10 13:43:51','2024-06-10 13:43:51'),(47,1,2,62,'Main','Available',2,0,NULL,NULL,NULL,NULL,NULL,NULL,'2024-06-10 13:43:52','2024-06-10 13:43:52'),(48,1,2,63,'Main','Available',1,1,'2025-03-19','2025-03-19',NULL,'2025-03-19','2025-03-19 11:43:54','2025-03-19 08:45:14','2024-06-10 13:43:52','2025-03-19 08:51:31'),(49,1,2,64,'Main','Available',1,1,'2025-03-18','2025-03-19',NULL,'2025-03-19','2025-03-19 11:42:13',NULL,'2024-06-10 13:43:52','2025-03-19 08:51:24'),(50,1,2,65,'Main','Available',2,0,NULL,NULL,NULL,NULL,NULL,NULL,'2024-06-10 13:43:52','2024-06-10 13:43:52'),(51,1,2,66,'Main','Available',2,0,NULL,NULL,NULL,NULL,NULL,NULL,'2024-06-10 13:43:52','2024-06-10 13:43:52'),(52,1,2,67,'Main','Available',2,0,NULL,NULL,NULL,NULL,NULL,NULL,'2024-06-10 13:43:52','2024-06-10 13:43:52'),(53,1,2,68,'Main','Available',2,1,NULL,NULL,NULL,NULL,NULL,NULL,'2024-06-10 13:43:52','2024-06-10 14:33:32'),(54,1,2,69,'Main','Available',2,1,NULL,NULL,NULL,NULL,NULL,NULL,'2024-06-10 13:43:52','2025-03-19 09:16:19'),(55,1,2,70,'Main','Cleaned',3,1,NULL,NULL,NULL,NULL,NULL,NULL,'2024-06-10 13:43:52','2024-06-13 19:15:07'),(56,1,2,71,'Main','Available',2,1,NULL,NULL,NULL,NULL,NULL,NULL,'2024-06-10 13:43:52','2024-06-10 14:33:33'),(57,1,2,72,'Main','Available',2,1,NULL,NULL,NULL,NULL,NULL,NULL,'2024-06-10 13:43:52','2024-06-10 14:33:34'),(58,1,2,73,'Main','Cleaned',3,1,NULL,NULL,NULL,NULL,NULL,NULL,'2024-06-10 13:43:52','2024-06-10 14:41:12'),(59,1,2,74,'Main','Occupied',3,1,NULL,NULL,NULL,NULL,NULL,NULL,'2024-06-10 13:43:52','2025-03-18 15:29:46'),(60,1,2,75,'Main','Available',2,1,NULL,NULL,NULL,NULL,NULL,NULL,'2024-06-10 13:43:52','2024-06-10 14:33:34'),(61,1,2,76,'Main','Available',2,1,NULL,NULL,NULL,NULL,NULL,NULL,'2024-06-10 13:43:52','2024-06-10 14:33:35'),(62,1,2,77,'Main','Occupied',3,1,NULL,NULL,NULL,NULL,NULL,NULL,'2024-06-10 13:43:52','2025-03-18 15:31:06'),(63,1,2,78,'Main','Available',2,1,NULL,NULL,NULL,NULL,NULL,NULL,'2024-06-10 13:43:52','2024-06-10 14:33:36'),(64,1,2,79,'Main','Available',2,1,NULL,NULL,NULL,NULL,NULL,NULL,'2024-06-10 13:43:52','2024-06-10 14:33:36'),(65,1,2,80,'Main','Available',2,1,NULL,NULL,NULL,NULL,NULL,NULL,'2024-06-10 13:43:52','2024-06-10 14:33:37'),(66,1,2,81,'Main','Occupied',3,1,NULL,NULL,NULL,NULL,NULL,NULL,'2024-06-10 13:43:52','2025-03-18 15:31:28'),(67,1,2,82,'Main','Available',2,1,NULL,NULL,NULL,NULL,NULL,NULL,'2024-06-10 13:43:52','2024-06-10 14:33:38'),(68,1,2,83,'Main','Available',3,1,NULL,NULL,NULL,NULL,NULL,NULL,'2024-06-10 13:43:52','2025-03-18 20:07:26'),(69,1,2,84,'Main','Cleaned',3,1,'2025-03-18','2025-03-18',NULL,'2025-03-18','2025-03-18 22:35:41','2025-03-18 19:38:53','2024-06-10 13:43:52','2025-03-18 19:40:21'),(70,1,2,85,'Main','Available',2,1,NULL,NULL,NULL,NULL,NULL,NULL,'2024-06-10 13:43:52','2024-06-10 14:33:39'),(71,1,2,86,'Main','Available',2,1,NULL,NULL,NULL,NULL,NULL,NULL,'2024-06-10 13:43:52','2024-06-10 14:33:39'),(72,1,2,87,'Main','Available',2,1,NULL,NULL,NULL,NULL,NULL,NULL,'2024-06-10 13:43:52','2024-06-10 14:33:40'),(73,1,2,88,'Main','Available',2,0,NULL,NULL,NULL,NULL,NULL,NULL,'2024-06-10 13:43:52','2024-06-10 13:43:52'),(74,1,2,89,'Main','Available',2,1,NULL,NULL,NULL,NULL,NULL,NULL,'2024-06-10 13:43:52','2024-06-10 14:33:41'),(75,1,2,90,'Main','Available',2,1,NULL,NULL,NULL,NULL,NULL,NULL,'2024-06-10 13:43:52','2024-06-10 14:33:42'),(76,1,2,91,'Main','Available',2,1,NULL,NULL,NULL,NULL,NULL,NULL,'2024-06-10 13:43:52','2024-06-10 14:33:42'),(77,1,2,92,'Main','Available',2,1,NULL,NULL,NULL,NULL,NULL,NULL,'2024-06-10 13:43:52','2024-06-10 14:33:43'),(78,1,2,93,'Main','Available',2,1,NULL,NULL,NULL,NULL,NULL,NULL,'2024-06-10 13:43:52','2024-06-10 14:33:44'),(79,1,2,94,'Main','Available',2,1,NULL,NULL,NULL,NULL,NULL,NULL,'2024-06-10 13:43:52','2024-06-10 14:33:49'),(80,1,2,95,'Main','Available',2,1,NULL,NULL,NULL,NULL,NULL,NULL,'2024-06-10 13:43:52','2024-06-10 14:33:50'),(81,1,2,96,'Main','Available',2,1,NULL,NULL,NULL,NULL,NULL,NULL,'2024-06-10 13:43:52','2024-06-10 14:33:51'),(82,1,2,97,'Main','Available',2,1,NULL,NULL,NULL,NULL,NULL,NULL,'2024-06-10 13:43:52','2024-06-10 14:33:52'),(83,1,2,98,'Main','Available',2,1,NULL,NULL,NULL,NULL,NULL,NULL,'2024-06-10 13:43:52','2024-06-10 14:33:53'),(84,1,2,99,'Main','Available',2,1,NULL,NULL,NULL,NULL,NULL,NULL,'2024-06-10 13:43:52','2024-06-10 14:33:56'),(85,1,3,120,'Main','Available',2,1,NULL,NULL,NULL,NULL,NULL,NULL,'2024-06-10 13:43:52','2024-06-10 14:33:58'),(86,1,3,121,'Main','Available',2,1,NULL,NULL,NULL,NULL,NULL,NULL,'2024-06-10 13:43:52','2024-06-10 14:33:59'),(87,1,3,122,'Main','Available',2,1,NULL,NULL,NULL,NULL,NULL,NULL,'2024-06-10 13:43:52','2024-06-10 14:33:59'),(88,1,3,123,'Main','Available',1,1,'2024-06-11','2024-06-12',NULL,'2024-06-12','2024-06-12 13:19:46',NULL,'2024-06-10 13:43:52','2025-03-19 09:25:17'),(89,1,3,124,'Main','Uncleaned',1,1,'2024-06-12','2024-06-12',NULL,'2024-06-12','2024-06-12 13:19:24',NULL,'2024-06-10 13:43:52','2024-06-12 10:19:24'),(90,1,3,125,'Main','Available',2,1,NULL,NULL,NULL,NULL,NULL,NULL,'2024-06-10 13:43:52','2024-06-10 14:34:00'),(91,1,3,126,'Main','Available',2,1,NULL,NULL,NULL,NULL,NULL,NULL,'2024-06-10 13:43:52','2024-06-10 14:34:01'),(92,1,3,127,'Main','Available',2,1,NULL,NULL,NULL,NULL,NULL,NULL,'2024-06-10 13:43:52','2024-06-10 14:34:02'),(93,1,3,128,'Main','Available',2,1,NULL,NULL,NULL,NULL,NULL,NULL,'2024-06-10 13:43:52','2024-06-10 14:34:03'),(94,1,3,129,'Main','Available',2,1,NULL,NULL,NULL,NULL,NULL,NULL,'2024-06-10 13:43:52','2024-06-10 14:34:04'),(95,1,3,130,'Main','Available',3,1,NULL,NULL,NULL,NULL,NULL,NULL,'2024-06-10 13:43:52','2025-03-18 20:07:39'),(96,1,3,131,'Main','Available',2,1,NULL,NULL,NULL,NULL,NULL,NULL,'2024-06-10 13:43:52','2024-06-10 14:34:04'),(97,1,3,132,'Main','Available',2,1,NULL,NULL,NULL,NULL,NULL,NULL,'2024-06-10 13:43:52','2024-06-10 14:34:05'),(98,1,3,133,'Main','Uncleaned',3,1,'2025-03-18','2025-03-18',NULL,'2025-03-18','2025-03-18 22:35:59',NULL,'2024-06-10 13:43:52','2025-03-18 19:35:59'),(99,1,3,134,'Main','Available',2,1,NULL,NULL,NULL,NULL,NULL,NULL,'2024-06-10 13:43:52','2024-06-10 14:34:06'),(100,1,3,135,'Main','Available',2,1,NULL,NULL,NULL,NULL,NULL,NULL,'2024-06-10 13:43:52','2024-06-10 14:34:07'),(101,1,3,136,'Main','Available',2,1,NULL,NULL,NULL,NULL,NULL,NULL,'2024-06-10 13:43:52','2024-06-10 14:34:08'),(102,1,3,137,'Main','Uncleaned',3,1,'2025-03-18','2025-03-18',NULL,'2025-03-18','2025-03-18 22:36:10',NULL,'2024-06-10 13:43:52','2025-03-18 19:36:10'),(103,1,3,138,'Main','Available',2,1,NULL,NULL,NULL,NULL,NULL,NULL,'2024-06-10 13:43:52','2024-06-10 14:34:08'),(104,1,3,139,'Main','Available',2,0,NULL,NULL,NULL,NULL,NULL,NULL,'2024-06-10 13:43:52','2024-06-10 13:43:52'),(105,1,3,150,'Main','Available',2,0,NULL,NULL,NULL,NULL,NULL,NULL,'2024-06-10 13:43:52','2024-06-10 13:43:52'),(106,1,3,151,'Main','Uncleaned',3,1,'2025-03-18','2025-03-19',NULL,'2025-03-19','2025-03-19 14:37:17',NULL,'2024-06-10 13:43:52','2025-03-19 11:37:17'),(107,1,3,152,'Main','Available',2,0,NULL,NULL,NULL,NULL,NULL,NULL,'2024-06-10 13:43:52','2024-06-10 13:43:52'),(108,1,3,153,'Main','Available',2,0,NULL,NULL,NULL,NULL,NULL,NULL,'2024-06-10 13:43:52','2024-06-10 13:43:52'),(109,1,3,154,'Main','Uncleaned',3,1,'2025-03-18','2025-03-18',NULL,'2025-03-18','2025-03-18 22:36:27',NULL,'2024-06-10 13:43:52','2025-03-18 19:36:27'),(110,1,3,155,'Main','Available',2,0,NULL,NULL,NULL,NULL,NULL,NULL,'2024-06-10 13:43:52','2024-06-10 13:43:52'),(111,1,3,156,'Main','Available',2,0,NULL,NULL,NULL,NULL,NULL,NULL,'2024-06-10 13:43:52','2024-06-10 13:43:52'),(112,1,3,157,'Main','Available',2,0,NULL,NULL,NULL,NULL,NULL,NULL,'2024-06-10 13:43:52','2024-06-10 13:43:52'),(113,1,3,158,'Main','Available',2,0,NULL,NULL,NULL,NULL,NULL,NULL,'2024-06-10 13:43:52','2024-06-10 13:43:52'),(114,1,3,159,'Main','Available',2,0,NULL,NULL,NULL,NULL,NULL,NULL,'2024-06-10 13:43:52','2024-06-10 13:43:52'),(115,1,3,160,'Main','Available',2,0,NULL,NULL,NULL,NULL,NULL,NULL,'2024-06-10 13:43:52','2024-06-10 13:43:52'),(116,1,3,161,'Main','Available',2,0,NULL,NULL,NULL,NULL,NULL,NULL,'2024-06-10 13:43:52','2024-06-10 13:43:52'),(117,1,3,162,'Main','Available',2,0,NULL,NULL,NULL,NULL,NULL,NULL,'2024-06-10 13:43:52','2024-06-10 13:43:52'),(118,1,3,163,'Main','Available',2,0,NULL,NULL,NULL,NULL,NULL,NULL,'2024-06-10 13:43:52','2024-06-10 13:43:52'),(119,1,3,164,'Main','Available',2,0,NULL,NULL,NULL,NULL,NULL,NULL,'2024-06-10 13:43:52','2024-06-10 13:43:52'),(120,1,3,165,'Main','Available',2,0,NULL,NULL,NULL,NULL,NULL,NULL,'2024-06-10 13:43:52','2024-06-10 13:43:52'),(121,1,3,166,'Main','Available',2,0,NULL,NULL,NULL,NULL,NULL,NULL,'2024-06-10 13:43:52','2024-06-10 13:43:52'),(122,1,3,167,'Main','Available',2,0,NULL,NULL,NULL,NULL,NULL,NULL,'2024-06-10 13:43:52','2024-06-10 13:43:52'),(123,1,3,168,'Main','Available',2,0,NULL,NULL,NULL,NULL,NULL,NULL,'2024-06-10 13:43:52','2024-06-10 13:43:52'),(124,1,3,169,'Main','Available',2,0,NULL,NULL,NULL,NULL,NULL,NULL,'2024-06-10 13:43:52','2024-06-10 13:43:52'),(125,1,3,170,'Main','Available',2,0,NULL,NULL,NULL,NULL,NULL,NULL,'2024-06-10 13:43:52','2024-06-10 13:43:52'),(126,1,3,171,'Main','Available',2,0,NULL,NULL,NULL,NULL,NULL,NULL,'2024-06-10 13:43:52','2024-06-10 13:43:52'),(127,1,4,200,'Main','Available',2,0,NULL,NULL,NULL,NULL,NULL,NULL,'2024-06-10 13:43:52','2024-06-10 13:43:52'),(128,1,4,201,'Main','Available',2,0,NULL,NULL,NULL,NULL,NULL,NULL,'2024-06-10 13:43:52','2024-06-10 13:43:52'),(129,1,4,202,'Main','Available',2,0,NULL,NULL,NULL,NULL,NULL,NULL,'2024-06-10 13:43:52','2024-06-10 13:43:52'),(130,1,4,203,'Main','Uncleaned',1,1,'2024-06-13','2024-06-13',NULL,'2024-06-13','2024-06-13 16:10:19',NULL,'2024-06-10 13:43:52','2024-06-13 13:10:19'),(131,1,4,204,'Main','Uncleaned',1,1,'2024-06-13','2024-06-13',NULL,'2024-06-13','2024-06-13 17:32:56',NULL,'2024-06-10 13:43:52','2024-06-13 14:32:56'),(132,1,4,205,'Main','Available',2,0,NULL,NULL,NULL,NULL,NULL,NULL,'2024-06-10 13:43:52','2024-06-10 13:43:52'),(133,1,4,206,'Main','Available',2,0,NULL,NULL,NULL,NULL,NULL,NULL,'2024-06-10 13:43:52','2024-06-10 13:43:52'),(134,1,4,207,'Main','Available',2,0,NULL,NULL,NULL,NULL,NULL,NULL,'2024-06-10 13:43:52','2024-06-10 13:43:52'),(135,1,4,208,'Main','Available',2,0,NULL,NULL,NULL,NULL,NULL,NULL,'2024-06-10 13:43:52','2024-06-10 13:43:52'),(136,1,4,209,'Main','Available',2,0,NULL,NULL,NULL,NULL,NULL,NULL,'2024-06-10 13:43:52','2024-06-10 13:43:52'),(137,1,4,210,'Main','Available',3,1,NULL,NULL,NULL,NULL,NULL,NULL,'2024-06-10 13:43:52','2025-03-19 11:38:10'),(138,1,4,211,'Main','Available',2,0,NULL,NULL,NULL,NULL,NULL,NULL,'2024-06-10 13:43:52','2024-06-10 13:43:52'),(139,1,4,212,'Main','Available',2,0,NULL,NULL,NULL,NULL,NULL,NULL,'2024-06-10 13:43:52','2024-06-10 13:43:52'),(140,1,4,214,'Main','Uncleaned',3,1,'2025-03-18','2025-03-18',NULL,'2025-03-18','2025-03-18 19:09:32',NULL,'2024-06-10 13:43:52','2025-03-18 16:09:32'),(141,1,4,215,'Main','Uncleaned',3,1,'2025-03-18','2025-03-18',NULL,'2025-03-18','2025-03-18 22:36:33',NULL,'2024-06-10 13:43:52','2025-03-18 19:36:33'),(142,1,4,216,'Main','Available',2,0,NULL,NULL,NULL,NULL,NULL,NULL,'2024-06-10 13:43:52','2024-06-10 13:43:52'),(143,1,4,217,'Main','Available',2,0,NULL,NULL,NULL,NULL,NULL,NULL,'2024-06-10 13:43:52','2024-06-10 13:43:52'),(144,1,4,218,'Main','Occupied',3,1,NULL,NULL,NULL,NULL,NULL,NULL,'2024-06-10 13:43:52','2025-03-19 08:43:47'),(145,1,4,219,'Main','Available',2,0,NULL,NULL,NULL,NULL,NULL,NULL,'2024-06-10 13:43:52','2024-06-10 13:43:52'),(146,1,4,220,'Main','Available',2,0,NULL,NULL,NULL,NULL,NULL,NULL,'2024-06-10 13:43:52','2024-06-10 13:43:52'),(147,1,4,221,'Main','Available',2,0,NULL,NULL,NULL,NULL,NULL,NULL,'2024-06-10 13:43:52','2024-06-10 13:43:52'),(148,1,4,222,'Main','Available',3,1,NULL,NULL,NULL,NULL,NULL,NULL,'2024-06-10 13:43:52','2024-06-10 14:34:35'),(149,1,4,223,'Main','Available',2,0,NULL,NULL,NULL,NULL,NULL,NULL,'2024-06-10 13:43:52','2024-06-10 13:43:52'),(150,1,4,224,'Main','Available',2,0,NULL,NULL,NULL,NULL,NULL,NULL,'2024-06-10 13:43:52','2024-06-10 13:43:52'),(151,1,4,225,'Main','Available',3,1,NULL,NULL,NULL,NULL,NULL,NULL,'2024-06-10 13:43:52','2024-06-10 14:34:36'),(152,1,4,226,'Main','Available',2,0,NULL,NULL,NULL,NULL,NULL,NULL,'2024-06-10 13:43:52','2024-06-10 13:43:52'),(153,1,4,227,'Main','Available',2,0,NULL,NULL,NULL,NULL,NULL,NULL,'2024-06-10 13:43:52','2024-06-10 13:43:52'),(154,1,4,228,'Main','Available',2,0,NULL,NULL,NULL,NULL,NULL,NULL,'2024-06-10 13:43:52','2024-06-10 13:43:52'),(155,1,4,229,'Main','Available',2,0,NULL,NULL,NULL,NULL,NULL,NULL,'2024-06-10 13:43:52','2024-06-10 13:43:52'),(156,1,4,230,'Main','Available',2,0,NULL,NULL,NULL,NULL,NULL,NULL,'2024-06-10 13:43:52','2024-06-10 13:43:52'),(157,1,4,231,'Main','Available',2,0,NULL,NULL,NULL,NULL,NULL,NULL,'2024-06-10 13:43:52','2024-06-10 13:43:52'),(158,1,4,232,'Main','Available',2,0,NULL,NULL,NULL,NULL,NULL,NULL,'2024-06-10 13:43:52','2024-06-10 13:43:52'),(159,1,4,233,'Main','Available',2,0,NULL,NULL,NULL,NULL,NULL,NULL,'2024-06-10 13:43:52','2024-06-10 13:43:52'),(160,1,4,234,'Main','Available',2,0,NULL,NULL,NULL,NULL,NULL,NULL,'2024-06-10 13:43:52','2024-06-10 13:43:52'),(161,1,4,235,'Main','Available',2,0,NULL,NULL,NULL,NULL,NULL,NULL,'2024-06-10 13:43:52','2024-06-10 13:43:52'),(162,1,4,236,'Main','Available',2,0,NULL,NULL,NULL,NULL,NULL,NULL,'2024-06-10 13:43:52','2024-06-10 13:43:52'),(163,1,4,237,'Main','Available',2,0,NULL,NULL,NULL,NULL,NULL,NULL,'2024-06-10 13:43:52','2024-06-10 13:43:52'),(164,1,4,238,'Main','Available',2,0,NULL,NULL,NULL,NULL,NULL,NULL,'2024-06-10 13:43:52','2024-06-10 13:43:52'),(165,1,4,239,'Main','Available',2,0,NULL,NULL,NULL,NULL,NULL,NULL,'2024-06-10 13:43:52','2024-06-10 13:43:52'),(166,1,4,250,'Main','Available',2,0,NULL,NULL,NULL,NULL,NULL,NULL,'2024-06-10 13:43:52','2024-06-10 13:43:52'),(167,1,4,251,'Main','Available',2,0,NULL,NULL,NULL,NULL,NULL,NULL,'2024-06-10 13:43:52','2024-06-10 13:43:52'),(168,1,5,253,'Main','Available',2,0,NULL,NULL,NULL,NULL,NULL,NULL,'2024-06-10 13:43:52','2024-06-10 13:43:52'),(169,1,5,254,'Main','Available',2,0,NULL,NULL,NULL,NULL,NULL,NULL,'2024-06-10 13:43:52','2024-06-10 13:43:52'),(170,1,5,255,'Main','Available',2,0,NULL,NULL,NULL,NULL,NULL,NULL,'2024-06-10 13:43:52','2024-06-10 13:43:52'),(171,1,5,256,'Main','Uncleaned',1,1,'2024-06-11','2024-06-13',NULL,'2024-06-13','2024-06-13 13:03:59',NULL,'2024-06-10 13:43:52','2024-06-13 10:03:59'),(172,1,5,257,'Main','Uncleaned',1,1,'2025-03-17','2025-03-17',NULL,'2025-03-17','2025-03-17 18:11:14',NULL,'2024-06-10 13:43:52','2025-03-17 15:11:14'),(173,1,5,258,'Main','Available',2,0,NULL,NULL,NULL,NULL,NULL,NULL,'2024-06-10 13:43:52','2024-06-10 13:43:52'),(174,1,5,259,'Main','Available',2,0,NULL,NULL,NULL,NULL,NULL,NULL,'2024-06-10 13:43:52','2024-06-10 13:43:52'),(175,1,5,260,'Main','Available',2,0,NULL,NULL,NULL,NULL,NULL,NULL,'2024-06-10 13:43:52','2024-06-10 13:43:52'),(176,1,5,261,'Main','Available',2,0,NULL,NULL,NULL,NULL,NULL,NULL,'2024-06-10 13:43:52','2024-06-10 13:43:52'),(177,1,5,262,'Main','Available',2,0,NULL,NULL,NULL,NULL,NULL,NULL,'2024-06-10 13:43:52','2024-06-10 13:43:52'),(178,1,5,263,'Main','Available',2,0,NULL,NULL,NULL,NULL,NULL,NULL,'2024-06-10 13:43:52','2024-06-10 13:43:52'),(179,1,5,264,'Main','Available',2,0,NULL,NULL,NULL,NULL,NULL,NULL,'2024-06-10 13:43:52','2024-06-10 13:43:52'),(180,1,5,265,'Main','Available',2,0,NULL,NULL,NULL,NULL,NULL,NULL,'2024-06-10 13:43:52','2024-06-10 13:43:52'),(181,1,5,266,'Main','Available',2,0,NULL,NULL,NULL,NULL,NULL,NULL,'2024-06-10 13:43:52','2024-06-10 13:43:52'),(182,1,5,267,'Main','Available',2,0,NULL,NULL,NULL,NULL,NULL,NULL,'2024-06-10 13:43:52','2024-06-10 13:43:52'),(183,1,5,268,'Main','Available',2,0,NULL,NULL,NULL,NULL,NULL,NULL,'2024-06-10 13:43:52','2024-06-10 13:43:52'),(184,1,5,269,'Main','Available',2,0,NULL,NULL,NULL,NULL,NULL,NULL,'2024-06-10 13:43:52','2024-06-10 13:43:52'),(185,1,5,270,'Main','Available',2,0,NULL,NULL,NULL,NULL,NULL,NULL,'2024-06-10 13:43:52','2024-06-10 13:43:52'),(186,1,5,271,'Main','Available',2,0,NULL,NULL,NULL,NULL,NULL,NULL,'2024-06-10 13:43:52','2024-06-10 13:43:52'),(187,1,5,272,'Main','Available',2,0,NULL,NULL,NULL,NULL,NULL,NULL,'2024-06-10 13:43:52','2024-06-10 13:43:52'),(188,1,5,273,'Main','Available',2,0,NULL,NULL,NULL,NULL,NULL,NULL,'2024-06-10 13:43:52','2024-06-10 13:43:52'),(189,1,5,274,'Main','Available',2,0,NULL,NULL,NULL,NULL,NULL,NULL,'2024-06-10 13:43:52','2024-06-10 13:43:52'),(190,1,5,275,'Main','Available',2,0,NULL,NULL,NULL,NULL,NULL,NULL,'2024-06-10 13:43:52','2024-06-10 13:43:52'),(191,1,5,276,'Main','Available',2,0,NULL,NULL,NULL,NULL,NULL,NULL,'2024-06-10 13:43:52','2024-06-10 13:43:52'),(192,1,5,277,'Main','Available',2,0,NULL,NULL,NULL,NULL,NULL,NULL,'2024-06-10 13:43:52','2024-06-10 13:43:52'),(193,1,5,278,'Main','Available',2,0,NULL,NULL,NULL,NULL,NULL,NULL,'2024-06-10 13:43:52','2024-06-10 13:43:52'),(194,1,5,279,'Main','Available',2,0,NULL,NULL,NULL,NULL,NULL,NULL,'2024-06-10 13:43:52','2024-06-10 13:43:52'),(195,1,5,280,'Main','Available',2,0,NULL,NULL,NULL,NULL,NULL,NULL,'2024-06-10 13:43:52','2024-06-10 13:43:52'),(196,1,5,281,'Main','Available',2,0,NULL,NULL,NULL,NULL,NULL,NULL,'2024-06-10 13:43:52','2024-06-10 13:43:52'),(197,1,5,282,'Main','Available',2,0,NULL,NULL,NULL,NULL,NULL,NULL,'2024-06-10 13:43:52','2024-06-10 13:43:52'),(198,1,5,283,'Main','Available',2,0,NULL,NULL,NULL,NULL,NULL,NULL,'2024-06-10 13:43:52','2024-06-10 13:43:52'),(199,1,5,284,'Main','Available',2,0,NULL,NULL,NULL,NULL,NULL,NULL,'2024-06-10 13:43:52','2024-06-10 13:43:52'),(200,1,5,285,'Main','Available',2,0,NULL,NULL,NULL,NULL,NULL,NULL,'2024-06-10 13:43:52','2024-06-10 13:43:52'),(201,1,5,286,'Main','Available',2,0,NULL,NULL,NULL,NULL,NULL,NULL,'2024-06-10 13:43:52','2024-06-10 13:43:52'),(202,1,5,287,'Main','Available',2,0,NULL,NULL,NULL,NULL,NULL,NULL,'2024-06-10 13:43:52','2024-06-10 13:43:52'),(203,1,5,288,'Main','Available',2,0,NULL,NULL,NULL,NULL,NULL,NULL,'2024-06-10 13:43:52','2024-06-10 13:43:52'),(204,1,5,289,'Main','Available',2,0,NULL,NULL,NULL,NULL,NULL,NULL,'2024-06-10 13:43:52','2024-06-10 13:43:52'),(205,1,5,290,'Main','Uncleaned',1,1,'2024-06-13','2025-02-09',NULL,'2025-02-09','2025-02-09 19:58:25',NULL,'2024-06-10 13:43:52','2025-02-09 16:58:25');
/*!40000 ALTER TABLE `rooms` ENABLE KEYS */;
UNLOCK TABLES;
DROP TABLE IF EXISTS `sessions`;
/*!40101 SET @saved_cs_client     = @@character_set_client */;
/*!50503 SET character_set_client = utf8mb4 */;
CREATE TABLE `sessions` (
  `id` varchar(255) COLLATE utf8mb4_unicode_ci NOT NULL,
  `user_id` bigint unsigned DEFAULT NULL,
  `ip_address` varchar(45) COLLATE utf8mb4_unicode_ci DEFAULT NULL,
  `user_agent` text COLLATE utf8mb4_unicode_ci,
  `payload` longtext COLLATE utf8mb4_unicode_ci NOT NULL,
  `last_activity` int NOT NULL,
  PRIMARY KEY (`id`),
  KEY `sessions_user_id_index` (`user_id`),
  KEY `sessions_last_activity_index` (`last_activity`)
) ENGINE=InnoDB DEFAULT CHARSET=utf8mb4 COLLATE=utf8mb4_unicode_ci;
/*!40101 SET character_set_client = @saved_cs_client */;

LOCK TABLES `sessions` WRITE;
/*!40000 ALTER TABLE `sessions` DISABLE KEYS */;
INSERT INTO `sessions` VALUES ('23k01IDVZSFTsiJizcn46Cbx9gFtpDSbQC2MuvTM',NULL,'195.3.221.137','Mozilla/5.0 (Windows NT 10.0; Win64; x64) AppleWebKit/537.36 (KHTML, like Gecko) Chrome/131.0.6778.140 Safari/537.36','YTozOntzOjY6Il90b2tlbiI7czo0MDoiTjJaaHN1c1BiUnAxWUJpZEE2Und3QXM5T2NJS2NKRWFIQjhtZ3JyZSI7czo5OiJfcHJldmlvdXMiO2E6MTp7czozOiJ1cmwiO3M6MjE6Imh0dHA6Ly8xMzkuNTkuMjUyLjEwMCI7fXM6NjoiX2ZsYXNoIjthOjI6e3M6Mzoib2xkIjthOjA6e31zOjM6Im5ldyI7YTowOnt9fX0=',1748476752),('3izaGehKkOLf5w6lPCwVFJyqGAROathzBFzIYGWP',NULL,'45.135.194.53','Hello World/1.0','YTozOntzOjY6Il90b2tlbiI7czo0MDoiVTdYT1FQb3JMVG05TVRIUHJvTnF4cDlsT1kzM1pQcTNTQThFeXd4byI7czo5OiJfcHJldmlvdXMiO2E6MTp7czozOiJ1cmwiO3M6MjE6Imh0dHA6Ly8xMzkuNTkuMjUyLjEwMCI7fXM6NjoiX2ZsYXNoIjthOjI6e3M6Mzoib2xkIjthOjA6e31zOjM6Im5ldyI7YTowOnt9fX0=',1748478682),('5SAftzYW67kdwAXYezmqFOTRxwnv6B6I6MsgXoYN',NULL,'113.45.163.156','Custom-AsyncHttpClient','YTozOntzOjY6Il90b2tlbiI7czo0MDoiSUVwRmdTS1BwRnpxd2ZMR1dsSUx2cE1VUk41VzVtN1Zlb0dzUjZObyI7czo5OiJfcHJldmlvdXMiO2E6MTp7czozOiJ1cmwiO3M6MTQ3OiJodHRwOi8vMTM5LjU5LjI1Mi4xMDAvaW5kZXgucGhwP2Z1bmN0aW9uPWNhbGxfdXNlcl9mdW5jX2FycmF5JnM9JTJGaW5kZXglMkYlNUN0aGluayU1Q2FwcCUyRmludm9rZWZ1bmN0aW9uJnZhcnMlNUIwJTVEPW1kNSZ2YXJzJTVCMSU1RCU1QjAlNUQ9SGVsbG8iO31zOjY6Il9mbGFzaCI7YToyOntzOjM6Im9sZCI7YTowOnt9czozOiJuZXciO2E6MDp7fX19',1748475416),('7CohSRg9lTKBBlMQvn4taz7wmCrlPsRt4G6f8wr6',NULL,'80.82.77.202','Mozilla/5.0 (X11; Linux x86_64) AppleWebKit/537.36 (KHTML, like Gecko) Chrome/75.0.3770.145 Safari/537.36 Vivaldi/2.6.1566.51','YTozOntzOjY6Il90b2tlbiI7czo0MDoidEg2cTFHYWxnSVlRQzMyMW9MZVNmQzRpQ3B4VTVTcnl1YVo3UXc5MSI7czo5OiJfcHJldmlvdXMiO2E6MTp7czozOiJ1cmwiO3M6MjE6Imh0dHA6Ly8xMzkuNTkuMjUyLjEwMCI7fXM6NjoiX2ZsYXNoIjthOjI6e3M6Mzoib2xkIjthOjA6e31zOjM6Im5ldyI7YTowOnt9fX0=',1748477108),('C1hiMz7e5bf7usoO5EFbMwnTUgCS2nDU22yAguO2',NULL,'185.218.86.52','Mozilla/5.0 (Windows NT 10.0; Win64; x64) AppleWebKit/537.36 (KHTML, like Gecko) Chrome/90.0.4430.85 Safari/537.36 Edg/90.0.818.46','YToyOntzOjY6Il90b2tlbiI7czo0MDoiRWtQdm5MSTJubHpnMTNxTFVYa2VwYkNNSVVVYlJEZ0MwN3E3SUt0OSI7czo2OiJfZmxhc2giO2E6Mjp7czozOiJvbGQiO2E6MDp7fXM6MzoibmV3IjthOjA6e319fQ==',1748478905),('DqusOJRbwTIGbJadhOQCAxlRfUVbl7QQYKQwUiut',4,'180.194.125.19','Mozilla/5.0 (Linux; Android 6.0; Nexus 5 Build/MRA58N) AppleWebKit/537.36 (KHTML, like Gecko) Chrome/136.0.0.0 Mobile Safari/537.36','YTo1OntzOjY6Il90b2tlbiI7czo0MDoiRFpVc0F5aHJlQ0daVGlybmt6QWFKbTdlQzBSdVJFMzBab0ZETGtxcSI7czo5OiJfcHJldmlvdXMiO2E6MTp7czozOiJ1cmwiO3M6MzY6Imh0dHA6Ly8xMzkuNTkuMjUyLjEwMC9raW9zay9jaGVjay1pbiI7fXM6NjoiX2ZsYXNoIjthOjI6e3M6Mzoib2xkIjthOjA6e31zOjM6Im5ldyI7YTowOnt9fXM6NTA6ImxvZ2luX3dlYl81OWJhMzZhZGRjMmIyZjk0MDE1ODBmMDE0YzdmNThlYTRlMzA5ODlkIjtpOjQ7czoyMToicGFzc3dvcmRfaGFzaF9zYW5jdHVtIjtzOjYwOiIkMnkkMTAkY29jUmVWM0Q4WWdNNmh5MDRoU3huZTZqZ0RlN1NOWFZHLzU2MTljd25OdFphcHM4bHNRT08iO30=',1748480889),('Gj3oB4zeq0bpD14Ewx0aOd2rY5hKE22vCzCzDUOP',NULL,'204.76.203.212','Mozilla/5.0 (Windows NT 10.0; Win64; x64) AppleWebKit/537.36 (KHTML, like Gecko) Chrome/90.0.4430.85 Safari/537.36 Edg/90.0.818.46','YToyOntzOjY6Il90b2tlbiI7czo0MDoiS2lFN05WNkMzRDg4TmJRMFRuUnRzZjMzdWx3TkQwa3dsZnVNYlNCYyI7czo2OiJfZmxhc2giO2E6Mjp7czozOiJvbGQiO2E6MDp7fXM6MzoibmV3IjthOjA6e319fQ==',1748479515),('hvoDObqh9IiQCty8bJ8xmaIlDWvAgryWsefaB8cw',NULL,'204.76.203.206','Mozilla/5.0 (Windows NT 10.0; Win64; x64) AppleWebKit/537.36 (KHTML, like Gecko) Chrome/90.0.4430.85 Safari/537.36 Edg/90.0.818.46','YToyOntzOjY6Il90b2tlbiI7czo0MDoiRGc4Mzd5b3c4eWszWlZuald6ZjBkT0xiVTNQRlRMaU1EN3J6WXVSWiI7czo2OiJfZmxhc2giO2E6Mjp7czozOiJvbGQiO2E6MDp7fXM6MzoibmV3IjthOjA6e319fQ==',1748476172),('ivHcAlogUYSRdHupjpFQ6vOxy278CA1NG3SwTNpi',NULL,'185.218.84.7','Mozilla/5.0 (Windows NT 10.0; Win64; x64) AppleWebKit/537.36 (KHTML, like Gecko) Chrome/90.0.4430.85 Safari/537.36 Edg/90.0.818.46','YToyOntzOjY6Il90b2tlbiI7czo0MDoiVE9aNlRuWVV0NjRjNENkNlNlT1R6bmZ5SW93UzRIMXVYM09LdDhTTSI7czo2OiJfZmxhc2giO2E6Mjp7czozOiJvbGQiO2E6MDp7fXM6MzoibmV3IjthOjA6e319fQ==',1748472812),('lBkD0z3HSLoG92jHuOdQQ6IlbpQrLueLF0tbRgiS',NULL,'180.194.125.19','Mozilla/5.0 (Linux; Android 10; K) AppleWebKit/537.36 (KHTML, like Gecko) Chrome/136.0.0.0 Safari/537.36','YTo0OntzOjY6Il90b2tlbiI7czo0MDoiTHFpdXFqYmhvQmdBQlN3ZG1DRFVUd21DdzRkVkV3YjJMUEhQNzd4UyI7czozOiJ1cmwiO2E6MTp7czo4OiJpbnRlbmRlZCI7czozNjoiaHR0cDovLzEzOS41OS4yNTIuMTAwL2tpb3NrL2NoZWNrLWluIjt9czo5OiJfcHJldmlvdXMiO2E6MTp7czozOiJ1cmwiO3M6Mjc6Imh0dHA6Ly8xMzkuNTkuMjUyLjEwMC9sb2dpbiI7fXM6NjoiX2ZsYXNoIjthOjI6e3M6Mzoib2xkIjthOjA6e31zOjM6Im5ldyI7YTowOnt9fX0=',1748478487),('MmcD6wMdHS3KJbaHMZY7chsImfsfmoHp6g1pE765',NULL,'176.65.149.188','','YTozOntzOjY6Il90b2tlbiI7czo0MDoia0NkcHRZbWtXZmUyOFJCYVp5QUZnWWgyZ3RkcU8wMnhzelVtZllNTiI7czo5OiJfcHJldmlvdXMiO2E6MTp7czozOiJ1cmwiO3M6MjE6Imh0dHA6Ly8xMzkuNTkuMjUyLjEwMCI7fXM6NjoiX2ZsYXNoIjthOjI6e3M6Mzoib2xkIjthOjA6e31zOjM6Im5ldyI7YTowOnt9fX0=',1748471400),('MqJDGgRG33TCTZSD3xcoxeUNPR5nFgJhja1NOpw3',NULL,'43.130.67.6','Mozilla/5.0 (iPhone; CPU iPhone OS 13_2_3 like Mac OS X) AppleWebKit/605.1.15 (KHTML, like Gecko) Version/13.0.3 Mobile/15E148 Safari/604.1','YTozOntzOjY6Il90b2tlbiI7czo0MDoiSGdLSXVMS1BzVjBhNnZLN1Q4Ynp4UWdLOWVFS0hhS2FSazdrakQxdCI7czo5OiJfcHJldmlvdXMiO2E6MTp7czozOiJ1cmwiO3M6MjE6Imh0dHA6Ly8xMzkuNTkuMjUyLjEwMCI7fXM6NjoiX2ZsYXNoIjthOjI6e3M6Mzoib2xkIjthOjA6e31zOjM6Im5ldyI7YTowOnt9fX0=',1748475239),('nMQOcrGQXrGYvjeauSgtfrpYqrafDJKrP3LZLWJ0',NULL,'204.76.203.219','Mozilla/5.0 (Windows NT 10.0; Win64; x64) AppleWebKit/537.36 (KHTML, like Gecko) Chrome/90.0.4430.85 Safari/537.36 Edg/90.0.818.46','YToyOntzOjY6Il90b2tlbiI7czo0MDoiRTJyUE9BcnBSblNGWXZ3T1ZKdmlIbFJLRHdUZHEyWDduTXlUY1lVeiI7czo2OiJfZmxhc2giO2E6Mjp7czozOiJvbGQiO2E6MDp7fXM6MzoibmV3IjthOjA6e319fQ==',1748478822),('Oz9OZwUAAKCGLnermCHbt53b3TyFEzKfc0P5v7QT',NULL,'198.235.24.163','Expanse, a Palo Alto Networks company, searches across the global IPv4 space multiple times per day to identify customers&#39; presences on the Internet. If you would like to be excluded from our scans, please send IP addresses/domains to: scaninfo@paloaltonetworks.com','YTozOntzOjY6Il90b2tlbiI7czo0MDoiNmFnam52WUhEUmtUN1FLTXFjdWdUU0N0aXpEbHJKVEhUeVNRYVc1VSI7czo5OiJfcHJldmlvdXMiO2E6MTp7czozOiJ1cmwiO3M6MjE6Imh0dHA6Ly8xMzkuNTkuMjUyLjEwMCI7fXM6NjoiX2ZsYXNoIjthOjI6e3M6Mzoib2xkIjthOjA6e31zOjM6Im5ldyI7YTowOnt9fX0=',1748472155),('u3bUpb4qZcpFlitdLEIZ6cvijWhJH6bb1UlXfAVF',4,'180.194.125.19','Mozilla/5.0 (X11; Linux x86_64) AppleWebKit/537.36 (KHTML, like Gecko) Chrome/136.0.0.0 Safari/537.36','YTo1OntzOjY6Il90b2tlbiI7czo0MDoiMmtjOUFGTWtGTFZxQndoSVhUY2p4WnNJMGphTTdtT002djBBRmZScSI7czo5OiJfcHJldmlvdXMiO2E6MTp7czozOiJ1cmwiO3M6MzY6Imh0dHA6Ly8xMzkuNTkuMjUyLjEwMC9raW9zay9jaGVjay1pbiI7fXM6NjoiX2ZsYXNoIjthOjI6e3M6Mzoib2xkIjthOjA6e31zOjM6Im5ldyI7YTowOnt9fXM6NTA6ImxvZ2luX3dlYl81OWJhMzZhZGRjMmIyZjk0MDE1ODBmMDE0YzdmNThlYTRlMzA5ODlkIjtpOjQ7czoyMToicGFzc3dvcmRfaGFzaF9zYW5jdHVtIjtzOjYwOiIkMnkkMTAkY29jUmVWM0Q4WWdNNmh5MDRoU3huZTZqZ0RlN1NOWFZHLzU2MTljd25OdFphcHM4bHNRT08iO30=',1748480942),('XHFM6b6f4IYNOnGDLHyAQtZ6RPOUHAcdqpiCShw7',4,'180.194.125.19','Mozilla/5.0 (Linux; Android 11; ZC-356) AppleWebKit/537.36 (KHTML, like Gecko) Chrome/83.0.4103.106 Safari/537.36','YTo1OntzOjY6Il90b2tlbiI7czo0MDoiVE5TeVpHSmQ1Rlp4OVdqOUpNNXcyQ3VXU2RxeWpMODNRUndNNUtBbSI7czo5OiJfcHJldmlvdXMiO2E6MTp7czozOiJ1cmwiO3M6MzY6Imh0dHA6Ly8xMzkuNTkuMjUyLjEwMC9raW9zay9jaGVjay1pbiI7fXM6NjoiX2ZsYXNoIjthOjI6e3M6Mzoib2xkIjthOjA6e31zOjM6Im5ldyI7YTowOnt9fXM6NTA6ImxvZ2luX3dlYl81OWJhMzZhZGRjMmIyZjk0MDE1ODBmMDE0YzdmNThlYTRlMzA5ODlkIjtpOjQ7czoyMToicGFzc3dvcmRfaGFzaF9zYW5jdHVtIjtzOjYwOiIkMnkkMTAkY29jUmVWM0Q4WWdNNmh5MDRoU3huZTZqZ0RlN1NOWFZHLzU2MTljd25OdFphcHM4bHNRT08iO30=',1748477742),('xxYFJHMCqcOJ41LKaUxwEHRj1a5ACAuLB9EddyKX',NULL,'204.76.203.212','Mozilla/5.0 (Windows NT 10.0; Win64; x64) AppleWebKit/537.36 (KHTML, like Gecko) Chrome/90.0.4430.85 Safari/537.36 Edg/90.0.818.46','YToyOntzOjY6Il90b2tlbiI7czo0MDoiNk4zMnVRYXFXSkF6cFQ0ZTM2bGZhZjNBVndtWUxkZFZDczVaSWN1WSI7czo2OiJfZmxhc2giO2E6Mjp7czozOiJvbGQiO2E6MDp7fXM6MzoibmV3IjthOjA6e319fQ==',1748472082);
/*!40000 ALTER TABLE `sessions` ENABLE KEYS */;
UNLOCK TABLES;
DROP TABLE IF EXISTS `shift_logs`;
/*!40101 SET @saved_cs_client     = @@character_set_client */;
/*!50503 SET character_set_client = utf8mb4 */;
CREATE TABLE `shift_logs` (
  `id` bigint unsigned NOT NULL AUTO_INCREMENT,
  `time_in` datetime NOT NULL,
  `time_out` datetime DEFAULT NULL,
  `frontdesk_ids` json NOT NULL,
  `created_at` timestamp NULL DEFAULT NULL,
  `updated_at` timestamp NULL DEFAULT NULL,
  PRIMARY KEY (`id`)
) ENGINE=InnoDB AUTO_INCREMENT=2 DEFAULT CHARSET=utf8mb4 COLLATE=utf8mb4_unicode_ci;
/*!40101 SET character_set_client = @saved_cs_client */;

LOCK TABLES `shift_logs` WRITE;
/*!40000 ALTER TABLE `shift_logs` DISABLE KEYS */;
INSERT INTO `shift_logs` VALUES (1,'2024-06-10 13:44:50',NULL,'[1, \".\"]','2024-06-10 13:44:50','2024-06-10 13:44:50');
/*!40000 ALTER TABLE `shift_logs` ENABLE KEYS */;
UNLOCK TABLES;
DROP TABLE IF EXISTS `stay_extensions`;
/*!40101 SET @saved_cs_client     = @@character_set_client */;
/*!50503 SET character_set_client = utf8mb4 */;
CREATE TABLE `stay_extensions` (
  `id` bigint unsigned NOT NULL AUTO_INCREMENT,
  `guest_id` bigint unsigned NOT NULL,
  `extension_id` bigint unsigned NOT NULL,
  `hours` varchar(255) COLLATE utf8mb4_unicode_ci NOT NULL,
  `amount` varchar(255) COLLATE utf8mb4_unicode_ci NOT NULL,
  `frontdesk_ids` json DEFAULT NULL,
  `created_at` timestamp NULL DEFAULT NULL,
  `updated_at` timestamp NULL DEFAULT NULL,
  PRIMARY KEY (`id`)
) ENGINE=InnoDB AUTO_INCREMENT=8 DEFAULT CHARSET=utf8mb4 COLLATE=utf8mb4_unicode_ci;
/*!40101 SET character_set_client = @saved_cs_client */;

LOCK TABLES `stay_extensions` WRITE;
/*!40000 ALTER TABLE `stay_extensions` DISABLE KEYS */;
INSERT INTO `stay_extensions` VALUES (1,1,1,'6','100','\"[1,\\\".\\\"]\"','2024-06-11 00:58:15','2024-06-11 00:58:15'),(2,16,1,'6','100','\"[1,\\\".\\\"]\"','2024-06-13 12:35:22','2024-06-13 12:35:22'),(3,13,4,'24','624','\"[1,\\\".\\\"]\"','2024-06-13 12:39:21','2024-06-13 12:39:21'),(4,10,1,'6','100','\"[1,\\\".\\\"]\"','2024-06-13 12:57:40','2024-06-13 12:57:40'),(5,17,3,'18','424','\"[1,\\\".\\\"]\"','2024-06-13 13:11:18','2024-06-13 13:11:18'),(6,69,1,'6','100','\"[1,\\\".\\\"]\"','2025-03-18 16:05:17','2025-03-18 16:05:17'),(7,53,1,'6','100','\"[1,\\\".\\\"]\"','2025-03-18 16:50:01','2025-03-18 16:50:01');
/*!40000 ALTER TABLE `stay_extensions` ENABLE KEYS */;
UNLOCK TABLES;
DROP TABLE IF EXISTS `staying_hours`;
/*!40101 SET @saved_cs_client     = @@character_set_client */;
/*!50503 SET character_set_client = utf8mb4 */;
CREATE TABLE `staying_hours` (
  `id` bigint unsigned NOT NULL AUTO_INCREMENT,
  `branch_id` bigint unsigned NOT NULL,
  `number` int NOT NULL,
  `created_at` timestamp NULL DEFAULT NULL,
  `updated_at` timestamp NULL DEFAULT NULL,
  PRIMARY KEY (`id`)
) ENGINE=InnoDB AUTO_INCREMENT=5 DEFAULT CHARSET=utf8mb4 COLLATE=utf8mb4_unicode_ci;
/*!40101 SET character_set_client = @saved_cs_client */;

LOCK TABLES `staying_hours` WRITE;
/*!40000 ALTER TABLE `staying_hours` DISABLE KEYS */;
INSERT INTO `staying_hours` VALUES (1,1,6,'2024-06-10 13:43:51','2024-06-10 13:43:51'),(2,1,12,'2024-06-10 13:43:51','2024-06-10 13:43:51'),(3,1,18,'2024-06-10 13:43:51','2024-06-10 13:43:51'),(4,1,24,'2024-06-10 13:43:51','2024-06-10 13:43:51');
/*!40000 ALTER TABLE `staying_hours` ENABLE KEYS */;
UNLOCK TABLES;
DROP TABLE IF EXISTS `temporary_check_in_kiosks`;
/*!40101 SET @saved_cs_client     = @@character_set_client */;
/*!50503 SET character_set_client = utf8mb4 */;
CREATE TABLE `temporary_check_in_kiosks` (
  `id` bigint unsigned NOT NULL AUTO_INCREMENT,
  `branch_id` bigint unsigned NOT NULL,
  `room_id` bigint unsigned NOT NULL,
  `guest_id` bigint unsigned NOT NULL,
  `terminated_at` datetime NOT NULL,
  `created_at` timestamp NULL DEFAULT NULL,
  `updated_at` timestamp NULL DEFAULT NULL,
  PRIMARY KEY (`id`)
) ENGINE=InnoDB AUTO_INCREMENT=77 DEFAULT CHARSET=utf8mb4 COLLATE=utf8mb4_unicode_ci;
/*!40101 SET character_set_client = @saved_cs_client */;

LOCK TABLES `temporary_check_in_kiosks` WRITE;
/*!40000 ALTER TABLE `temporary_check_in_kiosks` DISABLE KEYS */;
INSERT INTO `temporary_check_in_kiosks` VALUES (73,1,6,75,'2025-03-19 09:03:19','2025-03-19 08:43:19','2025-03-19 08:43:19'),(74,1,22,76,'2025-03-19 09:03:53','2025-03-19 08:43:53','2025-03-19 08:43:53'),(75,1,49,77,'2025-03-19 14:30:27','2025-03-19 14:10:27','2025-03-19 14:10:27'),(76,1,39,78,'2025-05-01 17:40:22','2025-05-01 17:20:22','2025-05-01 17:20:22');
/*!40000 ALTER TABLE `temporary_check_in_kiosks` ENABLE KEYS */;
UNLOCK TABLES;
DROP TABLE IF EXISTS `temporary_reserveds`;
/*!40101 SET @saved_cs_client     = @@character_set_client */;
/*!50503 SET character_set_client = utf8mb4 */;
CREATE TABLE `temporary_reserveds` (
  `id` bigint unsigned NOT NULL AUTO_INCREMENT,
  `branch_id` bigint unsigned NOT NULL,
  `room_id` bigint unsigned NOT NULL,
  `guest_id` bigint unsigned NOT NULL,
  `created_at` timestamp NULL DEFAULT NULL,
  `updated_at` timestamp NULL DEFAULT NULL,
  PRIMARY KEY (`id`)
) ENGINE=InnoDB AUTO_INCREMENT=3 DEFAULT CHARSET=utf8mb4 COLLATE=utf8mb4_unicode_ci;
/*!40101 SET character_set_client = @saved_cs_client */;

LOCK TABLES `temporary_reserveds` WRITE;
/*!40000 ALTER TABLE `temporary_reserveds` DISABLE KEYS */;
INSERT INTO `temporary_reserveds` VALUES (1,1,1,70,'2025-03-18 19:48:24','2025-03-18 19:48:24'),(2,1,4,71,'2025-03-19 08:24:26','2025-03-19 08:24:26');
/*!40000 ALTER TABLE `temporary_reserveds` ENABLE KEYS */;
UNLOCK TABLES;
DROP TABLE IF EXISTS `transaction_types`;
/*!40101 SET @saved_cs_client     = @@character_set_client */;
/*!50503 SET character_set_client = utf8mb4 */;
CREATE TABLE `transaction_types` (
  `id` bigint unsigned NOT NULL AUTO_INCREMENT,
  `name` varchar(255) COLLATE utf8mb4_unicode_ci NOT NULL,
  `position` varchar(255) COLLATE utf8mb4_unicode_ci DEFAULT NULL,
  `created_at` timestamp NULL DEFAULT NULL,
  `updated_at` timestamp NULL DEFAULT NULL,
  PRIMARY KEY (`id`)
) ENGINE=InnoDB AUTO_INCREMENT=10 DEFAULT CHARSET=utf8mb4 COLLATE=utf8mb4_unicode_ci;
/*!40101 SET character_set_client = @saved_cs_client */;

LOCK TABLES `transaction_types` WRITE;
/*!40000 ALTER TABLE `transaction_types` DISABLE KEYS */;
INSERT INTO `transaction_types` VALUES (1,'Check In','1','2024-06-10 13:43:52','2024-06-10 13:43:52'),(2,'Deposit','2','2024-06-10 13:43:52','2024-06-10 13:43:52'),(3,'Kitchen Order','3','2024-06-10 13:43:52','2024-06-10 13:43:52'),(4,'Damage Charges','4','2024-06-10 13:43:52','2024-06-10 13:43:52'),(5,'Cashout','5','2024-06-10 13:43:52','2024-06-10 13:43:52'),(6,'Extend','6','2024-06-10 13:43:52','2024-06-10 13:43:52'),(7,'Transfer Room','7','2024-06-10 13:43:52','2024-06-10 13:43:52'),(8,'Amenities','8','2024-06-10 13:43:52','2024-06-10 13:43:52'),(9,'Food and Beverages','8','2024-06-10 13:43:52','2024-06-10 13:43:52');
/*!40000 ALTER TABLE `transaction_types` ENABLE KEYS */;
UNLOCK TABLES;
DROP TABLE IF EXISTS `transactions`;
/*!40101 SET @saved_cs_client     = @@character_set_client */;
/*!50503 SET character_set_client = utf8mb4 */;
CREATE TABLE `transactions` (
  `id` bigint unsigned NOT NULL AUTO_INCREMENT,
  `branch_id` bigint unsigned NOT NULL,
  `room_id` bigint unsigned NOT NULL,
  `guest_id` bigint unsigned NOT NULL,
  `floor_id` bigint unsigned NOT NULL,
  `transaction_type_id` bigint unsigned NOT NULL,
  `assigned_frontdesk_id` json NOT NULL,
  `description` varchar(255) COLLATE utf8mb4_unicode_ci NOT NULL,
  `payable_amount` int NOT NULL DEFAULT '0',
  `paid_amount` int NOT NULL DEFAULT '0',
  `change_amount` int NOT NULL DEFAULT '0',
  `deposit_amount` int NOT NULL DEFAULT '0',
  `paid_at` datetime DEFAULT NULL,
  `override_at` datetime DEFAULT NULL,
  `remarks` text COLLATE utf8mb4_unicode_ci NOT NULL,
  `created_at` timestamp NULL DEFAULT NULL,
  `updated_at` timestamp NULL DEFAULT NULL,
  PRIMARY KEY (`id`)
) ENGINE=InnoDB AUTO_INCREMENT=286 DEFAULT CHARSET=utf8mb4 COLLATE=utf8mb4_unicode_ci;
/*!40101 SET character_set_client = @saved_cs_client */;

LOCK TABLES `transactions` WRITE;
/*!40000 ALTER TABLE `transactions` DISABLE KEYS */;
INSERT INTO `transactions` VALUES (1,1,1,1,1,1,'\"[1,\\\".\\\"]\"','Guest Check In',280,1000,520,0,'2024-06-10 14:36:34',NULL,'Guest Checked In at room #1','2024-06-10 14:36:34','2024-06-10 14:36:34'),(2,1,1,1,1,2,'\"[1,\\\".\\\"]\"','Deposit',200,1000,520,200,'2024-06-10 14:36:34',NULL,'Deposit From Check In (Room Key & TV Remote)','2024-06-10 14:36:34','2024-06-10 14:36:34'),(3,1,1,1,1,2,'\"[1,\\\".\\\"]\"','Deposit',520,1000,0,520,'2024-06-10 14:36:34',NULL,'Deposit From Check In (Excess Amount)','2024-06-10 14:36:34','2024-06-10 14:36:34'),(4,1,33,1,1,7,'\"[1,\\\".\\\"]\"','Room Transfer',0,0,0,0,'2024-06-10 15:04:07',NULL,'Guest Transfered from Room #1 ( Double size Bed) to Room #4 (Single size Bed) - Reason: uncleaned','2024-06-10 14:38:21','2024-06-10 15:04:07'),(5,1,58,2,2,1,'\"[1,\\\".\\\"]\"','Guest Check In',448,648,0,0,'2024-06-10 14:39:46',NULL,'Guest Checked In at room #73','2024-06-10 14:39:46','2024-06-10 14:39:46'),(6,1,58,2,2,2,'\"[1,\\\".\\\"]\"','Deposit',200,648,0,200,'2024-06-10 14:39:46',NULL,'Deposit From Check In (Room Key & TV Remote)','2024-06-10 14:39:46','2024-06-10 14:39:46'),(7,1,2,2,1,7,'\"[1,\\\".\\\"]\"','Room Transfer',100,0,0,0,'2024-06-10 15:08:03','2024-06-10 15:08:03','Guest Transfered from Room #73 (Twin size Bed) to Room #10 ( Double size Bed) - Reason: nasayup sulod | Override Payable Amount: 100.00','2024-06-10 14:41:12','2024-06-10 15:08:03'),(8,1,33,1,1,5,'\"[1,\\\".\\\"]\"','Cashout',0,0,0,0,'2024-06-10 15:04:07',NULL,'Cashout from paying deposit (Room Transfer)','2024-06-10 15:04:07','2024-06-10 15:04:07'),(9,1,33,1,1,5,'\"[1,\\\".\\\"]\"','Cashout',520,0,0,520,'2024-06-10 15:18:35',NULL,'Guest Deduction of Deposit: 520 deducted.','2024-06-10 15:18:35','2024-06-10 15:18:35'),(10,1,2,2,1,4,'\"[1,\\\".\\\"]\"','Damage Charges',200,500,300,300,'2024-06-10 15:27:35',NULL,'Guest Charged for Damage: (1) PUNDA','2024-06-10 15:27:07','2024-06-10 15:27:35'),(11,1,2,2,1,2,'\"[1,\\\".\\\"]\"','Deposit',300,300,0,0,'2024-06-10 15:27:35',NULL,'Deposit from paying Damage Charges','2024-06-10 15:27:35','2024-06-10 15:27:35'),(12,1,33,1,1,6,'\"[1,\\\".\\\"]\"','Extension',100,0,0,0,'2024-06-13 10:03:24',NULL,'Guest Extension : 6 hours','2024-06-11 00:58:15','2024-06-13 10:03:24'),(13,1,6,8,1,1,'\"[1,\\\".\\\"]\"','Guest Check In',448,1000,352,0,'2024-06-11 12:27:33',NULL,'Guest Checked In at room #15','2024-06-11 12:27:33','2024-06-11 12:27:33'),(14,1,6,8,1,2,'\"[1,\\\".\\\"]\"','Deposit',200,1000,352,200,'2024-06-11 12:27:33',NULL,'Deposit From Check In (Room Key & TV Remote)','2024-06-11 12:27:33','2024-06-11 12:27:33'),(15,1,6,8,1,2,'\"[1,\\\".\\\"]\"','Deposit',352,1000,0,352,'2024-06-11 12:27:33',NULL,'Deposit From Check In (Excess Amount)','2024-06-11 12:27:33','2024-06-11 12:27:33'),(16,1,11,7,1,1,'\"[1,\\\".\\\"]\"','Guest Check In',392,592,0,0,'2024-06-11 12:27:54',NULL,'Guest Checked In at room #2','2024-06-11 12:27:54','2024-06-11 12:27:54'),(17,1,11,7,1,2,'\"[1,\\\".\\\"]\"','Deposit',200,592,0,200,'2024-06-11 12:27:54',NULL,'Deposit From Check In (Room Key & TV Remote)','2024-06-11 12:27:54','2024-06-11 12:27:54'),(18,1,48,6,2,1,'\"[1,\\\".\\\"]\"','Guest Check In',336,537,1,0,'2024-06-11 12:29:13',NULL,'Guest Checked In at room #63','2024-06-11 12:29:13','2024-06-11 12:29:13'),(19,1,48,6,2,2,'\"[1,\\\".\\\"]\"','Deposit',200,537,1,200,'2024-06-11 12:29:13',NULL,'Deposit From Check In (Room Key & TV Remote)','2024-06-11 12:29:13','2024-06-11 12:29:13'),(20,1,48,6,2,2,'\"[1,\\\".\\\"]\"','Deposit',1,537,0,1,'2024-06-11 12:29:13',NULL,'Deposit From Check In (Excess Amount)','2024-06-11 12:29:13','2024-06-11 12:29:13'),(21,1,3,5,1,1,'\"[1,\\\".\\\"]\"','Guest Check In',336,1000,464,0,'2024-06-11 12:35:46',NULL,'Guest Checked In at room #11','2024-06-11 12:35:46','2024-06-11 12:35:46'),(22,1,3,5,1,2,'\"[1,\\\".\\\"]\"','Deposit',200,1000,464,200,'2024-06-11 12:35:46',NULL,'Deposit From Check In (Room Key & TV Remote)','2024-06-11 12:35:46','2024-06-11 12:35:46'),(23,1,3,5,1,2,'\"[1,\\\".\\\"]\"','Deposit',464,1000,0,464,'2024-06-11 12:35:46',NULL,'Deposit From Check In (Excess Amount)','2024-06-11 12:35:46','2024-06-11 12:35:46'),(24,1,1,4,1,1,'\"[1,\\\".\\\"]\"','Guest Check In',280,1000,520,0,'2024-06-11 12:36:20',NULL,'Guest Checked In at room #1','2024-06-11 12:36:20','2024-06-11 12:36:20'),(25,1,1,4,1,2,'\"[1,\\\".\\\"]\"','Deposit',200,1000,520,200,'2024-06-11 12:36:20',NULL,'Deposit From Check In (Room Key & TV Remote)','2024-06-11 12:36:20','2024-06-11 12:36:20'),(26,1,1,4,1,2,'\"[1,\\\".\\\"]\"','Deposit',520,1000,0,520,'2024-06-11 12:36:20',NULL,'Deposit From Check In (Excess Amount)','2024-06-11 12:36:20','2024-06-11 12:36:20'),(27,1,34,3,1,1,'\"[1,\\\".\\\"]\"','Guest Check In',224,1000,576,0,'2024-06-11 12:36:36',NULL,'Guest Checked In at room #5','2024-06-11 12:36:36','2024-06-11 12:36:36'),(28,1,34,3,1,2,'\"[1,\\\".\\\"]\"','Deposit',200,1000,576,200,'2024-06-11 12:36:36',NULL,'Deposit From Check In (Room Key & TV Remote)','2024-06-11 12:36:36','2024-06-11 12:36:36'),(29,1,34,3,1,2,'\"[1,\\\".\\\"]\"','Deposit',576,1000,0,576,'2024-06-11 12:36:36',NULL,'Deposit From Check In (Excess Amount)','2024-06-11 12:36:36','2024-06-11 12:36:36'),(30,1,4,5,1,7,'\"[1,\\\".\\\"]\"','Room Transfer',0,0,0,0,'2024-06-13 10:03:51',NULL,'Guest Transfered from Room #11 (Twin size Bed) to Room #12 ( Double size Bed) - Reason: Guba ang aircon','2024-06-11 12:51:31','2024-06-13 10:03:51'),(31,1,171,4,5,7,'\"[1,\\\".\\\"]\"','Room Transfer',0,0,0,0,NULL,NULL,'Guest Transfered from Room #1 ( Double size Bed) to Room #256 (Single size Bed) - Reason: Not cleaned room','2024-06-11 13:10:25','2024-06-11 13:10:25'),(32,1,49,3,2,7,'\"[1,\\\".\\\"]\"','Room Transfer',0,0,0,0,NULL,NULL,'Guest Transfered from Room #5 (Single size Bed) to Room #64 (Single size Bed) - Reason: Guba ang aircon','2024-06-11 13:17:35','2024-06-11 13:17:35'),(33,1,88,6,3,7,'\"[1,\\\".\\\"]\"','Room Transfer',0,0,0,0,NULL,NULL,'Guest Transfered from Room #63 (Single size Bed) to Room #123 (Single size Bed) - Reason: No Aircon','2024-06-11 13:33:46','2024-06-11 13:33:46'),(34,1,4,5,1,8,'\"[1,\\\".\\\"]\"','Amenities',200,500,300,300,'2024-06-11 13:41:36',NULL,'Guest Added Amenities: (10) EXTRA PILLOW','2024-06-11 13:41:09','2024-06-11 13:41:36'),(35,1,4,5,1,2,'\"[1,\\\".\\\"]\"','Deposit',300,300,0,0,'2024-06-11 13:41:36',NULL,'Deposit from paying Amenities','2024-06-11 13:41:36','2024-06-11 13:41:36'),(36,1,4,5,1,8,'\"[1,\\\".\\\"]\"','Amenities',20,0,0,0,'2024-06-13 10:03:51',NULL,'Guest Added Amenities: (1) EXTRA PILLOW','2024-06-11 13:45:08','2024-06-13 10:03:51'),(37,1,89,9,3,1,'\"[1,\\\".\\\"]\"','Guest Check In',224,1000,576,0,'2024-06-12 07:35:28',NULL,'Guest Checked In at room #124','2024-06-12 07:35:28','2024-06-12 07:35:28'),(38,1,89,9,3,2,'\"[1,\\\".\\\"]\"','Deposit',200,1000,576,200,'2024-06-12 07:35:28',NULL,'Deposit From Check In (Room Key & TV Remote)','2024-06-12 07:35:28','2024-06-12 07:35:28'),(39,1,89,9,3,2,'\"[1,\\\".\\\"]\"','Deposit',576,1000,0,576,'2024-06-12 07:35:28',NULL,'Deposit From Check In (Excess Amount)','2024-06-12 07:35:28','2024-06-12 07:35:28'),(40,1,89,9,3,9,'\"[1,\\\".\\\"]\"','Food and Beverages',45,45,0,0,'2024-06-12 08:33:11',NULL,'Guest Added Food and Beverages: (Front Desk) (1) Four Season','2024-06-12 07:36:56','2024-06-12 08:33:11'),(41,1,89,9,3,9,'\"[1,\\\".\\\"]\"','Food and Beverages',90,90,0,0,'2024-06-12 08:33:28',NULL,'Guest Added Food and Beverages: (Front Desk) (2) Four Season','2024-06-12 07:37:06','2024-06-12 08:33:28'),(42,1,89,9,3,9,'\"[1,\\\".\\\"]\"','Food and Beverages',315,315,0,0,'2024-06-12 08:33:42',NULL,'Guest Added Food and Beverages: (Front Desk) (7) Four Season','2024-06-12 07:37:18','2024-06-12 08:33:42'),(43,1,89,9,3,2,'\"[1,\\\".\\\"]\"','Deposit',500,0,0,500,'2024-06-12 08:43:29',NULL,'Guest Deposit: For Food','2024-06-12 08:43:29','2024-06-12 08:43:29'),(44,1,3,5,1,5,'\"[1,\\\".\\\"]\"','Cashout',20,20,0,0,'2024-06-13 10:03:51',NULL,'Cashout from paying all unpaid balances','2024-06-13 10:03:51','2024-06-13 10:03:51'),(45,1,55,18,2,1,'\"[1,\\\".\\\"]\"','Guest Check In',672,1000,128,0,'2024-06-13 10:07:18',NULL,'Guest Checked In at room #70','2024-06-13 10:07:18','2024-06-13 10:07:18'),(46,1,55,18,2,2,'\"[1,\\\".\\\"]\"','Deposit',200,1000,128,200,'2024-06-13 10:07:18',NULL,'Deposit From Check In (Room Key & TV Remote)','2024-06-13 10:07:18','2024-06-13 10:07:18'),(47,1,55,18,2,2,'\"[1,\\\".\\\"]\"','Deposit',128,1000,0,128,'2024-06-13 10:07:18',NULL,'Deposit From Check In (Excess Amount)','2024-06-13 10:07:18','2024-06-13 10:07:18'),(48,1,15,17,1,1,'\"[1,\\\".\\\"]\"','Guest Check In',448,1000,352,0,'2024-06-13 10:07:29',NULL,'Guest Checked In at room #23','2024-06-13 10:07:29','2024-06-13 10:07:29'),(49,1,15,17,1,2,'\"[1,\\\".\\\"]\"','Deposit',200,1000,352,200,'2024-06-13 10:07:29',NULL,'Deposit From Check In (Room Key & TV Remote)','2024-06-13 10:07:29','2024-06-13 10:07:29'),(50,1,15,17,1,2,'\"[1,\\\".\\\"]\"','Deposit',352,1000,0,352,'2024-06-13 10:07:29',NULL,'Deposit From Check In (Excess Amount)','2024-06-13 10:07:29','2024-06-13 10:07:29'),(51,1,7,16,1,1,'\"[1,\\\".\\\"]\"','Guest Check In',336,1000,464,0,'2024-06-13 10:07:38',NULL,'Guest Checked In at room #16','2024-06-13 10:07:38','2024-06-13 10:07:38'),(52,1,7,16,1,2,'\"[1,\\\".\\\"]\"','Deposit',200,1000,464,200,'2024-06-13 10:07:38',NULL,'Deposit From Check In (Room Key & TV Remote)','2024-06-13 10:07:38','2024-06-13 10:07:38'),(53,1,7,16,1,2,'\"[1,\\\".\\\"]\"','Deposit',464,1000,0,464,'2024-06-13 10:07:38',NULL,'Deposit From Check In (Excess Amount)','2024-06-13 10:07:38','2024-06-13 10:07:38'),(54,1,40,15,1,1,'\"[1,\\\".\\\"]\"','Guest Check In',616,1000,184,0,'2024-06-13 10:07:47',NULL,'Guest Checked In at room #7','2024-06-13 10:07:47','2024-06-13 10:07:47'),(55,1,40,15,1,2,'\"[1,\\\".\\\"]\"','Deposit',200,1000,184,200,'2024-06-13 10:07:47',NULL,'Deposit From Check In (Room Key & TV Remote)','2024-06-13 10:07:47','2024-06-13 10:07:47'),(56,1,40,15,1,2,'\"[1,\\\".\\\"]\"','Deposit',184,1000,0,184,'2024-06-13 10:07:47',NULL,'Deposit From Check In (Excess Amount)','2024-06-13 10:07:47','2024-06-13 10:07:47'),(57,1,39,14,1,1,'\"[1,\\\".\\\"]\"','Guest Check In',392,1000,408,0,'2024-06-13 10:07:56',NULL,'Guest Checked In at room #6','2024-06-13 10:07:56','2024-06-13 10:07:56'),(58,1,39,14,1,2,'\"[1,\\\".\\\"]\"','Deposit',200,1000,408,200,'2024-06-13 10:07:56',NULL,'Deposit From Check In (Room Key & TV Remote)','2024-06-13 10:07:56','2024-06-13 10:07:56'),(59,1,39,14,1,2,'\"[1,\\\".\\\"]\"','Deposit',408,1000,0,408,'2024-06-13 10:07:56',NULL,'Deposit From Check In (Excess Amount)','2024-06-13 10:07:56','2024-06-13 10:07:56'),(60,1,1,13,1,1,'\"[1,\\\".\\\"]\"','Guest Check In',280,1000,520,0,'2024-06-13 10:08:05',NULL,'Guest Checked In at room #1','2024-06-13 10:08:05','2024-06-13 10:08:05'),(61,1,1,13,1,2,'\"[1,\\\".\\\"]\"','Deposit',200,1000,520,200,'2024-06-13 10:08:05',NULL,'Deposit From Check In (Room Key & TV Remote)','2024-06-13 10:08:05','2024-06-13 10:08:05'),(62,1,1,13,1,2,'\"[1,\\\".\\\"]\"','Deposit',520,1000,0,520,'2024-06-13 10:08:05',NULL,'Deposit From Check In (Excess Amount)','2024-06-13 10:08:05','2024-06-13 10:08:05'),(63,1,205,12,5,1,'\"[1,\\\".\\\"]\"','Guest Check In',560,1000,240,0,'2024-06-13 10:08:11',NULL,'Guest Checked In at room #290','2024-06-13 10:08:11','2024-06-13 10:08:11'),(64,1,205,12,5,2,'\"[1,\\\".\\\"]\"','Deposit',200,1000,240,200,'2024-06-13 10:08:11',NULL,'Deposit From Check In (Room Key & TV Remote)','2024-06-13 10:08:11','2024-06-13 10:08:11'),(65,1,205,12,5,2,'\"[1,\\\".\\\"]\"','Deposit',240,1000,0,240,'2024-06-13 10:08:11',NULL,'Deposit From Check In (Excess Amount)','2024-06-13 10:08:11','2024-06-13 10:08:11'),(66,1,131,11,4,1,'\"[1,\\\".\\\"]\"','Guest Check In',336,1000,464,0,'2024-06-13 10:08:20',NULL,'Guest Checked In at room #204','2024-06-13 10:08:20','2024-06-13 10:08:20'),(67,1,131,11,4,2,'\"[1,\\\".\\\"]\"','Deposit',200,1000,464,200,'2024-06-13 10:08:20',NULL,'Deposit From Check In (Room Key & TV Remote)','2024-06-13 10:08:20','2024-06-13 10:08:20'),(68,1,131,11,4,2,'\"[1,\\\".\\\"]\"','Deposit',464,1000,0,464,'2024-06-13 10:08:20',NULL,'Deposit From Check In (Excess Amount)','2024-06-13 10:08:20','2024-06-13 10:08:20'),(69,1,130,10,4,1,'\"[1,\\\".\\\"]\"','Guest Check In',224,1000,576,0,'2024-06-13 10:08:31',NULL,'Guest Checked In at room #203','2024-06-13 10:08:31','2024-06-13 10:08:31'),(70,1,130,10,4,2,'\"[1,\\\".\\\"]\"','Deposit',200,1000,576,200,'2024-06-13 10:08:31',NULL,'Deposit From Check In (Room Key & TV Remote)','2024-06-13 10:08:31','2024-06-13 10:08:31'),(71,1,130,10,4,2,'\"[1,\\\".\\\"]\"','Deposit',576,1000,0,576,'2024-06-13 10:08:31',NULL,'Deposit From Check In (Excess Amount)','2024-06-13 10:08:31','2024-06-13 10:08:31'),(72,1,5,16,1,7,'\"[1,\\\".\\\"]\"','Room Transfer',0,0,0,0,'2024-06-13 12:35:11',NULL,'Guest Transfered from Room #16 (Twin size Bed) to Room #14 (Single size Bed) - Reason: test','2024-06-13 12:35:00','2024-06-13 12:35:11'),(73,1,5,16,1,5,'\"[1,\\\".\\\"]\"','Cashout',0,0,0,0,'2024-06-13 12:35:11',NULL,'Cashout from paying deposit (Room Transfer)','2024-06-13 12:35:11','2024-06-13 12:35:11'),(74,1,5,16,1,6,'\"[1,\\\".\\\"]\"','Extension',100,100,0,0,'2024-06-13 12:35:38',NULL,'Guest Extension : 6 hours','2024-06-13 12:35:22','2024-06-13 12:35:38'),(75,1,5,16,1,5,'\"[1,\\\".\\\"]\"','Cashout',100,100,0,0,'2024-06-13 12:35:38',NULL,'Cashout from paying deposit (Extension)','2024-06-13 12:35:38','2024-06-13 12:35:38'),(76,1,5,16,1,4,'\"[1,\\\".\\\"]\"','Damage Charges',2500,2500,0,0,'2024-06-13 12:36:42',NULL,'Guest Charged for Damage: (1) PURTAHAN SA C.R.','2024-06-13 12:35:51','2024-06-13 12:36:42'),(77,1,5,16,1,4,'\"[1,\\\".\\\"]\"','Damage Charges',150,150,0,0,'2024-06-13 12:36:25',NULL,'Guest Charged for Damage: (1) SUGA SA ROOM','2024-06-13 12:36:04','2024-06-13 12:36:25'),(78,1,5,16,1,4,'\"[1,\\\".\\\"]\"','Damage Charges',500,1000,500,500,'2024-06-13 12:37:00',NULL,'Guest Charged for Damage: (1) HABOL','2024-06-13 12:36:17','2024-06-13 12:37:00'),(79,1,5,16,1,5,'\"[1,\\\".\\\"]\"','Cashout',150,150,0,0,'2024-06-13 12:36:25',NULL,'Cashout from paying deposit (Damage Charges)','2024-06-13 12:36:25','2024-06-13 12:36:25'),(80,1,5,16,1,8,'\"[1,\\\".\\\"]\"','Amenities',100,100,0,0,'2024-06-13 12:38:00',NULL,'Guest Added Amenities: (1) EXTRA PERSON WITH FREE PILLOW, BLANKET,TOWEL','2024-06-13 12:37:10','2024-06-13 12:38:00'),(81,1,5,16,1,8,'\"[1,\\\".\\\"]\"','Amenities',20,20,0,0,'2024-06-13 12:38:09',NULL,'Guest Added Amenities: (1) EXTRA PILLOW','2024-06-13 12:37:18','2024-06-13 12:38:09'),(82,1,5,16,1,8,'\"[1,\\\".\\\"]\"','Amenities',20,20,0,0,'2024-06-13 12:38:20',NULL,'Guest Added Amenities: (1) EXTRA TOWEL','2024-06-13 12:37:30','2024-06-13 12:38:20'),(83,1,5,16,1,8,'\"[1,\\\".\\\"]\"','Amenities',20,20,0,0,'2024-06-13 12:38:32',NULL,'Guest Added Amenities: (1) EXTRA BLANKET','2024-06-13 12:37:37','2024-06-13 12:38:32'),(84,1,5,16,1,8,'\"[1,\\\".\\\"]\"','Amenities',40,40,0,0,'2024-06-13 12:38:38',NULL,'Guest Added Amenities: (2) EXTRA FITTED SHEET','2024-06-13 12:37:54','2024-06-13 12:38:38'),(85,1,5,16,1,5,'\"[1,\\\".\\\"]\"','Cashout',100,100,0,0,'2024-06-13 12:38:00',NULL,'Cashout from paying deposit (Amenities)','2024-06-13 12:38:00','2024-06-13 12:38:00'),(86,1,5,16,1,5,'\"[1,\\\".\\\"]\"','Cashout',20,20,0,0,'2024-06-13 12:38:09',NULL,'Cashout from paying deposit (Amenities)','2024-06-13 12:38:09','2024-06-13 12:38:09'),(87,1,5,16,1,5,'\"[1,\\\".\\\"]\"','Cashout',40,40,0,0,'2024-06-13 12:38:38',NULL,'Cashout from paying deposit (Amenities)','2024-06-13 12:38:38','2024-06-13 12:38:38'),(88,1,1,13,1,6,'\"[1,\\\".\\\"]\"','Extension',624,700,76,76,'2024-06-13 12:39:41',NULL,'Guest Extension : 24 hours','2024-06-13 12:39:21','2024-06-13 12:39:41'),(89,1,1,13,1,2,'\"[1,\\\".\\\"]\"','Deposit',76,76,0,0,'2024-06-13 12:39:41',NULL,'Deposit from paying Extension','2024-06-13 12:39:41','2024-06-13 12:39:41'),(90,1,1,13,1,4,'\"[1,\\\".\\\"]\"','Damage Charges',5000,5000,0,0,'2024-06-13 12:43:04',NULL,'Guest Charged for Damage: (1) MAIN DOOR','2024-06-13 12:40:01','2024-06-13 12:43:04'),(91,1,1,13,1,4,'\"[1,\\\".\\\"]\"','Damage Charges',200,200,0,0,'2024-06-13 12:43:10',NULL,'Guest Charged for Damage: (1) HINGES/ TOWEL BAR','2024-06-13 12:40:08','2024-06-13 12:43:10'),(92,1,1,13,1,4,'\"[1,\\\".\\\"]\"','Damage Charges',1500,1500,0,0,'2024-06-13 12:43:27',NULL,'Guest Charged for Damage: (1) SINK/LABABO','2024-06-13 12:40:14','2024-06-13 12:43:27'),(93,1,1,13,1,8,'\"[1,\\\".\\\"]\"','Amenities',100,100,0,0,'2024-06-13 12:42:39',NULL,'Guest Added Amenities: (1) EXTRA PERSON WITH FREE PILLOW, BLANKET,TOWEL','2024-06-13 12:40:21','2024-06-13 12:42:39'),(94,1,1,13,1,8,'\"[1,\\\".\\\"]\"','Amenities',100,100,0,0,'2024-06-13 12:43:32',NULL,'Guest Added Amenities: (5) EXTRA PILLOW','2024-06-13 12:40:35','2024-06-13 12:43:32'),(95,1,1,13,1,8,'\"[1,\\\".\\\"]\"','Amenities',200,200,0,0,'2024-06-13 12:43:58',NULL,'Guest Added Amenities: (10) EXTRA BLANKET','2024-06-13 12:42:03','2024-06-13 12:43:58'),(96,1,1,13,1,8,'\"[1,\\\".\\\"]\"','Amenities',180,0,0,0,'2024-06-13 12:45:08','2024-06-13 12:45:08','Guest Added Amenities: (9) EXTRA FITTED SHEET | Override Payable Amount: 180.00','2024-06-13 12:42:34','2024-06-13 12:45:08'),(97,1,1,13,1,5,'\"[1,\\\".\\\"]\"','Cashout',100,100,0,0,'2024-06-13 12:42:39',NULL,'Cashout from paying deposit (Amenities)','2024-06-13 12:42:39','2024-06-13 12:42:39'),(98,1,1,13,1,5,'\"[1,\\\".\\\"]\"','Cashout',200,200,0,0,'2024-06-13 12:43:10',NULL,'Cashout from paying deposit (Damage Charges)','2024-06-13 12:43:10','2024-06-13 12:43:10'),(99,1,1,13,1,5,'\"[1,\\\".\\\"]\"','Cashout',100,100,0,0,'2024-06-13 12:43:32',NULL,'Cashout from paying deposit (Amenities)','2024-06-13 12:43:32','2024-06-13 12:43:32'),(100,1,1,13,1,2,'\"[1,\\\".\\\"]\"','Deposit',500,0,0,500,'2024-06-13 12:48:18',NULL,'Guest Deposit: test','2024-06-13 12:48:18','2024-06-13 12:48:18'),(101,1,130,10,4,6,'\"[1,\\\".\\\"]\"','Extension',100,100,0,0,'2024-06-13 12:58:21',NULL,'Guest Extension : 6 hours','2024-06-13 12:57:40','2024-06-13 12:58:21'),(102,1,130,10,4,5,'\"[1,\\\".\\\"]\"','Cashout',100,100,0,0,'2024-06-13 12:58:21',NULL,'Cashout from paying deposit (Extension)','2024-06-13 12:58:21','2024-06-13 12:58:21'),(103,1,130,10,4,4,'\"[1,\\\".\\\"]\"','Damage Charges',2500,2500,0,0,'2024-06-13 12:58:47',NULL,'Guest Charged for Damage: (1) PURTAHAN SA C.R.','2024-06-13 12:58:34','2024-06-13 12:58:47'),(104,1,130,10,4,4,'\"[1,\\\".\\\"]\"','Damage Charges',100,100,0,0,'2024-06-13 13:10:06',NULL,'Guest Charged for Damage: (1) WIRING SA TELEPHONE','2024-06-13 13:09:53','2024-06-13 13:10:06'),(105,1,130,10,4,4,'\"[1,\\\".\\\"]\"','Damage Charges',350,350,0,0,'2024-06-13 13:10:13',NULL,'Guest Charged for Damage: (1) DOORKNOB C.R.','2024-06-13 13:10:00','2024-06-13 13:10:13'),(106,1,130,10,4,5,'\"[1,\\\".\\\"]\"','Cashout',100,100,0,0,'2024-06-13 13:10:06',NULL,'Cashout from paying deposit (Damage Charges)','2024-06-13 13:10:06','2024-06-13 13:10:06'),(107,1,15,17,1,6,'\"[1,\\\".\\\"]\"','Extension',424,424,0,0,'2024-06-13 13:11:27',NULL,'Guest Extension : 18 hours','2024-06-13 13:11:18','2024-06-13 13:11:27'),(108,1,15,17,1,4,'\"[1,\\\".\\\"]\"','Damage Charges',1000,1000,0,0,'2024-06-13 13:11:50',NULL,'Guest Charged for Damage: (1) SAMIN SULOD SA ROOM','2024-06-13 13:11:35','2024-06-13 13:11:50'),(109,1,15,17,1,8,'\"[1,\\\".\\\"]\"','Amenities',100,100,0,0,'2024-06-13 13:13:20',NULL,'Guest Added Amenities: (5) EXTRA FITTED SHEET','2024-06-13 13:13:13','2024-06-13 13:13:20'),(110,1,15,17,1,5,'\"[1,\\\".\\\"]\"','Cashout',100,100,0,0,'2024-06-13 13:13:20',NULL,'Cashout from paying deposit (Amenities)','2024-06-13 13:13:20','2024-06-13 13:13:20'),(111,1,15,17,1,8,'\"[1,\\\".\\\"]\"','Amenities',60,60,0,0,'2024-06-13 13:14:09',NULL,'Guest Added Amenities: (3) EXTRA BLANKET','2024-06-13 13:13:54','2024-06-13 13:14:09'),(112,1,15,17,1,4,'\"[1,\\\".\\\"]\"','Damage Charges',1500,1500,0,0,'2024-06-13 13:14:23',NULL,'Guest Charged for Damage: (1) BED SKIRT WITH INK','2024-06-13 13:14:05','2024-06-13 13:14:23'),(113,1,15,17,1,5,'\"[1,\\\".\\\"]\"','Cashout',60,60,0,0,'2024-06-13 13:14:09',NULL,'Cashout from paying deposit (Amenities)','2024-06-13 13:14:09','2024-06-13 13:14:09'),(114,1,39,14,1,9,'\"[1,\\\".\\\"]\"','Food and Beverages',90,90,0,0,'2024-06-13 13:34:52',NULL,'Guest Added Food and Beverages: (Front Desk) (2) Mango Nectar','2024-06-13 13:34:43','2024-06-13 13:34:52'),(115,1,39,14,1,5,'\"[1,\\\".\\\"]\"','Cashout',90,90,0,0,'2024-06-13 13:34:52',NULL,'Cashout from paying deposit (Food and Beverages)','2024-06-13 13:34:52','2024-06-13 13:34:52'),(116,1,39,14,1,9,'\"[1,\\\".\\\"]\"','Food and Beverages',90,90,0,0,'2024-06-13 13:53:59',NULL,'Guest Added Food and Beverages: (Front Desk) (2) Pineorrange','2024-06-13 13:53:55','2024-06-13 13:53:59'),(117,1,39,14,1,5,'\"[1,\\\".\\\"]\"','Cashout',90,90,0,0,'2024-06-13 13:53:59',NULL,'Cashout from paying deposit (Food and Beverages)','2024-06-13 13:53:59','2024-06-13 13:53:59'),(118,1,39,14,1,9,'\"[1,\\\".\\\"]\"','Food and Beverages',58,0,0,0,'2024-06-13 13:54:21',NULL,'Guest Added Food and Beverages: (Front Desk) (2) 500ML','2024-06-13 13:54:10','2024-06-13 13:54:21'),(119,1,39,14,1,5,'\"[1,\\\".\\\"]\"','Cashout',58,58,0,0,'2024-06-13 13:54:21',NULL,'Cashout from paying all unpaid balances','2024-06-13 13:54:21','2024-06-13 13:54:21'),(120,1,12,18,1,7,'\"[1,\\\".\\\"]\"','Room Transfer',0,0,0,0,'2024-06-13 19:15:33',NULL,'Guest Transfered from Room #70 (Twin size Bed) to Room #20 ( Double size Bed) - Reason: Libog','2024-06-13 19:15:07','2024-06-13 19:15:33'),(121,1,12,18,1,5,'\"[1,\\\".\\\"]\"','Cashout',0,0,0,0,'2024-06-13 19:15:33',NULL,'Cashout from paying deposit (Room Transfer)','2024-06-13 19:15:33','2024-06-13 19:15:33'),(122,1,48,19,2,1,'\"[1,\\\".\\\"]\"','Guest Check In',560,800,40,0,'2025-03-17 10:25:06',NULL,'Guest Checked In at room #63','2025-03-17 10:25:06','2025-03-17 10:25:06'),(123,1,48,19,2,2,'\"[1,\\\".\\\"]\"','Deposit',200,800,40,200,'2025-03-17 10:25:06',NULL,'Deposit From Check In (Room Key & TV Remote)','2025-03-17 10:25:06','2025-03-17 10:25:06'),(124,1,48,19,2,2,'\"[1,\\\".\\\"]\"','Deposit',40,800,0,40,'2025-03-17 10:25:06',NULL,'Deposit From Check In (Excess Amount)','2025-03-17 10:25:06','2025-03-17 10:25:06'),(125,1,48,19,2,9,'\"[1,\\\".\\\"]\"','Food and Beverages',90,100,10,10,'2025-03-17 10:30:19',NULL,'Guest Added Food and Beverages: (Front Desk) (2) C2','2025-03-17 10:27:02','2025-03-17 10:30:19'),(126,1,48,19,2,2,'\"[1,\\\".\\\"]\"','Deposit',10,10,0,0,'2025-03-17 10:30:19',NULL,'Deposit from paying Food and Beverages','2025-03-17 10:30:19','2025-03-17 10:30:19'),(127,1,1,20,1,1,'\"[1,\\\".\\\"]\"','Guest Check In',280,480,0,0,'2025-03-17 13:44:59',NULL,'Guest Checked In at room #1','2025-03-17 13:44:59','2025-03-17 13:44:59'),(128,1,1,20,1,2,'\"[1,\\\".\\\"]\"','Deposit',200,480,0,200,'2025-03-17 13:44:59',NULL,'Deposit From Check In (Room Key & TV Remote)','2025-03-17 13:44:59','2025-03-17 13:44:59'),(129,1,1,20,1,9,'\"[1,\\\".\\\"]\"','Food and Beverages',45,45,0,0,'2025-03-17 13:53:20',NULL,'Guest Added Food and Beverages: (Front Desk) (1) C2','2025-03-17 13:52:13','2025-03-17 13:53:20'),(130,1,172,21,5,1,'\"[1,\\\".\\\"]\"','Guest Check In',560,1000,240,0,'2025-03-17 14:12:46',NULL,'Guest Checked In at room #257','2025-03-17 14:12:46','2025-03-17 14:12:46'),(131,1,172,21,5,2,'\"[1,\\\".\\\"]\"','Deposit',200,1000,240,200,'2025-03-17 14:12:46',NULL,'Deposit From Check In (Room Key & TV Remote)','2025-03-17 14:12:46','2025-03-17 14:12:46'),(132,1,172,21,5,2,'\"[1,\\\".\\\"]\"','Deposit',240,1000,0,240,'2025-03-17 14:12:46',NULL,'Deposit From Check In (Excess Amount)','2025-03-17 14:12:46','2025-03-17 14:12:46'),(133,1,172,21,5,9,'\"[1,\\\".\\\"]\"','Food and Beverages',360,400,40,40,'2025-03-17 14:14:29',NULL,'Guest Added Food and Beverages: (Front Desk) (8) Mango Nectar','2025-03-17 14:13:46','2025-03-17 14:14:29'),(134,1,172,21,5,2,'\"[1,\\\".\\\"]\"','Deposit',40,40,0,0,'2025-03-17 14:14:29',NULL,'Deposit from paying Food and Beverages','2025-03-17 14:14:29','2025-03-17 14:14:29'),(135,1,172,21,5,8,'\"[1,\\\".\\\"]\"','Amenities',20,0,0,0,'2025-03-17 14:22:58',NULL,'Guest Added Amenities: (1) EXTRA PILLOW','2025-03-17 14:18:48','2025-03-17 14:22:58'),(136,1,172,21,5,4,'\"[1,\\\".\\\"]\"','Damage Charges',300,0,0,0,'2025-03-17 14:22:58',NULL,'Guest Charged for Damage: (1) TOWEL','2025-03-17 14:19:41','2025-03-17 14:22:58'),(137,1,172,21,5,9,'null','Food and Beverages',600,0,0,0,'2025-03-17 15:10:09',NULL,'Guest Added Food and Beverages: (Kitchen) (2) Humba','2025-03-17 14:29:45','2025-03-17 15:10:09'),(138,1,172,21,5,9,'\"[1,\\\".\\\"]\"','Food and Beverages',50,0,0,0,'2025-03-17 15:10:09',NULL,'Guest Added Food and Beverages: (Front Desk) (1) french fried','2025-03-17 14:35:16','2025-03-17 15:10:09'),(139,1,10,22,1,1,'\"[1,\\\".\\\"]\"','Guest Check In',336,536,0,0,'2025-03-17 14:53:55',NULL,'Guest Checked In at room #19','2025-03-17 14:53:55','2025-03-17 14:53:55'),(140,1,10,22,1,2,'\"[1,\\\".\\\"]\"','Deposit',200,536,0,200,'2025-03-17 14:53:55',NULL,'Deposit From Check In (Room Key & TV Remote)','2025-03-17 14:53:55','2025-03-17 14:53:55'),(141,1,22,23,1,1,'\"[1,\\\".\\\"]\"','Guest Check In',280,480,0,0,'2025-03-17 14:54:06',NULL,'Guest Checked In at room #3','2025-03-17 14:54:06','2025-03-17 14:54:06'),(142,1,22,23,1,2,'\"[1,\\\".\\\"]\"','Deposit',200,480,0,200,'2025-03-17 14:54:06',NULL,'Deposit From Check In (Room Key & TV Remote)','2025-03-17 14:54:06','2025-03-17 14:54:06'),(143,1,172,21,5,5,'\"[1,\\\".\\\"]\"','Cashout',150,0,0,150,'2025-03-17 15:11:00',NULL,'Guest Deduction of Deposit: 150 deducted.','2025-03-17 15:11:00','2025-03-17 15:11:00'),(144,1,18,24,1,1,'\"[1,\\\".\\\"]\"','Guest Check In',336,536,0,0,'2025-03-17 15:21:33',NULL,'Guest Checked In at room #26','2025-03-17 15:21:33','2025-03-17 15:21:33'),(145,1,18,24,1,2,'\"[1,\\\".\\\"]\"','Deposit',200,536,0,200,'2025-03-17 15:21:33',NULL,'Deposit From Check In (Room Key & TV Remote)','2025-03-17 15:21:33','2025-03-17 15:21:33'),(146,1,1,25,1,1,'\"[1,\\\".\\\"]\"','Guest Check In',280,500,20,0,'2025-03-17 15:29:17',NULL,'Guest Checked In at room #1','2025-03-17 15:29:17','2025-03-17 15:29:17'),(147,1,1,25,1,2,'\"[1,\\\".\\\"]\"','Deposit',200,500,20,200,'2025-03-17 15:29:17',NULL,'Deposit From Check In (Room Key & TV Remote)','2025-03-17 15:29:17','2025-03-17 15:29:17'),(148,1,41,26,1,1,'\"[1,\\\".\\\"]\"','Guest Check In',616,816,0,0,'2025-03-18 15:11:25',NULL,'Guest Checked In at room #8','2025-03-18 15:11:25','2025-03-18 15:11:25'),(149,1,41,26,1,2,'\"[1,\\\".\\\"]\"','Deposit',200,816,0,200,'2025-03-18 15:11:25',NULL,'Deposit From Check In (Room Key & TV Remote)','2025-03-18 15:11:25','2025-03-18 15:11:25'),(154,1,140,29,4,1,'\"[1,\\\".\\\"]\"','Guest Check In',336,600,64,0,'2025-03-18 15:13:18',NULL,'Guest Checked In at room #214','2025-03-18 15:13:18','2025-03-18 15:13:18'),(155,1,140,29,4,2,'\"[1,\\\".\\\"]\"','Deposit',200,600,64,200,'2025-03-18 15:13:18',NULL,'Deposit From Check In (Room Key & TV Remote)','2025-03-18 15:13:18','2025-03-18 15:13:18'),(158,1,9,31,1,1,'\"[1,\\\".\\\"]\"','Guest Check In',616,1000,184,0,'2025-03-18 15:17:23',NULL,'Guest Checked In at room #18','2025-03-18 15:17:23','2025-03-18 15:17:23'),(159,1,9,31,1,2,'\"[1,\\\".\\\"]\"','Deposit',200,1000,184,200,'2025-03-18 15:17:23',NULL,'Deposit From Check In (Room Key & TV Remote)','2025-03-18 15:17:23','2025-03-18 15:17:23'),(160,1,8,32,1,1,'\"[1,\\\".\\\"]\"','Guest Check In',392,600,8,0,'2025-03-18 15:17:37',NULL,'Guest Checked In at room #17','2025-03-18 15:17:37','2025-03-18 15:17:37'),(161,1,8,32,1,2,'\"[1,\\\".\\\"]\"','Deposit',200,600,8,200,'2025-03-18 15:17:37',NULL,'Deposit From Check In (Room Key & TV Remote)','2025-03-18 15:17:37','2025-03-18 15:17:37'),(162,1,20,33,1,1,'\"[1,\\\".\\\"]\"','Guest Check In',616,820,4,0,'2025-03-18 15:17:56',NULL,'Guest Checked In at room #28','2025-03-18 15:17:56','2025-03-18 15:17:56'),(163,1,20,33,1,2,'\"[1,\\\".\\\"]\"','Deposit',200,820,4,200,'2025-03-18 15:17:56',NULL,'Deposit From Check In (Room Key & TV Remote)','2025-03-18 15:17:56','2025-03-18 15:17:56'),(164,1,13,34,1,1,'\"[1,\\\".\\\"]\"','Guest Check In',616,1000,184,0,'2025-03-18 15:18:08',NULL,'Guest Checked In at room #21','2025-03-18 15:18:08','2025-03-18 15:18:08'),(165,1,13,34,1,2,'\"[1,\\\".\\\"]\"','Deposit',200,1000,184,200,'2025-03-18 15:18:08',NULL,'Deposit From Check In (Room Key & TV Remote)','2025-03-18 15:18:08','2025-03-18 15:18:08'),(166,1,13,34,1,2,'\"[1,\\\".\\\"]\"','Deposit',184,1000,0,184,'2025-03-18 15:18:08',NULL,'Deposit From Check In (Excess Amount)','2025-03-18 15:18:08','2025-03-18 15:18:08'),(167,1,16,35,1,1,'\"[1,\\\".\\\"]\"','Guest Check In',616,816,0,0,'2025-03-18 15:25:17',NULL,'Guest Checked In at room #24','2025-03-18 15:25:17','2025-03-18 15:25:17'),(168,1,16,35,1,2,'\"[1,\\\".\\\"]\"','Deposit',200,816,0,200,'2025-03-18 15:25:17',NULL,'Deposit From Check In (Room Key & TV Remote)','2025-03-18 15:25:17','2025-03-18 15:25:17'),(171,1,17,37,1,1,'\"[1,\\\".\\\"]\"','Guest Check In',616,1000,184,0,'2025-03-18 15:25:57',NULL,'Guest Checked In at room #25','2025-03-18 15:25:57','2025-03-18 15:25:57'),(172,1,17,37,1,2,'\"[1,\\\".\\\"]\"','Deposit',200,1000,184,200,'2025-03-18 15:25:57',NULL,'Deposit From Check In (Room Key & TV Remote)','2025-03-18 15:25:57','2025-03-18 15:25:57'),(173,1,19,38,1,1,'\"[1,\\\".\\\"]\"','Guest Check In',616,816,0,0,'2025-03-18 15:26:11',NULL,'Guest Checked In at room #27','2025-03-18 15:26:11','2025-03-18 15:26:11'),(174,1,19,38,1,2,'\"[1,\\\".\\\"]\"','Deposit',200,816,0,200,'2025-03-18 15:26:11',NULL,'Deposit From Check In (Room Key & TV Remote)','2025-03-18 15:26:11','2025-03-18 15:26:11'),(175,1,21,39,1,1,'\"[1,\\\".\\\"]\"','Guest Check In',616,1000,184,0,'2025-03-18 15:27:45',NULL,'Guest Checked In at room #29','2025-03-18 15:27:45','2025-03-18 15:27:45'),(176,1,21,39,1,2,'\"[1,\\\".\\\"]\"','Deposit',200,1000,184,200,'2025-03-18 15:27:45',NULL,'Deposit From Check In (Room Key & TV Remote)','2025-03-18 15:27:45','2025-03-18 15:27:45'),(177,1,21,39,1,2,'\"[1,\\\".\\\"]\"','Deposit',184,1000,0,184,'2025-03-18 15:27:45',NULL,'Deposit From Check In (Excess Amount)','2025-03-18 15:27:45','2025-03-18 15:27:45'),(178,1,21,40,1,1,'\"[1,\\\".\\\"]\"','Guest Check In',616,1000,184,0,'2025-03-18 15:28:14',NULL,'Guest Checked In at room #29','2025-03-18 15:28:14','2025-03-18 15:28:14'),(179,1,21,40,1,2,'\"[1,\\\".\\\"]\"','Deposit',200,1000,184,200,'2025-03-18 15:28:14',NULL,'Deposit From Check In (Room Key & TV Remote)','2025-03-18 15:28:14','2025-03-18 15:28:14'),(180,1,21,40,1,2,'\"[1,\\\".\\\"]\"','Deposit',184,1000,0,184,'2025-03-18 15:28:14',NULL,'Deposit From Check In (Excess Amount)','2025-03-18 15:28:14','2025-03-18 15:28:14'),(181,1,23,41,1,1,'\"[1,\\\".\\\"]\"','Guest Check In',616,1000,184,0,'2025-03-18 15:28:35',NULL,'Guest Checked In at room #30','2025-03-18 15:28:35','2025-03-18 15:28:35'),(182,1,23,41,1,2,'\"[1,\\\".\\\"]\"','Deposit',200,1000,184,200,'2025-03-18 15:28:35',NULL,'Deposit From Check In (Room Key & TV Remote)','2025-03-18 15:28:35','2025-03-18 15:28:35'),(183,1,24,42,1,1,'\"[1,\\\".\\\"]\"','Guest Check In',616,1000,184,0,'2025-03-18 15:28:43',NULL,'Guest Checked In at room #31','2025-03-18 15:28:43','2025-03-18 15:28:43'),(184,1,24,42,1,2,'\"[1,\\\".\\\"]\"','Deposit',200,1000,184,200,'2025-03-18 15:28:43',NULL,'Deposit From Check In (Room Key & TV Remote)','2025-03-18 15:28:43','2025-03-18 15:28:43'),(185,1,32,43,1,1,'\"[1,\\\".\\\"]\"','Guest Check In',280,1000,520,0,'2025-03-18 15:28:54',NULL,'Guest Checked In at room #39','2025-03-18 15:28:54','2025-03-18 15:28:54'),(186,1,32,43,1,2,'\"[1,\\\".\\\"]\"','Deposit',200,1000,520,200,'2025-03-18 15:28:54',NULL,'Deposit From Check In (Room Key & TV Remote)','2025-03-18 15:28:54','2025-03-18 15:28:54'),(187,1,25,44,1,1,'\"[1,\\\".\\\"]\"','Guest Check In',280,500,20,0,'2025-03-18 15:29:09',NULL,'Guest Checked In at room #32','2025-03-18 15:29:09','2025-03-18 15:29:09'),(188,1,25,44,1,2,'\"[1,\\\".\\\"]\"','Deposit',200,500,20,200,'2025-03-18 15:29:09',NULL,'Deposit From Check In (Room Key & TV Remote)','2025-03-18 15:29:09','2025-03-18 15:29:09'),(191,1,59,46,2,1,'\"[1,\\\".\\\"]\"','Guest Check In',672,1000,128,0,'2025-03-18 15:29:46',NULL,'Guest Checked In at room #74','2025-03-18 15:29:46','2025-03-18 15:29:46'),(192,1,59,46,2,2,'\"[1,\\\".\\\"]\"','Deposit',200,1000,128,200,'2025-03-18 15:29:46',NULL,'Deposit From Check In (Room Key & TV Remote)','2025-03-18 15:29:46','2025-03-18 15:29:46'),(193,1,26,47,1,1,'\"[1,\\\".\\\"]\"','Guest Check In',280,500,20,0,'2025-03-18 15:30:58',NULL,'Guest Checked In at room #33','2025-03-18 15:30:58','2025-03-18 15:30:58'),(194,1,26,47,1,2,'\"[1,\\\".\\\"]\"','Deposit',200,500,20,200,'2025-03-18 15:30:58',NULL,'Deposit From Check In (Room Key & TV Remote)','2025-03-18 15:30:58','2025-03-18 15:30:58'),(195,1,62,48,2,1,'\"[1,\\\".\\\"]\"','Guest Check In',672,1000,128,0,'2025-03-18 15:31:06',NULL,'Guest Checked In at room #77','2025-03-18 15:31:06','2025-03-18 15:31:06'),(196,1,62,48,2,2,'\"[1,\\\".\\\"]\"','Deposit',200,1000,128,200,'2025-03-18 15:31:06',NULL,'Deposit From Check In (Room Key & TV Remote)','2025-03-18 15:31:06','2025-03-18 15:31:06'),(197,1,27,49,1,1,'\"[1,\\\".\\\"]\"','Guest Check In',280,500,20,0,'2025-03-18 15:31:14',NULL,'Guest Checked In at room #34','2025-03-18 15:31:14','2025-03-18 15:31:14'),(198,1,27,49,1,2,'\"[1,\\\".\\\"]\"','Deposit',200,500,20,200,'2025-03-18 15:31:14',NULL,'Deposit From Check In (Room Key & TV Remote)','2025-03-18 15:31:14','2025-03-18 15:31:14'),(199,1,28,50,1,1,'\"[1,\\\".\\\"]\"','Guest Check In',280,500,20,0,'2025-03-18 15:31:21',NULL,'Guest Checked In at room #35','2025-03-18 15:31:21','2025-03-18 15:31:21'),(200,1,28,50,1,2,'\"[1,\\\".\\\"]\"','Deposit',200,500,20,200,'2025-03-18 15:31:21',NULL,'Deposit From Check In (Room Key & TV Remote)','2025-03-18 15:31:21','2025-03-18 15:31:21'),(201,1,66,52,2,1,'\"[1,\\\".\\\"]\"','Guest Check In',672,1000,128,0,'2025-03-18 15:31:28',NULL,'Guest Checked In at room #81','2025-03-18 15:31:28','2025-03-18 15:31:28'),(202,1,66,52,2,2,'\"[1,\\\".\\\"]\"','Deposit',200,1000,128,200,'2025-03-18 15:31:28',NULL,'Deposit From Check In (Room Key & TV Remote)','2025-03-18 15:31:28','2025-03-18 15:31:28'),(203,1,29,51,1,1,'\"[1,\\\".\\\"]\"','Guest Check In',280,500,20,0,'2025-03-18 15:31:35',NULL,'Guest Checked In at room #36','2025-03-18 15:31:35','2025-03-18 15:31:35'),(204,1,29,51,1,2,'\"[1,\\\".\\\"]\"','Deposit',200,500,20,200,'2025-03-18 15:31:35',NULL,'Deposit From Check In (Room Key & TV Remote)','2025-03-18 15:31:35','2025-03-18 15:31:35'),(205,1,30,53,1,1,'\"[1,\\\".\\\"]\"','Guest Check In',280,500,20,0,'2025-03-18 15:31:44',NULL,'Guest Checked In at room #37','2025-03-18 15:31:44','2025-03-18 15:31:44'),(206,1,30,53,1,2,'\"[1,\\\".\\\"]\"','Deposit',200,500,20,200,'2025-03-18 15:31:44',NULL,'Deposit From Check In (Room Key & TV Remote)','2025-03-18 15:31:44','2025-03-18 15:31:44'),(209,1,69,55,2,1,'\"[1,\\\".\\\"]\"','Guest Check In',336,1000,464,0,'2025-03-18 15:32:05',NULL,'Guest Checked In at room #84','2025-03-18 15:32:05','2025-03-18 15:32:05'),(210,1,69,55,2,2,'\"[1,\\\".\\\"]\"','Deposit',200,1000,464,200,'2025-03-18 15:32:05',NULL,'Deposit From Check In (Room Key & TV Remote)','2025-03-18 15:32:05','2025-03-18 15:32:05'),(211,1,31,56,1,1,'\"[1,\\\".\\\"]\"','Guest Check In',280,500,20,0,'2025-03-18 15:32:11',NULL,'Guest Checked In at room #38','2025-03-18 15:32:11','2025-03-18 15:32:11'),(212,1,31,56,1,2,'\"[1,\\\".\\\"]\"','Deposit',200,500,20,200,'2025-03-18 15:32:11',NULL,'Deposit From Check In (Room Key & TV Remote)','2025-03-18 15:32:11','2025-03-18 15:32:11'),(215,1,35,58,1,1,'\"[1,\\\".\\\"]\"','Guest Check In',280,500,20,0,'2025-03-18 15:32:26',NULL,'Guest Checked In at room #50','2025-03-18 15:32:26','2025-03-18 15:32:26'),(216,1,35,58,1,2,'\"[1,\\\".\\\"]\"','Deposit',200,500,20,200,'2025-03-18 15:32:26',NULL,'Deposit From Check In (Room Key & TV Remote)','2025-03-18 15:32:26','2025-03-18 15:32:26'),(217,1,98,59,3,1,'\"[1,\\\".\\\"]\"','Guest Check In',336,600,64,0,'2025-03-18 15:32:34',NULL,'Guest Checked In at room #133','2025-03-18 15:32:34','2025-03-18 15:32:34'),(218,1,98,59,3,2,'\"[1,\\\".\\\"]\"','Deposit',200,600,64,200,'2025-03-18 15:32:34',NULL,'Deposit From Check In (Room Key & TV Remote)','2025-03-18 15:32:34','2025-03-18 15:32:34'),(219,1,36,60,1,1,'\"[1,\\\".\\\"]\"','Guest Check In',280,500,20,0,'2025-03-18 15:33:44',NULL,'Guest Checked In at room #51','2025-03-18 15:33:44','2025-03-18 15:33:44'),(220,1,36,60,1,2,'\"[1,\\\".\\\"]\"','Deposit',200,500,20,200,'2025-03-18 15:33:44',NULL,'Deposit From Check In (Room Key & TV Remote)','2025-03-18 15:33:44','2025-03-18 15:33:44'),(221,1,102,61,3,1,'\"[1,\\\".\\\"]\"','Guest Check In',336,600,64,0,'2025-03-18 15:33:51',NULL,'Guest Checked In at room #137','2025-03-18 15:33:51','2025-03-18 15:33:51'),(222,1,102,61,3,2,'\"[1,\\\".\\\"]\"','Deposit',200,600,64,200,'2025-03-18 15:33:51',NULL,'Deposit From Check In (Room Key & TV Remote)','2025-03-18 15:33:51','2025-03-18 15:33:51'),(223,1,37,62,1,1,'\"[1,\\\".\\\"]\"','Guest Check In',280,500,20,0,'2025-03-18 15:33:58',NULL,'Guest Checked In at room #52','2025-03-18 15:33:58','2025-03-18 15:33:58'),(224,1,37,62,1,2,'\"[1,\\\".\\\"]\"','Deposit',200,500,20,200,'2025-03-18 15:33:58',NULL,'Deposit From Check In (Room Key & TV Remote)','2025-03-18 15:33:58','2025-03-18 15:33:58'),(225,1,106,63,3,1,'\"[1,\\\".\\\"]\"','Guest Check In',448,700,52,0,'2025-03-18 15:34:06',NULL,'Guest Checked In at room #151','2025-03-18 15:34:06','2025-03-18 15:34:06'),(226,1,106,63,3,2,'\"[1,\\\".\\\"]\"','Deposit',200,700,52,200,'2025-03-18 15:34:06',NULL,'Deposit From Check In (Room Key & TV Remote)','2025-03-18 15:34:06','2025-03-18 15:34:06'),(227,1,38,64,1,1,'\"[1,\\\".\\\"]\"','Guest Check In',280,500,20,0,'2025-03-18 15:34:12',NULL,'Guest Checked In at room #53','2025-03-18 15:34:12','2025-03-18 15:34:12'),(228,1,38,64,1,2,'\"[1,\\\".\\\"]\"','Deposit',200,500,20,200,'2025-03-18 15:34:12',NULL,'Deposit From Check In (Room Key & TV Remote)','2025-03-18 15:34:12','2025-03-18 15:34:12'),(229,1,109,65,3,1,'\"[1,\\\".\\\"]\"','Guest Check In',336,600,64,0,'2025-03-18 15:34:19',NULL,'Guest Checked In at room #154','2025-03-18 15:34:19','2025-03-18 15:34:19'),(230,1,109,65,3,2,'\"[1,\\\".\\\"]\"','Deposit',200,600,64,200,'2025-03-18 15:34:19',NULL,'Deposit From Check In (Room Key & TV Remote)','2025-03-18 15:34:19','2025-03-18 15:34:19'),(233,1,141,67,4,1,'\"[1,\\\".\\\"]\"','Guest Check In',336,550,14,0,'2025-03-18 15:34:33',NULL,'Guest Checked In at room #215','2025-03-18 15:34:33','2025-03-18 15:34:33'),(234,1,141,67,4,2,'\"[1,\\\".\\\"]\"','Deposit',200,550,14,200,'2025-03-18 15:34:33',NULL,'Deposit From Check In (Room Key & TV Remote)','2025-03-18 15:34:33','2025-03-18 15:34:33'),(235,1,49,68,2,1,'\"[1,\\\".\\\"]\"','Guest Check In',450,2000,1350,0,'2025-03-18 16:02:31',NULL,'Guest Checked In at room #64','2025-03-18 16:02:31','2025-03-18 16:02:31'),(236,1,49,68,2,2,'\"[1,\\\".\\\"]\"','Deposit',200,2000,1350,200,'2025-03-18 16:02:31',NULL,'Deposit From Check In (Room Key & TV Remote)','2025-03-18 16:02:31','2025-03-18 16:02:31'),(237,1,49,68,2,2,'\"[1,\\\".\\\"]\"','Deposit',1350,2000,0,1350,'2025-03-18 16:02:31',NULL,'Deposit From Check In (Excess Amount)','2025-03-18 16:02:31','2025-03-18 16:02:31'),(238,1,33,69,1,1,'\"[1,\\\".\\\"]\"','Guest Check In',225,1000,575,0,'2025-03-18 16:03:09',NULL,'Guest Checked In at room #4','2025-03-18 16:03:09','2025-03-18 16:03:09'),(239,1,33,69,1,2,'\"[1,\\\".\\\"]\"','Deposit',200,1000,575,200,'2025-03-18 16:03:09',NULL,'Deposit From Check In (Room Key & TV Remote)','2025-03-18 16:03:09','2025-03-18 16:03:09'),(240,1,33,69,1,2,'\"[1,\\\".\\\"]\"','Deposit',575,1000,0,575,'2025-03-18 16:03:09',NULL,'Deposit From Check In (Excess Amount)','2025-03-18 16:03:09','2025-03-18 16:03:09'),(241,1,11,69,1,7,'\"[1,\\\".\\\"]\"','Room Transfer',55,55,0,0,'2025-03-18 16:04:58',NULL,'Guest Transfered from Room #4 (Single size bed) to Room #2 ( Double size Bed) - Reason: untidy','2025-03-18 16:04:56','2025-03-18 16:04:58'),(242,1,11,69,1,5,'\"[1,\\\".\\\"]\"','Cashout',55,55,0,0,'2025-03-18 16:04:58',NULL,'Cashout from paying deposit (Room Transfer)','2025-03-18 16:04:58','2025-03-18 16:04:58'),(243,1,11,69,1,6,'\"[1,\\\".\\\"]\"','Extension',100,100,0,0,'2025-03-18 16:05:19',NULL,'Guest Extension : 6 hours','2025-03-18 16:05:17','2025-03-18 16:05:19'),(244,1,11,69,1,5,'\"[1,\\\".\\\"]\"','Cashout',100,100,0,0,'2025-03-18 16:05:19',NULL,'Cashout from paying deposit (Extension)','2025-03-18 16:05:19','2025-03-18 16:05:19'),(245,1,11,69,1,4,'\"[1,\\\".\\\"]\"','Damage Charges',200,200,0,0,'2025-03-18 16:05:47',NULL,'Guest Charged for Damage: (1) PUNDA','2025-03-18 16:05:45','2025-03-18 16:05:47'),(246,1,11,69,1,5,'\"[1,\\\".\\\"]\"','Cashout',200,200,0,0,'2025-03-18 16:05:47',NULL,'Cashout from paying deposit (Damage Charges)','2025-03-18 16:05:47','2025-03-18 16:05:47'),(247,1,11,69,1,8,'\"[1,\\\".\\\"]\"','Amenities',100,100,0,0,'2025-03-18 16:06:08',NULL,'Guest Added Amenities: (1) EXTRA PERSON WITH FREE PILLOW, BLANKET,TOWEL','2025-03-18 16:06:06','2025-03-18 16:06:08'),(248,1,11,69,1,5,'\"[1,\\\".\\\"]\"','Cashout',100,100,0,0,'2025-03-18 16:06:08',NULL,'Cashout from paying deposit (Amenities)','2025-03-18 16:06:08','2025-03-18 16:06:08'),(249,1,11,69,1,9,'\"[1,\\\".\\\"]\"','Food and Beverages',100,0,0,0,'2025-03-18 16:06:57',NULL,'Guest Added Food and Beverages: (Front Desk) (2) french fried','2025-03-18 16:06:44','2025-03-18 16:06:57'),(250,1,33,69,1,5,'\"[1,\\\".\\\"]\"','Cashout',100,100,0,0,'2025-03-18 16:06:57',NULL,'Cashout from paying all unpaid balances','2025-03-18 16:06:57','2025-03-18 16:06:57'),(251,1,32,43,1,9,'\"[1,\\\".\\\"]\"','Food and Beverages',200,0,0,0,'2025-03-18 16:11:05','2025-03-18 16:11:05','Guest Added Food and Beverages: (Front Desk) (7) C2 | Override Payable Amount: 200.00','2025-03-18 16:10:20','2025-03-18 16:11:05'),(252,1,32,43,1,9,'\"[1,\\\".\\\"]\"','Food and Beverages',300,0,0,0,'2025-03-18 16:13:37',NULL,'Guest Added Food and Beverages: (Front Desk) (6) bbcua','2025-03-18 16:11:35','2025-03-18 16:13:37'),(253,1,32,43,1,9,'\"[1,\\\".\\\"]\"','Food and Beverages',360,0,0,0,'2025-03-18 16:13:37',NULL,'Guest Added Food and Beverages: (Front Desk) (8) Pineorrange','2025-03-18 16:12:20','2025-03-18 16:13:37'),(254,1,32,43,1,9,'\"[1,\\\".\\\"]\"','Food and Beverages',450,0,0,0,'2025-03-18 16:13:37',NULL,'Guest Added Food and Beverages: (Front Desk) (10) Pineapple','2025-03-18 16:12:38','2025-03-18 16:13:37'),(255,1,32,43,1,9,'\"[1,\\\".\\\"]\"','Food and Beverages',2850,0,0,0,'2025-03-18 16:13:37',NULL,'Guest Added Food and Beverages: (Front Desk) (57) french fried','2025-03-18 16:13:01','2025-03-18 16:13:37'),(256,1,8,32,1,9,'null','Food and Beverages',300,300,0,0,'2025-03-19 09:22:23',NULL,'Guest Added Food and Beverages: (Kitchen) (1) Humba','2025-03-18 16:18:55','2025-03-19 09:22:23'),(257,1,30,53,1,6,'\"[1,\\\".\\\"]\"','Extension',100,100,0,0,'2025-03-18 16:50:07',NULL,'Guest Extension : 6 hours','2025-03-18 16:50:01','2025-03-18 16:50:07'),(258,1,8,32,1,2,'\"[1,\\\".\\\"]\"','Deposit',1000,0,0,1000,'2025-03-18 20:16:26',NULL,'Guest Deposit: save for later','2025-03-18 20:16:26','2025-03-18 20:16:26'),(259,1,8,32,1,5,'\"[1,\\\".\\\"]\"','Cashout',300,0,0,300,'2025-03-18 20:16:53',NULL,'Guest Deduction of Deposit: 300 deducted.','2025-03-18 20:16:53','2025-03-18 20:16:53'),(260,1,8,32,1,8,'\"[1,\\\".\\\"]\"','Amenities',40,40,0,0,'2025-03-19 09:22:31',NULL,'Guest Added Amenities: (2) EXTRA FITTED SHEET','2025-03-18 20:17:44','2025-03-19 09:22:31'),(261,1,8,32,1,4,'\"[1,\\\".\\\"]\"','Damage Charges',3000,0,0,0,'2025-03-19 09:22:41',NULL,'Guest Charged for Damage: (1) TANGKE SA BOWL','2025-03-18 20:18:38','2025-03-19 09:22:41'),(262,1,20,33,1,9,'null','Food and Beverages',30,0,0,0,NULL,NULL,'Guest Added Food and Beverages: (Kitchen) (3) C2 na Green','2025-03-18 20:30:53','2025-03-18 20:30:53'),(263,1,20,33,1,9,'null','Food and Beverages',30,0,0,0,NULL,NULL,'Guest Added Food and Beverages: (Kitchen) (3) C2 na Green','2025-03-18 20:31:03','2025-03-18 20:31:03'),(264,1,20,33,1,9,'null','Food and Beverages',1000,0,0,0,NULL,NULL,'Guest Added Food and Beverages: (Kitchen) (2) Chicken curry','2025-03-18 20:34:24','2025-03-18 20:34:24'),(265,1,8,32,1,9,'null','Food and Beverages',1000,0,0,0,'2025-03-19 09:22:41',NULL,'Guest Added Food and Beverages: (Kitchen) (2) Chicken curry','2025-03-19 08:18:05','2025-03-19 09:22:41'),(266,1,8,32,1,9,'null','Food and Beverages',15000,0,0,0,'2025-03-19 09:22:41',NULL,'Guest Added Food and Beverages: (Kitchen) (50) Humba','2025-03-19 08:30:30','2025-03-19 09:22:41'),(267,1,48,72,2,1,'\"[1,\\\".\\\"]\"','Guest Check In',225,500,75,0,'2025-03-19 08:41:30',NULL,'Guest Checked In at room #63','2025-03-19 08:41:30','2025-03-19 08:41:30'),(268,1,48,72,2,2,'\"[1,\\\".\\\"]\"','Deposit',200,500,75,200,'2025-03-19 08:41:30',NULL,'Deposit From Check In (Room Key & TV Remote)','2025-03-19 08:41:30','2025-03-19 08:41:30'),(269,1,144,73,4,1,'\"[1,\\\".\\\"]\"','Guest Check In',589,800,11,0,'2025-03-19 08:43:47',NULL,'Guest Checked In at room #218','2025-03-19 08:43:47','2025-03-19 08:43:47'),(270,1,144,73,4,2,'\"[1,\\\".\\\"]\"','Deposit',200,800,11,200,'2025-03-19 08:43:47',NULL,'Deposit From Check In (Room Key & TV Remote)','2025-03-19 08:43:47','2025-03-19 08:43:47'),(271,1,8,32,1,9,'null','Food and Beverages',1500,0,0,0,'2025-03-19 09:22:41',NULL,'Guest Added Food and Beverages: (Kitchen) (5) Humba','2025-03-19 08:46:30','2025-03-19 09:22:41'),(272,1,3,31,1,7,'\"[1,\\\".\\\"]\"','Room Transfer',56,0,0,0,NULL,NULL,'Guest Transfered from Room #18 ( Double size Bed) to Room #11 (Twin size Bed) - Reason: needed 2 separate beds','2025-03-19 09:19:06','2025-03-19 09:19:06'),(273,1,34,31,1,7,'\"[1,\\\".\\\"]\"','Room Transfer',0,0,0,0,NULL,NULL,'Guest Transfered from Room #11 (Twin size Bed) to Room #5 (Single size bed) - Reason: wala lang','2025-03-19 09:20:20','2025-03-19 09:20:20'),(274,1,8,32,1,5,'\"[1,\\\".\\\"]\"','Cashout',300,300,0,0,'2025-03-19 09:22:23',NULL,'Cashout from paying deposit (Food and Beverages)','2025-03-19 09:22:23','2025-03-19 09:22:23'),(275,1,8,32,1,5,'\"[1,\\\".\\\"]\"','Cashout',40,40,0,0,'2025-03-19 09:22:31',NULL,'Cashout from paying deposit (Amenities)','2025-03-19 09:22:31','2025-03-19 09:22:31'),(276,1,43,33,2,7,'\"[1,\\\".\\\"]\"','Room Transfer',0,0,0,0,NULL,NULL,'Guest Transfered from Room #28 ( Double size Bed) to Room #100 ( Double size Bed) - Reason: fddsd','2025-03-19 09:23:26','2025-03-19 09:23:26'),(277,1,34,31,1,9,'null','Food and Beverages',2000,0,0,0,NULL,NULL,'Guest Added Food and Beverages: (Kitchen) (4) Chicken curry','2025-03-19 09:32:42','2025-03-19 09:32:42'),(278,1,34,31,1,9,'null','Food and Beverages',90,0,0,0,NULL,NULL,'Guest Added Food and Beverages: (Kitchen) (6) C2 na Red','2025-03-19 09:46:08','2025-03-19 09:46:08'),(279,1,34,31,1,9,'null','Food and Beverages',30,0,0,0,NULL,NULL,'Guest Added Food and Beverages: (Kitchen) (3) C2 na Green','2025-03-19 09:47:00','2025-03-19 09:47:00'),(280,1,34,31,1,9,'null','Food and Beverages',300,0,0,0,NULL,NULL,'Guest Added Food and Beverages: (Kitchen) (3) Balbacua','2025-03-19 09:48:31','2025-03-19 09:48:31'),(281,1,43,33,2,9,'null','Food and Beverages',300,0,0,0,NULL,NULL,'Guest Added Food and Beverages: (Kitchen) (20) C2 na Red','2025-03-19 10:17:20','2025-03-19 10:17:20'),(282,1,34,31,1,9,'null','Food and Beverages',1250,0,0,0,NULL,NULL,'Guest Added Food and Beverages: (Kitchen) (50) pinya','2025-03-19 13:49:03','2025-03-19 13:49:03'),(283,1,34,31,1,9,'null','Food and Beverages',2500,0,0,0,NULL,NULL,'Guest Added Food and Beverages: (Kitchen) (100) pinya','2025-03-19 13:50:58','2025-03-19 13:50:58'),(284,1,11,74,1,1,'\"[1,\\\".\\\"]\"','Guest Check In',616,816,0,0,'2025-04-29 15:36:23',NULL,'Guest Checked In at room #2','2025-04-29 15:36:23','2025-04-29 15:36:23'),(285,1,11,74,1,2,'\"[1,\\\".\\\"]\"','Deposit',200,816,0,200,'2025-04-29 15:36:23',NULL,'Deposit From Check In (Room Key & TV Remote)','2025-04-29 15:36:23','2025-04-29 15:36:23');
/*!40000 ALTER TABLE `transactions` ENABLE KEYS */;
UNLOCK TABLES;
DROP TABLE IF EXISTS `types`;
/*!40101 SET @saved_cs_client     = @@character_set_client */;
/*!50503 SET character_set_client = utf8mb4 */;
CREATE TABLE `types` (
  `id` bigint unsigned NOT NULL AUTO_INCREMENT,
  `branch_id` bigint unsigned NOT NULL,
  `name` varchar(255) COLLATE utf8mb4_unicode_ci NOT NULL,
  `description` varchar(255) COLLATE utf8mb4_unicode_ci DEFAULT NULL,
  `created_at` timestamp NULL DEFAULT NULL,
  `updated_at` timestamp NULL DEFAULT NULL,
  PRIMARY KEY (`id`)
) ENGINE=InnoDB AUTO_INCREMENT=5 DEFAULT CHARSET=utf8mb4 COLLATE=utf8mb4_unicode_ci;
/*!40101 SET character_set_client = @saved_cs_client */;

LOCK TABLES `types` WRITE;
/*!40000 ALTER TABLE `types` DISABLE KEYS */;
INSERT INTO `types` VALUES (1,1,'Single size bed',NULL,'2024-06-10 13:43:51','2025-03-17 14:40:44'),(2,1,' Double size Bed',NULL,'2024-06-10 13:43:51','2024-06-10 13:43:51'),(3,1,'Twin size Bed',NULL,'2024-06-10 13:43:51','2024-06-10 13:43:51');
/*!40000 ALTER TABLE `types` ENABLE KEYS */;
UNLOCK TABLES;
DROP TABLE IF EXISTS `unoccupied_room_reports`;
/*!40101 SET @saved_cs_client     = @@character_set_client */;
/*!50503 SET character_set_client = utf8mb4 */;
CREATE TABLE `unoccupied_room_reports` (
  `id` bigint unsigned NOT NULL AUTO_INCREMENT,
  `branch_id` bigint unsigned NOT NULL,
  `shift` varchar(255) COLLATE utf8mb4_unicode_ci NOT NULL,
  `rooms` longtext COLLATE utf8mb4_unicode_ci NOT NULL,
  `frontdesk_id` int NOT NULL,
  `partner_name` varchar(255) COLLATE utf8mb4_unicode_ci NOT NULL,
  `created_at` timestamp NULL DEFAULT NULL,
  `updated_at` timestamp NULL DEFAULT NULL,
  PRIMARY KEY (`id`)
) ENGINE=InnoDB DEFAULT CHARSET=utf8mb4 COLLATE=utf8mb4_unicode_ci;
/*!40101 SET character_set_client = @saved_cs_client */;

LOCK TABLES `unoccupied_room_reports` WRITE;
/*!40000 ALTER TABLE `unoccupied_room_reports` DISABLE KEYS */;
/*!40000 ALTER TABLE `unoccupied_room_reports` ENABLE KEYS */;
UNLOCK TABLES;
DROP TABLE IF EXISTS `users`;
/*!40101 SET @saved_cs_client     = @@character_set_client */;
/*!50503 SET character_set_client = utf8mb4 */;
CREATE TABLE `users` (
  `id` bigint unsigned NOT NULL AUTO_INCREMENT,
  `branch_id` bigint unsigned NOT NULL,
  `name` varchar(255) COLLATE utf8mb4_unicode_ci NOT NULL,
  `email` varchar(255) COLLATE utf8mb4_unicode_ci NOT NULL,
  `email_verified_at` timestamp NULL DEFAULT NULL,
  `password` varchar(255) COLLATE utf8mb4_unicode_ci NOT NULL,
  `two_factor_secret` text COLLATE utf8mb4_unicode_ci,
  `two_factor_recovery_codes` text COLLATE utf8mb4_unicode_ci,
  `two_factor_confirmed_at` timestamp NULL DEFAULT NULL,
  `branch_name` varchar(255) COLLATE utf8mb4_unicode_ci NOT NULL,
  `remember_token` varchar(100) COLLATE utf8mb4_unicode_ci DEFAULT NULL,
  `current_team_id` bigint unsigned DEFAULT NULL,
  `roomboy_assigned_floor_id` bigint unsigned DEFAULT NULL,
  `roomboy_cleaning_room_id` bigint unsigned DEFAULT NULL,
  `profile_photo_path` varchar(2048) COLLATE utf8mb4_unicode_ci DEFAULT NULL,
  `assigned_frontdesks` json DEFAULT NULL,
  `time_in` datetime DEFAULT NULL,
  `created_at` timestamp NULL DEFAULT NULL,
  `updated_at` timestamp NULL DEFAULT NULL,
  PRIMARY KEY (`id`),
  UNIQUE KEY `users_email_unique` (`email`)
) ENGINE=InnoDB AUTO_INCREMENT=12 DEFAULT CHARSET=utf8mb4 COLLATE=utf8mb4_unicode_ci;
/*!40101 SET character_set_client = @saved_cs_client */;

LOCK TABLES `users` WRITE;
/*!40000 ALTER TABLE `users` DISABLE KEYS */;
INSERT INTO `users` VALUES (1,1,'Superadmin','superadmin@gmail.com',NULL,'$2y$10$gDmQjnmjh/zPyXGdswNBuu474e3MXhX8ul/cFVx7o07zp.tYHwz5i',NULL,NULL,NULL,'ALMA RESIDENCES GENSAN',NULL,NULL,NULL,NULL,NULL,NULL,NULL,'2024-06-10 13:43:51','2024-06-10 13:43:51'),(2,1,'Admin','admin@gmail.com',NULL,'$2y$10$gLxNCa.KQF0AFQ.hi0xtPOfUHxt.JwGnW/HEpYi77fUWxSpuGCs.C',NULL,NULL,NULL,'ALMA RESIDENCES GENSAN',NULL,NULL,NULL,NULL,NULL,NULL,NULL,'2024-06-10 13:43:51','2024-06-10 13:43:51'),(3,1,'Frontdesk','frontdesk@gmail.com',NULL,'$2y$10$BmA4XQBslftrySVB4mzKH.p2OR5k.F7BxgHS4F3aqrboqcZolQHGO',NULL,NULL,NULL,'ALMA RESIDENCES GENSAN',NULL,NULL,NULL,NULL,NULL,'\"[1,\\\".\\\"]\"','2024-06-10 13:44:50','2024-06-10 13:43:51','2024-06-10 13:44:50'),(4,1,'Kiosk','kiosk@gmail.com',NULL,'$2y$10$cocReV3D8YgM6hy04hSxne6jgDe7SNXVG/5619cwnNtZaps8lsQOO',NULL,NULL,NULL,'ALMA RESIDENCES GENSAN',NULL,NULL,NULL,NULL,NULL,NULL,NULL,'2024-06-10 13:43:51','2024-06-10 13:43:51'),(5,1,'Kitchen','kitchen@gmail.com',NULL,'$2y$10$ez25kYc7L/DcT1mosRqcg.VhZZMixjz.lS6gZSagj3Q0aiCP6rqGS',NULL,NULL,NULL,'ALMA RESIDENCES GENSAN',NULL,NULL,NULL,NULL,NULL,NULL,NULL,'2024-06-10 13:43:51','2024-06-10 13:43:51'),(6,1,'Back Office','back-office@gmail.com',NULL,'$2y$10$sJmoslVSDZRa3DIEor1CcOLepRTjTK4/32XQ9A2pPLlGLJSmb80Ue',NULL,NULL,NULL,'ALMA RESIDENCES GENSAN',NULL,NULL,NULL,NULL,NULL,NULL,NULL,'2024-06-10 13:43:51','2024-06-10 13:43:51'),(7,1,'Roomboy','roomboy@gmail.com',NULL,'$2y$10$xi7i53QDqPLmhZSiPeGBBuqAlVkqB8zUDO46MURcS05DHio4JZZ6a',NULL,NULL,NULL,'ALMA RESIDENCES GENSAN',NULL,NULL,1,48,NULL,NULL,NULL,'2024-06-10 13:43:51','2025-03-19 08:45:14'),(8,1,'PUB Kitchen','pub-kitchen@gmail.com',NULL,'$2y$10$2g8uD.McpwP0iIBOIvmZAu03LW2xhMEXD1dXRw5OhkghxDp8DeSli',NULL,NULL,NULL,'ALMA RESIDENCES GENSAN',NULL,NULL,NULL,NULL,NULL,NULL,NULL,'2024-06-10 13:43:52','2024-06-10 13:43:52'),(9,1,'Uriel Junior','roomboy1@gmail.com',NULL,'$2y$10$fkmDuSDtyUdyhEf2VUAWgumuGlf4hXzG6rSmfnwxJ4WvW0zW1hTNW',NULL,NULL,NULL,'ALMA RESIDENCES GENSAN',NULL,NULL,1,NULL,NULL,NULL,NULL,'2025-03-18 15:36:04','2025-03-19 09:26:20'),(10,1,'Roomboya','roomboy2@gmail.com',NULL,'$2y$10$04rSqcBG.jgaRKSTy4sXCe6I0cXKtoxKMVXAJPtb4qmnXuBx2I9FG',NULL,NULL,NULL,'ALMA RESIDENCES GENSAN',NULL,NULL,2,29,NULL,NULL,NULL,'2025-03-18 15:59:01','2025-03-19 08:54:08'),(11,1,'Roomy','roomboy3@gmail.com',NULL,'$2y$10$3EUvvHVDSWL40eKv1P0GSOwBnB8r.d3rRppXF67Y22ZTDFzKiwjVG',NULL,NULL,NULL,'ALMA RESIDENCES GENSAN',NULL,NULL,2,69,NULL,NULL,NULL,'2025-03-18 16:00:06','2025-03-18 19:38:53');
/*!40000 ALTER TABLE `users` ENABLE KEYS */;
UNLOCK TABLES;
/*!40103 SET TIME_ZONE=@OLD_TIME_ZONE */;

/*!40101 SET SQL_MODE=@OLD_SQL_MODE */;
/*!40014 SET FOREIGN_KEY_CHECKS=@OLD_FOREIGN_KEY_CHECKS */;
/*!40014 SET UNIQUE_CHECKS=@OLD_UNIQUE_CHECKS */;
/*!40101 SET CHARACTER_SET_CLIENT=@OLD_CHARACTER_SET_CLIENT */;
/*!40101 SET CHARACTER_SET_RESULTS=@OLD_CHARACTER_SET_RESULTS */;
/*!40101 SET COLLATION_CONNECTION=@OLD_COLLATION_CONNECTION */;
/*!40111 SET SQL_NOTES=@OLD_SQL_NOTES */;

